/*M!999999\- enable the sandbox mode */ 
-- MariaDB dump 10.19  Distrib 10.5.27-MariaDB, for Linux (x86_64)
--
-- Host: localhost    Database: library_db
-- ------------------------------------------------------
-- Server version	10.5.27-MariaDB

/*!40101 SET @OLD_CHARACTER_SET_CLIENT=@@CHARACTER_SET_CLIENT */;
/*!40101 SET @OLD_CHARACTER_SET_RESULTS=@@CHARACTER_SET_RESULTS */;
/*!40101 SET @OLD_COLLATION_CONNECTION=@@COLLATION_CONNECTION */;
/*!40101 SET NAMES utf8mb4 */;
/*!40103 SET @OLD_TIME_ZONE=@@TIME_ZONE */;
/*!40103 SET TIME_ZONE='+00:00' */;
/*!40014 SET @OLD_UNIQUE_CHECKS=@@UNIQUE_CHECKS, UNIQUE_CHECKS=0 */;
/*!40014 SET @OLD_FOREIGN_KEY_CHECKS=@@FOREIGN_KEY_CHECKS, FOREIGN_KEY_CHECKS=0 */;
/*!40101 SET @OLD_SQL_MODE=@@SQL_MODE, SQL_MODE='NO_AUTO_VALUE_ON_ZERO' */;
/*!40111 SET @OLD_SQL_NOTES=@@SQL_NOTES, SQL_NOTES=0 */;

--
-- Table structure for table `aliases`
--

DROP TABLE IF EXISTS `aliases`;
/*!40101 SET @saved_cs_client     = @@character_set_client */;
/*!40101 SET character_set_client = utf8 */;
CREATE TABLE `aliases` (
  `id` int(11) NOT NULL,
  `name` varchar(50) NOT NULL,
  `created_at` datetime NOT NULL,
  `updated_at` datetime NOT NULL,
  `author_id` int(11) NOT NULL,
  PRIMARY KEY (`id`),
  KEY `fk_aliases_authors1_idx` (`author_id`),
  CONSTRAINT `fk_aliases_authors1` FOREIGN KEY (`author_id`) REFERENCES `authors` (`id`) ON DELETE NO ACTION ON UPDATE NO ACTION
) ENGINE=InnoDB DEFAULT CHARSET=utf8 COLLATE=utf8_general_ci;
/*!40101 SET character_set_client = @saved_cs_client */;

--
-- Dumping data for table `aliases`
--

LOCK TABLES `aliases` WRITE;
/*!40000 ALTER TABLE `aliases` DISABLE KEYS */;
INSERT INTO `aliases` VALUES (1,'M. de Assis','2025-06-11 00:57:58','2025-06-11 00:57:58',1),(2,'C. Lispector','2025-06-11 00:57:58','2025-06-11 00:57:58',2),(3,'J. Amado','2025-06-11 00:57:58','2025-06-11 00:57:58',3),(4,'G. Ramos','2025-06-11 00:57:58','2025-06-11 00:57:58',4),(5,'M. Lobato','2025-06-11 00:57:58','2025-06-11 00:57:58',5),(6,'C. Drummond','2025-06-11 00:57:58','2025-06-11 00:57:58',6),(7,'C. Meireles','2025-06-11 00:57:58','2025-06-11 00:57:58',7),(8,'M. Bandeira','2025-06-11 00:57:58','2025-06-11 00:57:58',8),(9,'R. Queiroz','2025-06-11 00:57:58','2025-06-11 00:57:58',9),(10,'P. Coelho','2025-06-11 00:57:58','2025-06-11 00:57:58',10),(11,'L. Barreto','2025-06-11 00:57:58','2025-06-11 00:57:58',11),(12,'É. Veríssimo','2025-06-11 00:57:58','2025-06-11 00:57:58',12),(13,'J. C. Melo Neto','2025-06-11 00:57:58','2025-06-11 00:57:58',13),(14,'H. Hilst','2025-06-11 00:57:58','2025-06-11 00:57:58',14),(15,'R. Fonseca','2025-06-11 00:57:58','2025-06-11 00:57:58',15),(16,'L. F. Telles','2025-06-11 00:57:58','2025-06-11 00:57:58',16),(17,'M. Colasanti','2025-06-11 00:57:58','2025-06-11 00:57:58',17),(18,'N. Rodrigues','2025-06-11 00:57:58','2025-06-11 00:57:58',18),(19,'A. Dourado','2025-06-11 00:57:58','2025-06-11 00:57:58',19),(20,'C. Tezza','2025-06-11 00:57:58','2025-06-11 00:57:58',20),(21,'M. Scliar','2025-06-11 00:57:58','2025-06-11 00:57:58',21),(22,'M. Hatoum','2025-06-11 00:57:58','2025-06-11 00:57:58',22),(23,'C. Buarque','2025-06-11 00:57:58','2025-06-11 00:57:58',23),(24,'F. Sabino','2025-06-11 00:57:58','2025-06-11 00:57:58',24),(25,'L. F. Verissimo','2025-06-11 00:57:58','2025-06-11 00:57:58',25),(26,'R. Nassar','2025-06-11 00:57:58','2025-06-11 00:57:58',26),(27,'C. Evaristo','2025-06-11 00:57:58','2025-06-11 00:57:58',27),(28,'B. Carvalho','2025-06-11 00:57:58','2025-06-11 00:57:58',28),(29,'T. S. Levy','2025-06-11 00:57:58','2025-06-11 00:57:58',29),(30,'M. Aquino','2025-06-11 00:57:58','2025-06-11 00:57:58',30);
/*!40000 ALTER TABLE `aliases` ENABLE KEYS */;
UNLOCK TABLES;

--
-- Table structure for table `authors`
--

DROP TABLE IF EXISTS `authors`;
/*!40101 SET @saved_cs_client     = @@character_set_client */;
/*!40101 SET character_set_client = utf8 */;
CREATE TABLE `authors` (
  `id` int(11) NOT NULL AUTO_INCREMENT,
  `name` varchar(50) NOT NULL,
  `birthdate` date DEFAULT NULL,
  `death_date` date DEFAULT NULL,
  `nationality` varchar(20) DEFAULT NULL,
  `created_at` datetime NOT NULL,
  `updated_at` datetime NOT NULL,
  PRIMARY KEY (`id`)
) ENGINE=InnoDB AUTO_INCREMENT=31 DEFAULT CHARSET=utf8 COLLATE=utf8_general_ci;
/*!40101 SET character_set_client = @saved_cs_client */;

--
-- Dumping data for table `authors`
--

LOCK TABLES `authors` WRITE;
/*!40000 ALTER TABLE `authors` DISABLE KEYS */;
INSERT INTO `authors` VALUES (1,'Machado de Assis','1839-06-21','1908-09-29','Brasileiro','2025-06-11 00:57:58','2025-06-11 00:57:58'),(2,'Clarice Lispector','1920-12-10','1977-12-09','Brasileira','2025-06-11 00:57:58','2025-06-11 00:57:58'),(3,'Jorge Amado','1912-08-10','2001-08-06','Brasileiro','2025-06-11 00:57:58','2025-06-11 00:57:58'),(4,'Graciliano Ramos','1892-10-27','1953-03-20','Brasileiro','2025-06-11 00:57:58','2025-06-11 00:57:58'),(5,'Monteiro Lobato','1882-04-18','1948-07-04','Brasileiro','2025-06-11 00:57:58','2025-06-11 00:57:58'),(6,'Carlos Drummond','1902-10-31','1987-08-17','Brasileiro','2025-06-11 00:57:58','2025-06-11 00:57:58'),(7,'Cecília Meireles','1901-11-07','1964-11-09','Brasileira','2025-06-11 00:57:58','2025-06-11 00:57:58'),(8,'Manuel Bandeira','1886-04-19','1968-10-13','Brasileiro','2025-06-11 00:57:58','2025-06-11 00:57:58'),(9,'Rachel de Queiroz','1910-11-17','2003-11-04','Brasileira','2025-06-11 00:57:58','2025-06-11 00:57:58'),(10,'Paulo Coelho','1947-08-24',NULL,'Brasileiro','2025-06-11 00:57:58','2025-06-11 00:57:58'),(11,'Lima Barreto','1881-05-13','1922-11-01','Brasileiro','2025-06-11 00:57:58','2025-06-11 00:57:58'),(12,'Érico Veríssimo','1905-12-17','1975-11-28','Brasileiro','2025-06-11 00:57:58','2025-06-11 00:57:58'),(13,'João Cabral de Melo Neto','1920-01-06','1999-10-09','Brasileiro','2025-06-11 00:57:58','2025-06-11 00:57:58'),(14,'Hilda Hilst','1930-04-21','2004-02-04','Brasileira','2025-06-11 00:57:58','2025-06-11 00:57:58'),(15,'Rubem Fonseca','1925-05-11','2020-04-15','Brasileiro','2025-06-11 00:57:58','2025-06-11 00:57:58'),(16,'Lygia Fagundes Telles','1923-04-19','2022-04-03','Brasileira','2025-06-11 00:57:58','2025-06-11 00:57:58'),(17,'Marina Colasanti','1937-09-26',NULL,'Brasileira','2025-06-11 00:57:58','2025-06-11 00:57:58'),(18,'Nelson Rodrigues','1912-08-23','1980-12-21','Brasileiro','2025-06-11 00:57:58','2025-06-11 00:57:58'),(19,'Autran Dourado','1926-01-18','2012-09-30','Brasileiro','2025-06-11 00:57:58','2025-06-11 00:57:58'),(20,'Cristovão Tezza','1952-08-21',NULL,'Brasileiro','2025-06-11 00:57:58','2025-06-11 00:57:58'),(21,'Moacyr Scliar','1937-03-23','2011-02-27','Brasileiro','2025-06-11 00:57:58','2025-06-11 00:57:58'),(22,'Milton Hatoum','1952-08-19',NULL,'Brasileiro','2025-06-11 00:57:58','2025-06-11 00:57:58'),(23,'Chico Buarque','1944-06-19',NULL,'Brasileiro','2025-06-11 00:57:58','2025-06-11 00:57:58'),(24,'Fernando Sabino','1923-10-12','2004-10-11','Brasileiro','2025-06-11 00:57:58','2025-06-11 00:57:58'),(25,'Luis Fernando Verissimo','1936-09-26',NULL,'Brasileiro','2025-06-11 00:57:58','2025-06-11 00:57:58'),(26,'Raduan Nassar','1935-11-27',NULL,'Brasileiro','2025-06-11 00:57:58','2025-06-11 00:57:58'),(27,'Conceição Evaristo','1946-11-29',NULL,'Brasileira','2025-06-11 00:57:58','2025-06-11 00:57:58'),(28,'Bernardo Carvalho','1960-07-03',NULL,'Brasileiro','2025-06-11 00:57:58','2025-06-11 00:57:58'),(29,'Tatiana Salem Levy','1979-01-24',NULL,'Brasileira','2025-06-11 00:57:58','2025-06-11 00:57:58'),(30,'Marçal Aquino','1958-03-15',NULL,'Brasileiro','2025-06-11 00:57:58','2025-06-11 00:57:58');
/*!40000 ALTER TABLE `authors` ENABLE KEYS */;
UNLOCK TABLES;

--
-- Table structure for table `clients`
--

DROP TABLE IF EXISTS `clients`;
/*!40101 SET @saved_cs_client     = @@character_set_client */;
/*!40101 SET character_set_client = utf8 */;
CREATE TABLE `clients` (
  `id` int(11) NOT NULL AUTO_INCREMENT,
  `name` varchar(50) NOT NULL,
  `cpf` char(11) NOT NULL,
  `email` varchar(100) NOT NULL,
  `phone` char(11) NOT NULL,
  `cep` varchar(10) NOT NULL,
  `street` varchar(75) DEFAULT NULL,
  `number` int(11) DEFAULT NULL,
  `complement` varchar(20) DEFAULT NULL,
  `birthdate` date DEFAULT NULL,
  `status` enum('inadimplente','bloqueado','suspenso','ok') NOT NULL,
  `created_at` datetime NOT NULL,
  `updated_at` datetime NOT NULL,
  PRIMARY KEY (`id`)
) ENGINE=InnoDB AUTO_INCREMENT=313 DEFAULT CHARSET=utf8 COLLATE=utf8_general_ci;
/*!40101 SET character_set_client = @saved_cs_client */;

--
-- Dumping data for table `clients`
--

LOCK TABLES `clients` WRITE;
/*!40000 ALTER TABLE `clients` DISABLE KEYS */;
INSERT INTO `clients` VALUES (1,'Ana Souza','12345678901','ana.souza@email.com','11987654321','12345678','Rua A',101,'Apto 101','1985-05-10','ok','2025-06-11 00:57:58','2025-06-11 00:57:58'),(2,'Carlos Silva','23456789012','carlos.silva@email.com','11976543210','23456789','Rua B',102,'Apto 102','1990-06-15','inadimplente','2025-06-11 00:57:58','2025-06-11 00:57:58'),(3,'Fernanda Lima','34567890123','fernanda.lima@email.com','11965432109','34567890','Rua C',103,'Apto 103','1982-07-20','bloqueado','2025-06-11 00:57:58','2025-06-11 00:57:58'),(4,'Gustavo Pereira','45678901234','gustavo.pereira@email.com','11954321098','45678901','Rua D',104,'Apto 104','1995-08-25','suspenso','2025-06-11 00:57:58','2025-06-11 00:57:58'),(5,'Juliana Costa','56789012345','juliana.costa@email.com','11943210987','56789012','Rua E',105,'Apto 105','1988-09-30','ok','2025-06-11 00:57:58','2025-06-11 00:57:58'),(6,'Lucas Oliveira','67890123456','lucas.oliveira@email.com','11932109876','67890123','Rua F',106,'Apto 106','1992-10-05','ok','2025-06-11 00:57:58','2025-06-11 00:57:58'),(7,'Mariana Rocha','78901234567','mariana.rocha@email.com','11921098765','78901234','Rua G',107,'Apto 107','1994-11-10','bloqueado','2025-06-11 00:57:58','2025-06-11 00:57:58'),(8,'Paulo Martins','89012345678','paulo.martins@email.com','11910987654','89012345','Rua H',108,'Apto 108','1980-12-15','suspenso','2025-06-11 00:57:58','2025-06-11 00:57:58'),(9,'Roberta Almeida','90123456789','roberta.almeida@email.com','11909876543','90123456','Rua I',109,'Apto 109','1986-01-20','inadimplente','2025-06-11 00:57:58','2025-06-11 00:57:58'),(10,'Tiago Santos','01234567890','tiago.santos@email.com','11998765432','01234567','Rua J',110,'Apto 110','1998-02-25','ok','2025-06-11 00:57:58','2025-06-11 00:57:58'),(11,'Beatriz Almeida','11223344556','beatriz.almeida@email.com','11987651234','11223344','Rua K',111,'Apto 111','1987-03-12','ok','2025-06-11 00:57:58','2025-06-11 00:57:58'),(12,'Diego Fernandes','22334455667','diego.fernandes@email.com','11976542345','22334455','Rua L',112,'Apto 112','1991-04-22','inadimplente','2025-06-11 00:57:58','2025-06-11 00:57:58'),(13,'Elisa Moreira','33445566778','elisa.moreira@email.com','11965433456','33445566','Rua M',113,'Apto 113','1984-05-30','bloqueado','2025-06-11 00:57:58','2025-06-11 00:57:58'),(14,'Felipe Barros','44556677889','felipe.barros@email.com','11954324567','44556677','Rua N',114,'Apto 114','1993-06-18','suspenso','2025-06-11 00:57:58','2025-06-11 00:57:58'),(15,'Gabriela Mendes','55667788990','gabriela.mendes@email.com','11943215678','55667788','Rua O',115,'Apto 115','1989-07-25','ok','2025-06-11 00:57:58','2025-06-11 00:57:58'),(16,'Henrique Dias','66778899001','henrique.dias@email.com','11932106789','66778899','Rua P',116,'Apto 116','1990-08-11','ok','2025-06-11 00:57:58','2025-06-11 00:57:58'),(17,'Isabela Cardoso','77889900112','isabela.cardoso@email.com','11921097890','77889900','Rua Q',117,'Apto 117','1983-09-05','bloqueado','2025-06-11 00:57:58','2025-06-11 00:57:58'),(18,'João Victor','88990011223','joao.victor@email.com','11910988901','88990011','Rua R',118,'Apto 118','1996-10-16','suspenso','2025-06-11 00:57:58','2025-06-11 00:57:58'),(19,'Karla Nunes','99001122334','karla.nunes@email.com','11909879012','99001122','Rua S',119,'Apto 119','1985-11-29','inadimplente','2025-06-11 00:57:58','2025-06-11 00:57:58'),(20,'Leonardo Tavares','10112233445','leonardo.tavares@email.com','11998760123','10112233','Rua T',120,'Apto 120','1992-12-07','ok','2025-06-11 00:57:58','2025-06-11 00:57:58'),(21,'Marina Farias','11223344557','marina.farias@email.com','11987651235','11223345','Rua U',121,'Apto 121','1986-01-15','ok','2025-06-11 00:57:58','2025-06-11 00:57:58'),(22,'Nicolas Souza','22334455668','nicolas.souza@email.com','11976542346','22334456','Rua V',122,'Apto 122','1994-02-20','inadimplente','2025-06-11 00:57:58','2025-06-11 00:57:58'),(23,'Olivia Ramos','33445566779','olivia.ramos@email.com','11965433457','33445567','Rua W',123,'Apto 123','1987-03-28','bloqueado','2025-06-11 00:57:58','2025-06-11 00:57:58'),(24,'Paulo Henrique','44556677890','paulo.henrique@email.com','11954324568','44556678','Rua X',124,'Apto 124','1990-04-17','suspenso','2025-06-11 00:57:58','2025-06-11 00:57:58'),(25,'Queila Barbosa','55667788901','queila.barbosa@email.com','11943215679','55667789','Rua Y',125,'Apto 125','1988-05-22','ok','2025-06-11 00:57:58','2025-06-11 00:57:58'),(26,'Rafael Gomes','66778899012','rafael.gomes@email.com','11932106780','66778890','Rua Z',126,'Apto 126','1991-06-13','ok','2025-06-11 00:57:58','2025-06-11 00:57:58'),(27,'Sofia Pereira','77889900123','sofia.pereira@email.com','11921097891','77889901','Rua AA',127,'Apto 127','1983-07-04','bloqueado','2025-06-11 00:57:58','2025-06-11 00:57:58'),(28,'Thiago Carvalho','88990011234','thiago.carvalho@email.com','11910988902','88990012','Rua AB',128,'Apto 128','1995-08-29','suspenso','2025-06-11 00:57:58','2025-06-11 00:57:58'),(29,'Valéria Lima','99001122345','valeria.lima@email.com','11909879013','99001123','Rua AC',129,'Apto 129','1984-09-19','inadimplente','2025-06-11 00:57:58','2025-06-11 00:57:58'),(30,'Wesley Santos','10112233456','wesley.santos@email.com','11998760124','10112234','Rua AD',130,'Apto 130','1993-10-23','ok','2025-06-11 00:57:58','2025-06-11 00:57:58'),(31,'Juliana da Mota','87158991205','juliana.da.mota8129@email.com','55849697109','41819460','Rua Azevedo',123,'Apto 153','1973-07-13','ok','2025-06-11 00:57:58','2025-06-11 00:57:58'),(32,'Dra. Maria Clara da Paz','39638790935','dra..maria.clara.da.paz4385@email.com','55719116875','77758898','Rua Neves',104,'Apto 112','1966-08-16','suspenso','2025-06-11 00:57:58','2025-06-11 00:57:58'),(33,'Juan Mendes','23782379397','juan.mendes1111@email.com','55119445345','50226800','Rua Aragão',105,'Apto 189','1981-07-18','suspenso','2025-06-11 00:57:58','2025-06-11 00:57:58'),(34,'Carlos Eduardo Barbosa','22434071358','carlos.eduardo.barbosa7318@email.com','55719695753','92370008','Rua Cardoso',116,'Apto 147','1974-01-10','bloqueado','2025-06-11 00:57:58','2025-06-11 00:57:58'),(35,'Sr. Renan Cardoso','75578028605','sr..renan.cardoso2668@email.com','55119912180','66123713','Rua Neves',183,'Apto 198','1954-05-29','inadimplente','2025-06-11 00:57:58','2025-06-11 00:57:58'),(36,'Nina da Cunha','09236890647','nina.da.cunha6916@email.com','55319188268','38864660','Rua Aragão',193,'Apto 126','2000-03-19','ok','2025-06-11 00:57:58','2025-06-11 00:57:58'),(37,'Ana Luiza da Paz','60730194912','ana.luiza.da.paz4099@email.com','55519771684','69738805','Rua Costela',125,'Apto 168','2002-06-04','suspenso','2025-06-11 00:57:58','2025-06-11 00:57:58'),(38,'Dra. Maria Luiza da Cunha','79109844586','dra..maria.luiza.da.cunha6969@email.com','55519856477','31238898','Rua Silva',163,'Apto 121','1972-04-16','suspenso','2025-06-11 00:57:58','2025-06-11 00:57:58'),(39,'Ana Carolina Carvalho','32801832061','ana.carolina.carvalho282@email.com','55619862638','16050144','Rua Nascimento',107,'Apto 106','1969-07-09','ok','2025-06-11 00:57:58','2025-06-11 00:57:58'),(40,'Helena Cardoso','83541846995','helena.cardoso3105@email.com','55719125882','56941216','Rua Melo',154,'Apto 158','1989-01-11','ok','2025-06-11 00:57:58','2025-06-11 00:57:58'),(41,'Breno Castro','39731572676','breno.castro8617@email.com','55719414425','75858602','Rua Ferreira',155,'Apto 200','1975-05-07','inadimplente','2025-06-11 00:57:58','2025-06-11 00:57:58'),(42,'Enzo da Conceição','13418713032','enzo.da.conceição7603@email.com','55619461575','50962914','Rua Souza',119,'Apto 117','1954-05-31','inadimplente','2025-06-11 00:57:58','2025-06-11 00:57:58'),(43,'Levi da Costa','93728804462','levi.da.costa5719@email.com','55219495330','09552306','Rua Farias',199,'Apto 133','1958-11-07','ok','2025-06-11 00:57:58','2025-06-11 00:57:58'),(44,'Pietro Carvalho','86755077500','pietro.carvalho36@email.com','55419148518','85781973','Rua Costela',195,'Apto 153','1986-09-07','suspenso','2025-06-11 00:57:58','2025-06-11 00:57:58'),(45,'Dra. Beatriz da Costa','20637963763','dra..beatriz.da.costa2992@email.com','55849369988','27922088','Rua Costela',154,'Apto 189','1990-05-28','inadimplente','2025-06-11 00:57:58','2025-06-11 00:57:58'),(46,'Francisco Carvalho','18964912041','francisco.carvalho2335@email.com','55819362129','43300628','Rua Nunes',103,'Apto 154','1960-05-04','bloqueado','2025-06-11 00:57:58','2025-06-11 00:57:58'),(47,'Ana Vitória Dias','44133511803','ana.vitória.dias9675@email.com','55719095406','45930991','Rua Rocha',131,'Apto 176','1970-07-11','ok','2025-06-11 00:57:58','2025-06-11 00:57:58'),(48,'Helena da Rosa','94258800592','helena.da.rosa4830@email.com','55219161640','85593089','Rua Nogueira',101,'Apto 123','1955-05-15','inadimplente','2025-06-11 00:57:58','2025-06-11 00:57:58'),(49,'Srta. Bianca Pinto','78010291430','srta..bianca.pinto5320@email.com','55619923429','59718163','Rua Silveira',139,'Apto 132','1983-10-25','suspenso','2025-06-11 00:57:58','2025-06-11 00:57:58'),(50,'Melissa Cardoso','12447090506','melissa.cardoso7555@email.com','55849847465','14565069','Rua Silveira',179,'Apto 133','1970-12-09','suspenso','2025-06-11 00:57:58','2025-06-11 00:57:58'),(51,'Lavínia Correia','28888603436','lavínia.correia4487@email.com','55819895010','77172889','Rua Silva',132,'Apto 101','1967-04-28','suspenso','2025-06-11 00:57:58','2025-06-11 00:57:58'),(52,'Lara Porto','66697574508','lara.porto5010@email.com','55219131648','20462410','Rua Rodrigues',121,'Apto 198','1986-08-17','suspenso','2025-06-11 00:57:58','2025-06-11 00:57:58'),(53,'Dr. Antônio Azevedo','51836100061','dr..antônio.azevedo259@email.com','55419116430','69101186','Rua Barros',186,'Apto 136','1977-02-26','ok','2025-06-11 00:57:58','2025-06-11 00:57:58'),(54,'Sophie Mendes','07083714380','sophie.mendes7204@email.com','55419009161','20176347','Rua Ferreira',130,'Apto 129','1957-01-22','bloqueado','2025-06-11 00:57:58','2025-06-11 00:57:58'),(55,'Catarina Ferreira','67617483284','catarina.ferreira5400@email.com','55119520869','00282104','Rua Martins',127,'Apto 184','1996-02-25','inadimplente','2025-06-11 00:57:58','2025-06-11 00:57:58'),(56,'Augusto Monteiro','14405908988','augusto.monteiro4807@email.com','55219282400','62805693','Rua Mota',180,'Apto 200','2005-02-26','inadimplente','2025-06-11 00:57:58','2025-06-11 00:57:58'),(57,'Sr. Yago Rocha','30914767018','sr..yago.rocha3982@email.com','55419571567','87614822','Rua Nunes',191,'Apto 140','1979-07-18','suspenso','2025-06-11 00:57:58','2025-06-11 00:57:58'),(58,'João Correia','05562746799','joão.correia6467@email.com','55119632535','94152815','Rua Cardoso',137,'Apto 129','1974-09-01','suspenso','2025-06-11 00:57:58','2025-06-11 00:57:58'),(59,'Marcela Duarte','25568095918','marcela.duarte712@email.com','55319725477','05396271','Rua Nunes',173,'Apto 138','1995-05-24','inadimplente','2025-06-11 00:57:58','2025-06-11 00:57:58'),(60,'Larissa Sales','87645164447','larissa.sales9699@email.com','55849960903','06891868','Rua Caldeira',171,'Apto 195','2001-12-01','suspenso','2025-06-11 00:57:58','2025-06-11 00:57:58'),(61,'Otávio Aragão','96294992350','otávio.aragão7322@email.com','55619386856','75870526','Rua Carvalho',112,'Apto 100','1990-09-17','bloqueado','2025-06-11 00:57:58','2025-06-11 00:57:58'),(62,'Sra. Giovanna Moura','72440327469','sra..giovanna.moura7286@email.com','55819843919','01437110','Rua Cavalcanti',161,'Apto 149','1995-11-07','inadimplente','2025-06-11 00:57:58','2025-06-11 00:57:58'),(63,'Dr. Enzo Gabriel Barbosa','80344429565','dr..enzo.gabriel.barbosa5774@email.com','55819725327','31389485','Rua Costa',177,'Apto 130','1991-07-12','suspenso','2025-06-11 00:57:58','2025-06-11 00:57:58'),(64,'Raquel Silva','11745055845','raquel.silva7733@email.com','55819002538','19142243','Rua Silva',135,'Apto 102','1977-03-12','inadimplente','2025-06-11 00:57:58','2025-06-11 00:57:58'),(65,'Davi Luiz Cardoso','84038329937','davi.luiz.cardoso9083@email.com','55849867074','69391983','Rua Rosa',155,'Apto 183','2002-04-16','ok','2025-06-11 00:57:58','2025-06-11 00:57:58'),(66,'Emanuelly Araújo','09500769840','emanuelly.araújo1889@email.com','55849179701','38283327','Rua Moraes',170,'Apto 107','1956-10-14','suspenso','2025-06-11 00:57:58','2025-06-11 00:57:58'),(67,'Pietro Monteiro','21180495499','pietro.monteiro1435@email.com','55519401076','75319118','Rua Teixeira',171,'Apto 151','1994-07-01','inadimplente','2025-06-11 00:57:58','2025-06-11 00:57:58'),(68,'Rafaela Peixoto','81897521006','rafaela.peixoto5621@email.com','55719940157','03832277','Rua Costela',154,'Apto 102','2000-08-10','ok','2025-06-11 00:57:58','2025-06-11 00:57:58'),(69,'Breno da Mota','53060997709','breno.da.mota9097@email.com','55619251054','99258830','Rua Pereira',193,'Apto 188','1993-10-10','suspenso','2025-06-11 00:57:58','2025-06-11 00:57:58'),(70,'Emilly Fogaça','02664234523','emilly.fogaça3266@email.com','55619224449','31658893','Rua Fernandes',190,'Apto 165','1964-07-26','suspenso','2025-06-11 00:57:58','2025-06-11 00:57:58'),(71,'Eduardo Alves','63152532308','eduardo.alves789@email.com','55819464572','44729340','Rua Paz',193,'Apto 186','1996-02-24','inadimplente','2025-06-11 00:57:58','2025-06-11 00:57:58'),(72,'Heitor da Rosa','74515410003','heitor.da.rosa2648@email.com','55519016125','24929148','Rua Pinto',158,'Apto 181','1957-11-28','suspenso','2025-06-11 00:57:58','2025-06-11 00:57:58'),(73,'Luiz Henrique Fogaça','02326277938','luiz.henrique.fogaça4818@email.com','55319487705','05949578','Rua Mata',155,'Apto 139','1979-05-21','ok','2025-06-11 00:57:58','2025-06-11 00:57:58'),(74,'Heloísa Costela','85621183738','heloísa.costela6879@email.com','55119737103','33284780','Rua Moraes',137,'Apto 191','1989-11-24','suspenso','2025-06-11 00:57:58','2025-06-11 00:57:58'),(75,'Luiz Miguel Oliveira','56369501917','luiz.miguel.oliveira605@email.com','55619424411','71980517','Rua Mendes',146,'Apto 189','1990-06-15','bloqueado','2025-06-11 00:57:58','2025-06-11 00:57:58'),(76,'Sr. João Ramos','86351221355','sr..joão.ramos988@email.com','55319611114','65708338','Rua Cardoso',186,'Apto 101','1956-01-26','inadimplente','2025-06-11 00:57:58','2025-06-11 00:57:58'),(77,'Benjamin Ribeiro','07686656025','benjamin.ribeiro6719@email.com','55519820505','89043164','Rua Campos',125,'Apto 121','1994-12-14','inadimplente','2025-06-11 00:57:58','2025-06-11 00:57:58'),(78,'Joana Moreira','05976693712','joana.moreira1670@email.com','55319198287','69649020','Rua Porto',193,'Apto 130','1981-05-17','bloqueado','2025-06-11 00:57:58','2025-06-11 00:57:58'),(79,'Ian Almeida','32228264714','ian.almeida6365@email.com','55519399119','26926216','Rua Campos',174,'Apto 130','1997-10-26','ok','2025-06-11 00:57:58','2025-06-11 00:57:58'),(80,'Davi Luiz Farias','10288091419','davi.luiz.farias4303@email.com','55619883497','07071964','Rua Nogueira',163,'Apto 139','1997-05-11','bloqueado','2025-06-11 00:57:58','2025-06-11 00:57:58'),(81,'Beatriz Lopes','51648174189','beatriz.lopes4826@email.com','55119720286','73997795','Rua Costela',193,'Apto 136','1967-07-07','ok','2025-06-11 00:57:58','2025-06-11 00:57:58'),(82,'Luiz Miguel Teixeira','72266195319','luiz.miguel.teixeira2449@email.com','55719934659','04930464','Rua Alves',189,'Apto 126','1959-07-25','suspenso','2025-06-11 00:57:58','2025-06-11 00:57:58'),(83,'Yasmin Fernandes','47285216754','yasmin.fernandes6807@email.com','55849171098','88739208','Rua Alves',116,'Apto 200','1981-01-15','bloqueado','2025-06-11 00:57:58','2025-06-11 00:57:58'),(84,'Thomas Castro','64010156770','thomas.castro5902@email.com','55119331465','91226013','Rua Mendes',177,'Apto 200','1994-08-10','ok','2025-06-11 00:57:58','2025-06-11 00:57:58'),(85,'Larissa Nunes','95614690936','larissa.nunes243@email.com','55519346544','28329992','Rua Martins',145,'Apto 199','1985-09-09','inadimplente','2025-06-11 00:57:58','2025-06-11 00:57:58'),(86,'Sophia Ferreira','45319195149','sophia.ferreira4856@email.com','55419994588','33377611','Rua Carvalho',130,'Apto 149','1955-01-31','ok','2025-06-11 00:57:58','2025-06-11 00:57:58'),(87,'André da Costa','06920053926','andré.da.costa6365@email.com','55519651765','22912724','Rua Freitas',119,'Apto 110','1966-02-20','suspenso','2025-06-11 00:57:58','2025-06-11 00:57:58'),(88,'Sra. Alice da Conceição','40212153469','sra..alice.da.conceição4848@email.com','55519530907','77534933','Rua Araújo',101,'Apto 198','1995-04-19','inadimplente','2025-06-11 00:57:58','2025-06-11 00:57:58'),(89,'Ana Julia Silveira','22946785689','ana.julia.silveira8622@email.com','55219399035','90912070','Rua Ramos',135,'Apto 161','1968-04-10','suspenso','2025-06-11 00:57:58','2025-06-11 00:57:58'),(90,'Lucas Gabriel Moura','85916208107','lucas.gabriel.moura7637@email.com','55619646506','83483027','Rua Rocha',196,'Apto 191','1995-01-05','bloqueado','2025-06-11 00:57:58','2025-06-11 00:57:58'),(91,'Sr. Caio Dias','10912686730','sr..caio.dias1589@email.com','55849678926','39950528','Rua Alves',135,'Apto 169','2001-05-30','ok','2025-06-11 00:57:58','2025-06-11 00:57:58'),(92,'Ana Julia Campos','32782490890','ana.julia.campos437@email.com','55419413847','21245397','Rua Nogueira',172,'Apto 167','1966-08-10','inadimplente','2025-06-11 00:57:58','2025-06-11 00:57:58'),(93,'Dr. João Felipe Ferreira','71259784712','dr..joão.felipe.ferreira5572@email.com','55319885142','20150589','Rua Araújo',169,'Apto 167','1988-02-25','suspenso','2025-06-11 00:57:58','2025-06-11 00:57:58'),(94,'Enrico Novaes','88896872920','enrico.novaes6063@email.com','55319695137','14570982','Rua Duarte',111,'Apto 152','1982-03-29','inadimplente','2025-06-11 00:57:58','2025-06-11 00:57:58'),(95,'Milena Pires','50630280384','milena.pires9390@email.com','55419101651','47758882','Rua Rocha',154,'Apto 189','1968-09-08','inadimplente','2025-06-11 00:57:58','2025-06-11 00:57:58'),(96,'Lívia Moraes','13989590750','lívia.moraes6540@email.com','55719932159','00653138','Rua Novaes',161,'Apto 122','1992-03-15','ok','2025-06-11 00:57:58','2025-06-11 00:57:58'),(97,'Dra. Julia da Conceição','38629362082','dra..julia.da.conceição1860@email.com','55719664765','87951791','Rua Fogaça',133,'Apto 160','1974-08-09','inadimplente','2025-06-11 00:57:58','2025-06-11 00:57:58'),(98,'Heloísa Monteiro','94166275038','heloísa.monteiro6914@email.com','55519044133','36814073','Rua Lopes',130,'Apto 124','1991-12-30','bloqueado','2025-06-11 00:57:58','2025-06-11 00:57:58'),(99,'Camila Rocha','38808042905','camila.rocha507@email.com','55319036173','44132527','Rua Pinto',150,'Apto 170','1961-08-27','suspenso','2025-06-11 00:57:58','2025-06-11 00:57:58'),(100,'Maysa Dias','93000006741','maysa.dias3456@email.com','55519219938','22844511','Rua Ramos',136,'Apto 153','2003-08-20','suspenso','2025-06-11 00:57:58','2025-06-11 00:57:58'),(101,'Daniel da Cruz','51463404856','daniel.da.cruz2956@email.com','55119155092','96685823','Rua Barbosa',137,'Apto 179','1955-07-15','suspenso','2025-06-11 00:57:58','2025-06-11 00:57:58'),(102,'Sra. Luiza Cardoso','45293142302','sra..luiza.cardoso2016@email.com','55419765953','30260668','Rua Cardoso',113,'Apto 132','1959-04-01','bloqueado','2025-06-11 00:57:58','2025-06-11 00:57:58'),(103,'Sophia Barbosa','37685358693','sophia.barbosa9929@email.com','55119718870','90278610','Rua Rosa',155,'Apto 177','1960-03-22','bloqueado','2025-06-11 00:57:58','2025-06-11 00:57:58'),(104,'Vitor Hugo da Cruz','24643206532','vitor.hugo.da.cruz2693@email.com','55119912101','33211253','Rua Pires',129,'Apto 148','1961-08-19','bloqueado','2025-06-11 00:57:58','2025-06-11 00:57:58'),(105,'Alice da Luz','58727173491','alice.da.luz252@email.com','55319795949','15569743','Rua Rodrigues',198,'Apto 179','1992-10-23','inadimplente','2025-06-11 00:57:58','2025-06-11 00:57:58'),(106,'Juliana Lopes','53137602969','juliana.lopes2870@email.com','55419388690','92023474','Rua Fogaça',157,'Apto 116','1996-07-15','bloqueado','2025-06-11 00:57:58','2025-06-11 00:57:58'),(107,'Davi Lucca Nunes','74885587308','davi.lucca.nunes618@email.com','55719041235','86361403','Rua Rezende',196,'Apto 121','1979-11-25','inadimplente','2025-06-11 00:57:58','2025-06-11 00:57:58'),(108,'João Miguel Nogueira','61470672836','joão.miguel.nogueira6515@email.com','55219019581','82124787','Rua Rocha',164,'Apto 130','1992-10-20','ok','2025-06-11 00:57:58','2025-06-11 00:57:58'),(109,'Lorena Rocha','85081559467','lorena.rocha5331@email.com','55719263916','96473734','Rua Porto',174,'Apto 102','1985-01-07','inadimplente','2025-06-11 00:57:58','2025-06-11 00:57:58'),(110,'Ana Júlia Lopes','71102814535','ana.júlia.lopes5806@email.com','55319084071','08507450','Rua Mendes',134,'Apto 180','1982-09-17','suspenso','2025-06-11 00:57:58','2025-06-11 00:57:58'),(111,'Breno Viana','61677594940','breno.viana9230@email.com','55519653066','76661330','Rua Paz',186,'Apto 163','1968-11-26','ok','2025-06-11 00:57:58','2025-06-11 00:57:58'),(112,'Laís Costela','78457445692','laís.costela9117@email.com','55419240989','37553022','Rua Fernandes',170,'Apto 144','1997-04-27','inadimplente','2025-06-11 00:57:58','2025-06-11 00:57:58'),(113,'Fernanda Peixoto','87697365368','fernanda.peixoto890@email.com','55849511036','42831528','Rua Caldeira',141,'Apto 185','1983-04-10','ok','2025-06-11 00:57:58','2025-06-11 00:57:58'),(114,'Luiz Fernando Peixoto','66148803137','luiz.fernando.peixoto7139@email.com','55219069710','55106806','Rua Nogueira',188,'Apto 112','1967-02-09','ok','2025-06-11 00:57:58','2025-06-11 00:57:58'),(115,'Ana Lívia da Paz','45426920178','ana.lívia.da.paz3251@email.com','55849173850','18754344','Rua Teixeira',180,'Apto 112','1960-12-06','inadimplente','2025-06-11 00:57:58','2025-06-11 00:57:58'),(116,'Evelyn Aragão','81878905922','evelyn.aragão408@email.com','55319610436','94737835','Rua Melo',149,'Apto 112','1998-06-22','inadimplente','2025-06-11 00:57:58','2025-06-11 00:57:58'),(117,'Marcos Vinicius Ribeiro','98913494444','marcos.vinicius.ribeiro1259@email.com','55519720516','11414532','Rua Fernandes',178,'Apto 145','2001-03-07','inadimplente','2025-06-11 00:57:58','2025-06-11 00:57:58'),(118,'Vitor Cavalcanti','28960133110','vitor.cavalcanti2670@email.com','55849869104','36606446','Rua Cavalcanti',194,'Apto 127','1975-06-10','suspenso','2025-06-11 00:57:58','2025-06-11 00:57:58'),(119,'Alícia Fernandes','41677875095','alícia.fernandes4576@email.com','55619833141','48326256','Rua Neves',143,'Apto 102','1956-09-02','bloqueado','2025-06-11 00:57:58','2025-06-11 00:57:58'),(120,'Sr. Thiago Ferreira','86778826521','sr..thiago.ferreira1885@email.com','55119554546','06744868','Rua Costela',103,'Apto 108','1995-08-24','suspenso','2025-06-11 00:57:58','2025-06-11 00:57:58'),(121,'Agatha Sales','20948915571','agatha.sales967@email.com','55819278929','58150210','Rua Almeida',109,'Apto 177','1978-07-18','inadimplente','2025-06-11 00:57:58','2025-06-11 00:57:58'),(122,'Igor Jesus','13631444764','igor.jesus5181@email.com','55319256623','84372491','Rua Mendes',140,'Apto 152','1965-08-16','suspenso','2025-06-11 00:57:58','2025-06-11 00:57:58'),(123,'Clarice Moura','62017097706','clarice.moura6694@email.com','55619160233','19231807','Rua Cardoso',190,'Apto 180','1963-07-13','suspenso','2025-06-11 00:57:58','2025-06-11 00:57:58'),(124,'Luigi Ferreira','51625860236','luigi.ferreira8465@email.com','55519689614','24822685','Rua Pereira',113,'Apto 176','2003-11-12','ok','2025-06-11 00:57:58','2025-06-11 00:57:58'),(125,'Calebe Barbosa','10903983297','calebe.barbosa2291@email.com','55419200623','86986369','Rua Moura',161,'Apto 177','1965-12-06','inadimplente','2025-06-11 00:57:58','2025-06-11 00:57:58'),(126,'Juliana Fernandes','57668784933','juliana.fernandes8498@email.com','55719694394','97447883','Rua Nascimento',178,'Apto 182','2003-06-18','suspenso','2025-06-11 00:57:58','2025-06-11 00:57:58'),(127,'Diego da Costa','09921456926','diego.da.costa7544@email.com','55719720952','77982222','Rua Nogueira',163,'Apto 127','1968-06-27','suspenso','2025-06-11 00:57:58','2025-06-11 00:57:58'),(128,'Sr. Rodrigo Lopes','20488417064','sr..rodrigo.lopes2901@email.com','55519906609','07626776','Rua Pires',141,'Apto 113','1999-06-21','bloqueado','2025-06-11 00:57:58','2025-06-11 00:57:58'),(129,'Alana Dias','76256875304','alana.dias7114@email.com','55419479911','83784960','Rua Conceição',109,'Apto 128','1987-01-12','bloqueado','2025-06-11 00:57:58','2025-06-11 00:57:58'),(130,'Gabriela Moraes','00742444744','gabriela.moraes1569@email.com','55219106227','11444231','Rua Nogueira',102,'Apto 146','1978-08-19','inadimplente','2025-06-11 00:57:58','2025-06-11 00:57:58'),(131,'Marcela Moura','66447652423','marcela.moura3213@email.com','55719981707','45278792','Rua Moura',185,'Apto 141','1978-01-10','ok','2025-06-11 00:57:58','2025-06-11 00:57:58'),(132,'Marina Barros','72629136600','marina.barros3434@email.com','55419365425','87461983','Rua Farias',101,'Apto 103','2006-12-30','suspenso','2025-06-11 00:57:58','2025-06-11 00:57:58'),(133,'Thomas Barbosa','11648553309','thomas.barbosa1215@email.com','55619702058','28850850','Rua Dias',168,'Apto 183','1994-11-25','suspenso','2025-06-11 00:57:58','2025-06-11 00:57:58'),(134,'Lucas Gabriel Correia','29800611088','lucas.gabriel.correia2647@email.com','55519558605','74777737','Rua Aragão',103,'Apto 109','1972-10-05','ok','2025-06-11 00:57:58','2025-06-11 00:57:58'),(135,'Gabriel Gonçalves','18240688442','gabriel.gonçalves3373@email.com','55719745643','60174670','Rua Porto',106,'Apto 111','1958-09-25','suspenso','2025-06-11 00:57:58','2025-06-11 00:57:58'),(136,'Srta. Marcela Pires','90495357793','srta..marcela.pires1393@email.com','55619359426','69686400','Rua Oliveira',178,'Apto 152','1980-10-01','bloqueado','2025-06-11 00:57:58','2025-06-11 00:57:58'),(137,'Raquel Nunes','24400240783','raquel.nunes5014@email.com','55849439696','98489599','Rua Gonçalves',184,'Apto 180','2003-02-21','inadimplente','2025-06-11 00:57:58','2025-06-11 00:57:58'),(138,'João Felipe Monteiro','31603868829','joão.felipe.monteiro2207@email.com','55719328345','96751327','Rua Rodrigues',110,'Apto 165','1964-08-28','ok','2025-06-11 00:57:58','2025-06-11 00:57:58'),(139,'Dr. Guilherme Costa','89577781420','dr..guilherme.costa332@email.com','55719493375','65391883','Rua Nogueira',166,'Apto 130','2000-01-06','ok','2025-06-11 00:57:58','2025-06-11 00:57:58'),(140,'Maitê Fernandes','78506112312','maitê.fernandes8887@email.com','55719541523','85453626','Rua Neves',138,'Apto 186','1959-04-28','bloqueado','2025-06-11 00:57:58','2025-06-11 00:57:58'),(141,'Gustavo Pereira','95481704485','gustavo.pereira1436@email.com','55849586277','50576363','Rua Barros',200,'Apto 195','1955-07-12','bloqueado','2025-06-11 00:57:58','2025-06-11 00:57:58'),(142,'Bárbara Moraes','08406323698','bárbara.moraes3512@email.com','55319904292','14228460','Rua Teixeira',178,'Apto 167','1994-12-30','ok','2025-06-11 00:57:58','2025-06-11 00:57:58'),(143,'Sra. Ana Clara Costa','18069679421','sra..ana.clara.costa1633@email.com','55819106618','51296346','Rua Aragão',169,'Apto 194','1987-07-02','ok','2025-06-11 00:57:58','2025-06-11 00:57:58'),(144,'Yasmin da Cruz','98856848711','yasmin.da.cruz9239@email.com','55419831947','97705016','Rua Correia',150,'Apto 168','1995-05-06','inadimplente','2025-06-11 00:57:58','2025-06-11 00:57:58'),(145,'Maria da Luz','66611670212','maria.da.luz8032@email.com','55849436788','64372333','Rua Lima',108,'Apto 113','1976-04-04','bloqueado','2025-06-11 00:57:58','2025-06-11 00:57:58'),(146,'Helena Cavalcanti','64249094052','helena.cavalcanti23@email.com','55419959391','11004081','Rua Moura',195,'Apto 141','1982-12-06','bloqueado','2025-06-11 00:57:58','2025-06-11 00:57:58'),(147,'Sarah Moreira','36764614978','sarah.moreira9658@email.com','55519095305','46028008','Rua Rezende',144,'Apto 157','2006-06-11','inadimplente','2025-06-11 00:57:58','2025-06-11 00:57:58'),(148,'Maria Fernanda Ribeiro','46086518961','maria.fernanda.ribeiro6886@email.com','55819986012','33845185','Rua Cunha',172,'Apto 106','1969-06-16','ok','2025-06-11 00:57:58','2025-06-11 00:57:58'),(149,'Rafael Fernandes','94759778934','rafael.fernandes4782@email.com','55719573725','60840571','Rua Rosa',103,'Apto 194','2003-10-04','suspenso','2025-06-11 00:57:58','2025-06-11 00:57:58'),(150,'Emilly Correia','40611939916','emilly.correia1255@email.com','55619076373','37045629','Rua Nascimento',195,'Apto 103','1990-02-05','suspenso','2025-06-11 00:57:58','2025-06-11 00:57:58'),(151,'Heloísa da Cruz','38959464168','heloísa.da.cruz1686@email.com','55319771693','37678807','Rua Freitas',142,'Apto 156','1954-12-26','inadimplente','2025-06-11 00:57:58','2025-06-11 00:57:58'),(152,'Caio Porto','57807517191','caio.porto8330@email.com','55849196390','16635578','Rua Mendes',153,'Apto 184','1969-07-09','bloqueado','2025-06-11 00:57:58','2025-06-11 00:57:58'),(153,'Maria Fernanda Santos','52965865172','maria.fernanda.santos1387@email.com','55819080821','69912303','Rua Nogueira',102,'Apto 183','1994-08-13','inadimplente','2025-06-11 00:57:58','2025-06-11 00:57:58'),(154,'Clara da Luz','39344993492','clara.da.luz313@email.com','55619432948','99898007','Rua Conceição',183,'Apto 105','1962-12-12','inadimplente','2025-06-11 00:57:58','2025-06-11 00:57:58'),(155,'Levi Cardoso','96540928539','levi.cardoso2596@email.com','55849151378','48634691','Rua Mendes',163,'Apto 145','1989-11-18','bloqueado','2025-06-11 00:57:58','2025-06-11 00:57:58'),(156,'Lorenzo da Rocha','47796379473','lorenzo.da.rocha6364@email.com','55719839576','43071495','Rua Correia',109,'Apto 131','1983-12-11','ok','2025-06-11 00:57:58','2025-06-11 00:57:58'),(157,'Miguel da Conceição','92329521974','miguel.da.conceição4439@email.com','55619654098','55258472','Rua Sales',178,'Apto 139','1985-07-28','suspenso','2025-06-11 00:57:58','2025-06-11 00:57:58'),(158,'Enzo Gabriel Cavalcanti','06199581994','enzo.gabriel.cavalcanti9443@email.com','55719571245','01954494','Rua Rodrigues',133,'Apto 127','1983-09-20','suspenso','2025-06-11 00:57:58','2025-06-11 00:57:58'),(159,'Davi Lucas das Neves','86867737667','davi.lucas.das.neves6761@email.com','55519991515','18553162','Rua Pereira',164,'Apto 162','1961-12-10','ok','2025-06-11 00:57:58','2025-06-11 00:57:58'),(160,'Luiz Fernando Lopes','25712947582','luiz.fernando.lopes3661@email.com','55319983468','07827027','Rua Fernandes',192,'Apto 101','1958-03-10','inadimplente','2025-06-11 00:57:58','2025-06-11 00:57:58'),(161,'Júlia Moura','04274191285','júlia.moura7855@email.com','55419430698','24294359','Rua Pires',179,'Apto 185','1961-03-11','ok','2025-06-11 00:57:58','2025-06-11 00:57:58'),(162,'Ana Julia da Cunha','22136258955','ana.julia.da.cunha1739@email.com','55119108956','33454529','Rua Rodrigues',138,'Apto 195','1998-10-03','inadimplente','2025-06-11 00:57:58','2025-06-11 00:57:58'),(163,'Yago das Neves','50676742514','yago.das.neves3896@email.com','55419470330','96652513','Rua Lopes',189,'Apto 138','1956-05-08','bloqueado','2025-06-11 00:57:58','2025-06-11 00:57:58'),(164,'Marcelo Sales','97538337865','marcelo.sales9801@email.com','55719006222','84962923','Rua Araújo',102,'Apto 132','1983-02-14','inadimplente','2025-06-11 00:57:58','2025-06-11 00:57:58'),(165,'Luiz Gustavo Nascimento','62687203618','luiz.gustavo.nascimento6914@email.com','55849874046','62406896','Rua Lopes',125,'Apto 136','1973-10-14','bloqueado','2025-06-11 00:57:58','2025-06-11 00:57:58'),(166,'Nicolas Dias','67199872055','nicolas.dias5191@email.com','55719922530','81408265','Rua Cunha',152,'Apto 144','2006-02-05','suspenso','2025-06-11 00:57:58','2025-06-11 00:57:58'),(167,'Esther Ferreira','94648311935','esther.ferreira4664@email.com','55319004996','09629675','Rua Nogueira',189,'Apto 129','1959-07-10','suspenso','2025-06-11 00:57:58','2025-06-11 00:57:58'),(168,'Gustavo Henrique Freitas','45986026002','gustavo.henrique.freitas3905@email.com','55849048072','46290350','Rua Correia',128,'Apto 118','1995-04-15','bloqueado','2025-06-11 00:57:58','2025-06-11 00:57:58'),(169,'Marcela Peixoto','16123027852','marcela.peixoto4247@email.com','55419394520','31299811','Rua Conceição',173,'Apto 117','1955-08-01','inadimplente','2025-06-11 00:57:58','2025-06-11 00:57:58'),(170,'Nicolas Silva','48220440406','nicolas.silva1897@email.com','55819200368','59866300','Rua Ribeiro',102,'Apto 104','1962-10-12','inadimplente','2025-06-11 00:57:58','2025-06-11 00:57:58'),(171,'Murilo Costela','85387316812','murilo.costela4107@email.com','55849101290','33736527','Rua Sales',196,'Apto 200','1960-11-19','bloqueado','2025-06-11 00:57:58','2025-06-11 00:57:58'),(172,'Luiz Gustavo Ferreira','70050204805','luiz.gustavo.ferreira3205@email.com','55849817942','32312306','Rua Santos',179,'Apto 140','1964-06-11','inadimplente','2025-06-11 00:57:58','2025-06-11 00:57:58'),(173,'Giovanna Alves','73196767317','giovanna.alves6052@email.com','55319518643','33097955','Rua Paz',193,'Apto 128','1999-01-05','suspenso','2025-06-11 00:57:58','2025-06-11 00:57:58'),(174,'Srta. Valentina Rodrigues','67075972501','srta..valentina.rodrigues8799@email.com','55719698287','84756125','Rua Freitas',165,'Apto 167','1989-05-08','bloqueado','2025-06-11 00:57:58','2025-06-11 00:57:58'),(175,'Leandro Lima','75621355153','leandro.lima5258@email.com','55849167052','40996750','Rua Caldeira',125,'Apto 137','1982-07-12','inadimplente','2025-06-11 00:57:58','2025-06-11 00:57:58'),(176,'Davi Lucas Barbosa','73607076844','davi.lucas.barbosa7661@email.com','55519554857','21846628','Rua Silva',163,'Apto 140','1991-12-20','ok','2025-06-11 00:57:58','2025-06-11 00:57:58'),(177,'Nicole Farias','90674477836','nicole.farias5468@email.com','55719577482','44750227','Rua Araújo',135,'Apto 150','2006-11-08','bloqueado','2025-06-11 00:57:58','2025-06-11 00:57:58'),(178,'Srta. Maria Viana','78494137662','srta..maria.viana1328@email.com','55219951147','66603621','Rua Mata',128,'Apto 159','2006-03-11','ok','2025-06-11 00:57:58','2025-06-11 00:57:58'),(179,'Luiza Barros','92916584404','luiza.barros1074@email.com','55519350279','35363444','Rua Cunha',131,'Apto 105','1988-11-05','ok','2025-06-11 00:57:58','2025-06-11 00:57:58'),(180,'Srta. Amanda Rezende','71259207629','srta..amanda.rezende3156@email.com','55519652516','56754851','Rua Neves',120,'Apto 119','1986-03-16','inadimplente','2025-06-11 00:57:58','2025-06-11 00:57:58'),(181,'Caroline da Cruz','12767459344','caroline.da.cruz3205@email.com','55119358304','58285495','Rua Lopes',182,'Apto 146','2005-06-26','bloqueado','2025-06-11 00:57:58','2025-06-11 00:57:58'),(182,'Lívia da Mata','87523047590','lívia.da.mata7340@email.com','55619997881','88027124','Rua Freitas',174,'Apto 189','2001-03-05','ok','2025-06-11 00:57:58','2025-06-11 00:57:58'),(183,'Matheus Monteiro','39673803660','matheus.monteiro8311@email.com','55419454599','98851955','Rua Paz',114,'Apto 123','1984-01-21','inadimplente','2025-06-11 00:57:58','2025-06-11 00:57:58'),(184,'Julia Ferreira','71105113984','julia.ferreira3226@email.com','55119405962','30741027','Rua Almeida',188,'Apto 178','1959-01-04','inadimplente','2025-06-11 00:57:58','2025-06-11 00:57:58'),(185,'Melissa da Luz','54619097705','melissa.da.luz8795@email.com','55519789029','23273406','Rua Pinto',113,'Apto 153','1975-03-02','bloqueado','2025-06-11 00:57:58','2025-06-11 00:57:58'),(186,'Alexandre Porto','26401681578','alexandre.porto8019@email.com','55219849995','77621300','Rua Moraes',177,'Apto 180','1959-04-05','suspenso','2025-06-11 00:57:58','2025-06-11 00:57:58'),(187,'Anthony Nascimento','18144134712','anthony.nascimento5690@email.com','55419942926','40701758','Rua Pinto',151,'Apto 198','1958-02-12','bloqueado','2025-06-11 00:57:58','2025-06-11 00:57:58'),(188,'Otávio Pereira','57261130812','otávio.pereira1142@email.com','55119420252','99685544','Rua Teixeira',166,'Apto 179','2001-11-13','suspenso','2025-06-11 00:57:58','2025-06-11 00:57:58'),(189,'Mariane da Rosa','13348623835','mariane.da.rosa2879@email.com','55119632253','95359149','Rua Martins',164,'Apto 177','1993-12-11','suspenso','2025-06-11 00:57:58','2025-06-11 00:57:58'),(190,'Nina Costa','57516047013','nina.costa8661@email.com','55619530885','42950679','Rua Fernandes',183,'Apto 151','1990-05-29','suspenso','2025-06-11 00:57:58','2025-06-11 00:57:58'),(191,'Sra. Ana Vitória Silva','13696328726','sra..ana.vitória.silva294@email.com','55219093155','94325024','Rua Neves',143,'Apto 163','1981-04-17','inadimplente','2025-06-11 00:57:58','2025-06-11 00:57:58'),(192,'Sr. Heitor Cardoso','11328920971','sr..heitor.cardoso4961@email.com','55619229058','13111822','Rua Caldeira',132,'Apto 152','1969-08-26','ok','2025-06-11 00:57:58','2025-06-11 00:57:58'),(193,'Eloah Monteiro','01549123373','eloah.monteiro5910@email.com','55119417099','95500353','Rua Rosa',189,'Apto 179','1970-03-06','bloqueado','2025-06-11 00:57:58','2025-06-11 00:57:58'),(194,'Thomas Almeida','99330527691','thomas.almeida8871@email.com','55519852961','49261695','Rua Pinto',123,'Apto 155','1989-09-12','bloqueado','2025-06-11 00:57:58','2025-06-11 00:57:58'),(195,'Nathan Pinto','14685250502','nathan.pinto8678@email.com','55619921994','28146493','Rua Barbosa',154,'Apto 129','2005-01-21','ok','2025-06-11 00:57:58','2025-06-11 00:57:58'),(196,'Raquel Barbosa','57665334515','raquel.barbosa5854@email.com','55849903062','50782275','Rua Oliveira',142,'Apto 132','1992-01-17','ok','2025-06-11 00:57:58','2025-06-11 00:57:58'),(197,'Danilo Farias','17774598150','danilo.farias8830@email.com','55849742271','31743491','Rua Lopes',142,'Apto 158','1982-04-12','ok','2025-06-11 00:57:58','2025-06-11 00:57:58'),(198,'Sr. Otávio Rocha','12669489143','sr..otávio.rocha3578@email.com','55849624085','20550267','Rua Rezende',160,'Apto 180','2003-05-21','bloqueado','2025-06-11 00:57:58','2025-06-11 00:57:58'),(199,'Marina Caldeira','52955094315','marina.caldeira3189@email.com','55819241174','83389279','Rua Farias',118,'Apto 162','1957-06-11','inadimplente','2025-06-11 00:57:58','2025-06-11 00:57:58'),(200,'Nicole Mendes','20144921045','nicole.mendes3240@email.com','55419856371','98288178','Rua Rodrigues',155,'Apto 115','2002-10-16','inadimplente','2025-06-11 00:57:58','2025-06-11 00:57:58'),(201,'Henrique Rocha','15470900778','henrique.rocha1276@email.com','55319020159','12808045','Rua Vieira',195,'Apto 114','1977-08-31','ok','2025-06-11 00:57:58','2025-06-11 00:57:58'),(202,'Maria Luiza Sales','15204279986','maria.luiza.sales4795@email.com','55719900506','50369693','Rua Moura',133,'Apto 174','1973-09-04','ok','2025-06-11 00:57:58','2025-06-11 00:57:58'),(203,'Esther Moreira','30387150498','esther.moreira4388@email.com','55319791872','49997443','Rua Cardoso',172,'Apto 195','1981-03-30','suspenso','2025-06-11 00:57:58','2025-06-11 00:57:58'),(204,'Pietra da Rosa','53400912716','pietra.da.rosa6784@email.com','55319780768','92154658','Rua Freitas',187,'Apto 133','1990-01-09','suspenso','2025-06-11 00:57:58','2025-06-11 00:57:58'),(205,'Sra. Valentina Silveira','80960456316','sra..valentina.silveira6339@email.com','55619401451','50650287','Rua Mata',196,'Apto 136','1999-09-29','inadimplente','2025-06-11 00:57:58','2025-06-11 00:57:58'),(206,'Nicolas Moraes','94860148169','nicolas.moraes4329@email.com','55519400732','73612761','Rua Cunha',172,'Apto 145','1973-02-01','ok','2025-06-11 00:57:58','2025-06-11 00:57:58'),(207,'João Gabriel Moura','87673621667','joão.gabriel.moura633@email.com','55119006609','43634564','Rua Aragão',143,'Apto 187','1982-11-02','inadimplente','2025-06-11 00:57:58','2025-06-11 00:57:58'),(208,'Rafael Dias','55630814324','rafael.dias131@email.com','55319048910','92193865','Rua Nunes',154,'Apto 146','1986-10-31','ok','2025-06-11 00:57:58','2025-06-11 00:57:58'),(209,'Gabriela Nunes','32543868010','gabriela.nunes7418@email.com','55319364701','53035612','Rua Porto',190,'Apto 156','1994-09-16','inadimplente','2025-06-11 00:57:58','2025-06-11 00:57:58'),(210,'Lucas Rezende','03128743176','lucas.rezende348@email.com','55119131641','90703015','Rua Novaes',143,'Apto 101','1980-04-05','ok','2025-06-11 00:57:58','2025-06-11 00:57:58'),(211,'Daniel Aragão','96966525700','daniel.aragão344@email.com','55849604372','83828607','Rua Moura',115,'Apto 174','1969-08-15','ok','2025-06-11 00:57:58','2025-06-11 00:57:58'),(212,'Emanuel Porto','28235211210','emanuel.porto1522@email.com','55219398691','82698153','Rua Farias',165,'Apto 197','1993-06-20','ok','2025-06-11 00:57:58','2025-06-11 00:57:58'),(213,'Juan Rezende','98429999535','juan.rezende2799@email.com','55719390103','22684140','Rua Pereira',147,'Apto 125','1970-07-08','ok','2025-06-11 00:57:58','2025-06-11 00:57:58'),(214,'Dra. Nicole Nascimento','65861546297','dra..nicole.nascimento414@email.com','55319908226','26877721','Rua Sales',169,'Apto 103','1961-09-24','inadimplente','2025-06-11 00:57:58','2025-06-11 00:57:58'),(215,'Dr. Vitor Gabriel da Mata','72423454119','dr..vitor.gabriel.da.mata7352@email.com','55419146555','90429321','Rua Pires',191,'Apto 118','1970-11-27','bloqueado','2025-06-11 00:57:58','2025-06-11 00:57:58'),(216,'Melissa Cunha','89077399766','melissa.cunha4634@email.com','55719589010','56810102','Rua Cardoso',128,'Apto 108','2006-11-03','bloqueado','2025-06-11 00:57:58','2025-06-11 00:57:58'),(217,'Noah Pinto','67601693867','noah.pinto5212@email.com','55619505758','56757515','Rua Santos',195,'Apto 190','1969-11-03','suspenso','2025-06-11 00:57:58','2025-06-11 00:57:58'),(218,'Isabel Ferreira','43214921276','isabel.ferreira744@email.com','55119341346','90807150','Rua Fogaça',199,'Apto 181','1974-05-12','suspenso','2025-06-11 00:57:58','2025-06-11 00:57:58'),(219,'Maria Sophia Rezende','44819751517','maria.sophia.rezende8140@email.com','55319385014','45234058','Rua Araújo',155,'Apto 117','1981-09-11','inadimplente','2025-06-11 00:57:58','2025-06-11 00:57:58'),(220,'Ian Souza','58727182852','ian.souza4342@email.com','55319079243','81983175','Rua Caldeira',118,'Apto 163','1973-02-24','ok','2025-06-11 00:57:58','2025-06-11 00:57:58'),(221,'Isabella Fernandes','90439284847','isabella.fernandes8932@email.com','55319580896','43270005','Rua Azevedo',150,'Apto 107','1955-10-03','inadimplente','2025-06-11 00:57:58','2025-06-11 00:57:58'),(222,'Maria Eduarda Silva','26667831091','maria.eduarda.silva152@email.com','55719526037','47680488','Rua Moura',110,'Apto 171','1964-07-16','bloqueado','2025-06-11 00:57:58','2025-06-11 00:57:58'),(223,'Sr. Ian Vieira','29170414911','sr..ian.vieira9944@email.com','55619369759','02134861','Rua Cruz',168,'Apto 187','1963-06-29','suspenso','2025-06-11 00:57:58','2025-06-11 00:57:58'),(224,'Camila Farias','45278041531','camila.farias7379@email.com','55719653070','23898889','Rua Castro',140,'Apto 170','2001-09-10','bloqueado','2025-06-11 00:57:58','2025-06-11 00:57:58'),(225,'Dr. Yago Dias','79228854584','dr..yago.dias9520@email.com','55119777710','55187551','Rua Luz',121,'Apto 194','1976-01-19','suspenso','2025-06-11 00:57:58','2025-06-11 00:57:58'),(226,'Luana Fernandes','83226659157','luana.fernandes8219@email.com','55619897659','10150133','Rua Teixeira',119,'Apto 110','1964-09-26','bloqueado','2025-06-11 00:57:58','2025-06-11 00:57:58'),(227,'Brenda Rocha','88611484653','brenda.rocha6288@email.com','55519763472','20704552','Rua Melo',184,'Apto 115','1975-08-29','inadimplente','2025-06-11 00:57:58','2025-06-11 00:57:58'),(228,'Dra. Amanda Cavalcanti','05024360953','dra..amanda.cavalcanti5982@email.com','55119471496','51191558','Rua Sales',128,'Apto 151','1969-04-09','suspenso','2025-06-11 00:57:58','2025-06-11 00:57:58'),(229,'Bianca da Rocha','52938531438','bianca.da.rocha5759@email.com','55119980084','39130802','Rua Santos',144,'Apto 177','1957-06-12','bloqueado','2025-06-11 00:57:58','2025-06-11 00:57:58'),(230,'Renan Aragão','94846047485','renan.aragão4648@email.com','55819449273','47453737','Rua Costa',128,'Apto 119','1955-09-21','ok','2025-06-11 00:57:58','2025-06-11 00:57:58'),(231,'Augusto Mendes','41253753999','augusto.mendes9596@email.com','55819401397','75410268','Rua Campos',155,'Apto 135','1964-09-09','inadimplente','2025-06-11 00:57:58','2025-06-11 00:57:58'),(232,'Sr. Luiz Otávio Viana','19047460572','sr..luiz.otávio.viana9873@email.com','55819309665','31147913','Rua Gomes',166,'Apto 163','1970-02-26','ok','2025-06-11 00:57:58','2025-06-11 00:57:58'),(233,'Vitória Peixoto','65653846246','vitória.peixoto7750@email.com','55319352264','51276747','Rua Fernandes',123,'Apto 188','1996-04-06','bloqueado','2025-06-11 00:57:58','2025-06-11 00:57:58'),(234,'Maria Cecília Alves','05879823028','maria.cecília.alves2865@email.com','55219147110','03516467','Rua Cunha',136,'Apto 167','1990-04-27','bloqueado','2025-06-11 00:57:58','2025-06-11 00:57:58'),(235,'Maria Luiza Costela','10530520218','maria.luiza.costela9340@email.com','55849276042','97934153','Rua Vieira',102,'Apto 129','1967-08-07','bloqueado','2025-06-11 00:57:58','2025-06-11 00:57:58'),(236,'Ana Beatriz Cavalcanti','02158887215','ana.beatriz.cavalcanti8070@email.com','55719250453','05949354','Rua Cunha',119,'Apto 198','1991-02-23','bloqueado','2025-06-11 00:57:58','2025-06-11 00:57:58'),(237,'Milena Melo','81973349444','milena.melo9884@email.com','55519586762','99026509','Rua Rocha',152,'Apto 183','1974-08-29','inadimplente','2025-06-11 00:57:58','2025-06-11 00:57:58'),(238,'Melissa Cavalcanti','67739792156','melissa.cavalcanti8915@email.com','55119660298','09644553','Rua Cunha',108,'Apto 104','2003-07-01','ok','2025-06-11 00:57:58','2025-06-11 00:57:58'),(239,'Gabriel Porto','13873087210','gabriel.porto1121@email.com','55719577757','79922072','Rua Souza',102,'Apto 151','2006-07-22','ok','2025-06-11 00:57:58','2025-06-11 00:57:58'),(240,'Emilly Pereira','79873383272','emilly.pereira8696@email.com','55319732979','02227836','Rua Melo',113,'Apto 180','2004-08-01','ok','2025-06-11 00:57:58','2025-06-11 00:57:58'),(241,'Ryan da Rocha','06168912472','ryan.da.rocha7534@email.com','55419791166','56269379','Rua Nunes',122,'Apto 115','1970-11-10','bloqueado','2025-06-11 00:57:58','2025-06-11 00:57:58'),(242,'Lucca da Mota','66034751525','lucca.da.mota2354@email.com','55319521597','99729383','Rua Vieira',154,'Apto 192','1971-05-14','suspenso','2025-06-11 00:57:58','2025-06-11 00:57:58'),(243,'Henrique da Costa','53679818590','henrique.da.costa855@email.com','55319644512','43868959','Rua Oliveira',107,'Apto 139','1957-02-08','ok','2025-06-11 00:57:58','2025-06-11 00:57:58'),(244,'Luiz Henrique da Rocha','72288019997','luiz.henrique.da.rocha3071@email.com','55819723906','86299123','Rua Cruz',143,'Apto 153','1974-12-05','suspenso','2025-06-11 00:57:58','2025-06-11 00:57:58'),(245,'João Felipe Cavalcanti','14022995220','joão.felipe.cavalcanti4647@email.com','55419579567','42224852','Rua Porto',199,'Apto 154','1998-12-05','bloqueado','2025-06-11 00:57:58','2025-06-11 00:57:58'),(246,'Ana Laura Costela','15135893530','ana.laura.costela6497@email.com','55219823273','82434069','Rua Porto',173,'Apto 187','1990-10-24','ok','2025-06-11 00:57:58','2025-06-11 00:57:58'),(247,'Ana Carolina da Rosa','54421411173','ana.carolina.da.rosa8428@email.com','55619549459','05793195','Rua Mendes',154,'Apto 187','1995-12-17','inadimplente','2025-06-11 00:57:58','2025-06-11 00:57:58'),(248,'Bárbara Mendes','04046681244','bárbara.mendes8006@email.com','55519418597','72400036','Rua Martins',130,'Apto 164','1972-04-24','ok','2025-06-11 00:57:58','2025-06-11 00:57:58'),(249,'Sra. Juliana da Rocha','94845680370','sra..juliana.da.rocha6253@email.com','55619505171','70744949','Rua Fernandes',178,'Apto 163','1981-09-16','bloqueado','2025-06-11 00:57:58','2025-06-11 00:57:58'),(250,'Anthony Caldeira','01271292508','anthony.caldeira656@email.com','55119844151','48790717','Rua Mendes',116,'Apto 150','1997-10-22','ok','2025-06-11 00:57:58','2025-06-11 00:57:58'),(251,'Benício Nogueira','27125413446','benício.nogueira2379@email.com','55819794914','51390057','Rua Souza',177,'Apto 119','1966-04-12','bloqueado','2025-06-11 00:57:58','2025-06-11 00:57:58'),(252,'Sra. Maria Alice Lima','40389669415','sra..maria.alice.lima5816@email.com','55419573029','79892702','Rua Cavalcanti',199,'Apto 100','1986-02-11','bloqueado','2025-06-11 00:57:58','2025-06-11 00:57:58'),(253,'Ana Júlia Pires','51874088844','ana.júlia.pires4651@email.com','55419845576','43049331','Rua Mota',155,'Apto 129','1955-03-28','suspenso','2025-06-11 00:57:58','2025-06-11 00:57:58'),(254,'Raul Aragão','90121615144','raul.aragão2212@email.com','55719237404','30754152','Rua Oliveira',105,'Apto 149','1955-05-02','inadimplente','2025-06-11 00:57:58','2025-06-11 00:57:58'),(255,'Ana Lívia Farias','51546451712','ana.lívia.farias5701@email.com','55619360099','89261275','Rua Barbosa',189,'Apto 107','1979-08-21','bloqueado','2025-06-11 00:57:58','2025-06-11 00:57:58'),(256,'Maria Vitória Monteiro','74829946187','maria.vitória.monteiro803@email.com','55319852115','10980196','Rua Rezende',198,'Apto 109','1980-02-05','inadimplente','2025-06-11 00:57:58','2025-06-11 00:57:58'),(257,'Daniela Martins','51259092358','daniela.martins7232@email.com','55219276264','55897077','Rua Campos',164,'Apto 199','1975-06-16','ok','2025-06-11 00:57:58','2025-06-11 00:57:58'),(258,'Ana Luiza Moreira','69911034236','ana.luiza.moreira4819@email.com','55119354351','00890757','Rua Cunha',125,'Apto 193','1985-01-13','bloqueado','2025-06-11 00:57:58','2025-06-11 00:57:58'),(259,'Vitor Hugo Fogaça','32479710124','vitor.hugo.fogaça7393@email.com','55819407746','83530808','Rua Correia',191,'Apto 190','1983-02-18','suspenso','2025-06-11 00:57:58','2025-06-11 00:57:58'),(260,'Mariana Aragão','55726832215','mariana.aragão2563@email.com','55519693063','07466098','Rua Ferreira',191,'Apto 119','1978-07-10','ok','2025-06-11 00:57:58','2025-06-11 00:57:58'),(261,'Sr. Bryan Freitas','15470321516','sr..bryan.freitas1923@email.com','55219736224','30235189','Rua Mata',193,'Apto 117','1994-01-23','inadimplente','2025-06-11 00:57:58','2025-06-11 00:57:58'),(262,'Srta. Alexia Rocha','52731209174','srta..alexia.rocha9983@email.com','55619156429','21099488','Rua Mendes',117,'Apto 187','1959-05-17','bloqueado','2025-06-11 00:57:58','2025-06-11 00:57:58'),(263,'Dr. Lorenzo Martins','22011628909','dr..lorenzo.martins5580@email.com','55819386824','80250689','Rua Ferreira',106,'Apto 108','2004-04-19','inadimplente','2025-06-11 00:57:58','2025-06-11 00:57:58'),(264,'Augusto Viana','06276843332','augusto.viana8374@email.com','55519809938','34193653','Rua Moreira',177,'Apto 120','1970-08-17','bloqueado','2025-06-11 00:57:58','2025-06-11 00:57:58'),(265,'Luiz Henrique da Cruz','32507566610','luiz.henrique.da.cruz3151@email.com','55119991754','18181832','Rua Lopes',180,'Apto 179','1957-05-28','ok','2025-06-11 00:57:58','2025-06-11 00:57:58'),(266,'Srta. Marcela Barbosa','46178411270','srta..marcela.barbosa5735@email.com','55419911206','84450738','Rua Ribeiro',145,'Apto 195','1994-01-11','bloqueado','2025-06-11 00:57:58','2025-06-11 00:57:58'),(267,'Eloah Vieira','22542771727','eloah.vieira9098@email.com','55219011213','43736613','Rua Ribeiro',117,'Apto 135','1975-12-31','ok','2025-06-11 00:57:58','2025-06-11 00:57:58'),(268,'Olivia Gomes','35547421460','olivia.gomes4742@email.com','55619317333','65995494','Rua Gomes',125,'Apto 138','1956-05-28','suspenso','2025-06-11 00:57:58','2025-06-11 00:57:58'),(269,'Leandro Gomes','78407180095','leandro.gomes2650@email.com','55319415748','46998724','Rua Pinto',195,'Apto 146','1989-03-15','bloqueado','2025-06-11 00:57:58','2025-06-11 00:57:58'),(270,'Francisco da Rosa','27738425949','francisco.da.rosa4515@email.com','55119995276','71187219','Rua Souza',118,'Apto 166','1968-03-15','suspenso','2025-06-11 00:57:58','2025-06-11 00:57:58'),(271,'Breno da Rosa','99432470575','breno.da.rosa7763@email.com','55319828583','20841773','Rua Jesus',121,'Apto 147','1974-07-04','suspenso','2025-06-11 00:57:58','2025-06-11 00:57:58'),(272,'Maria Luiza Fernandes','08365417370','maria.luiza.fernandes9150@email.com','55849955291','88048779','Rua Cardoso',169,'Apto 140','1963-12-05','ok','2025-06-11 00:57:58','2025-06-11 00:57:58'),(273,'Luana Moraes','70132502613','luana.moraes3789@email.com','55119942881','30068356','Rua Cunha',161,'Apto 142','1977-05-25','inadimplente','2025-06-11 00:57:58','2025-06-11 00:57:58'),(274,'Beatriz Ferreira','04632351333','beatriz.ferreira2960@email.com','55319753464','06595653','Rua Luz',160,'Apto 103','1983-05-26','ok','2025-06-11 00:57:58','2025-06-11 00:57:58'),(275,'João Felipe Nogueira','71329883264','joão.felipe.nogueira8904@email.com','55419432288','25820690','Rua Gomes',172,'Apto 141','1990-04-07','bloqueado','2025-06-11 00:57:58','2025-06-11 00:57:58'),(276,'Calebe da Luz','89652781063','calebe.da.luz1687@email.com','55319981158','64056378','Rua Oliveira',168,'Apto 169','1960-11-03','bloqueado','2025-06-11 00:57:58','2025-06-11 00:57:58'),(277,'Calebe da Luz','47556868264','calebe.da.luz7332@email.com','55319290837','93102557','Rua Cunha',190,'Apto 181','1999-11-01','ok','2025-06-11 00:57:58','2025-06-11 00:57:58'),(278,'Camila Carvalho','51233040554','camila.carvalho9564@email.com','55419335531','33829735','Rua Almeida',177,'Apto 129','1968-07-23','ok','2025-06-11 00:57:58','2025-06-11 00:57:58'),(279,'Ana Costa','49235771177','ana.costa4368@email.com','55319810026','17659520','Rua Barbosa',177,'Apto 179','1967-09-08','inadimplente','2025-06-11 00:57:58','2025-06-11 00:57:58'),(280,'Joana Dias','24698500659','joana.dias1829@email.com','55119244984','06320311','Rua Farias',140,'Apto 157','1968-12-28','inadimplente','2025-06-11 00:57:58','2025-06-11 00:57:58'),(281,'Kevin Moreira','06660515620','kevin.moreira1739@email.com','55819250862','62422242','Rua Viana',121,'Apto 165','1972-05-22','suspenso','2025-06-11 00:57:58','2025-06-11 00:57:58'),(282,'Pedro Henrique Correia','02747227895','pedro.henrique.correia1932@email.com','55119935178','05004710','Rua Cruz',184,'Apto 129','1976-11-28','inadimplente','2025-06-11 00:57:58','2025-06-11 00:57:58'),(283,'Sr. Pedro Lucas Dias','51907614133','sr..pedro.lucas.dias4438@email.com','55719825669','73401883','Rua Carvalho',128,'Apto 140','1996-04-19','suspenso','2025-06-11 00:57:58','2025-06-11 00:57:58'),(284,'Luiz Otávio da Paz','14610493348','luiz.otávio.da.paz1367@email.com','55849028299','15167842','Rua Cardoso',154,'Apto 188','1961-09-01','suspenso','2025-06-11 00:57:58','2025-06-11 00:57:58'),(285,'Dr. Fernando Fogaça','31416381966','dr..fernando.fogaça9383@email.com','55619768839','10978686','Rua Ferreira',134,'Apto 159','1954-07-06','bloqueado','2025-06-11 00:57:58','2025-06-11 00:57:58'),(286,'Ana Julia Rodrigues','20326056481','ana.julia.rodrigues7262@email.com','55119134699','99924820','Rua Conceição',140,'Apto 169','1988-08-03','inadimplente','2025-06-11 00:57:58','2025-06-11 00:57:58'),(287,'Lucca Silva','46341307337','lucca.silva7274@email.com','55419868957','57818524','Rua Mata',199,'Apto 140','1966-12-13','inadimplente','2025-06-11 00:57:58','2025-06-11 00:57:58'),(288,'Maysa Nunes','43350818798','maysa.nunes1248@email.com','55519150141','03594907','Rua Cruz',143,'Apto 109','2000-10-21','suspenso','2025-06-11 00:57:58','2025-06-11 00:57:58'),(289,'Juan da Rosa','13959064000','juan.da.rosa5883@email.com','55819471249','96683581','Rua Cavalcanti',179,'Apto 144','1964-01-03','suspenso','2025-06-11 00:57:58','2025-06-11 00:57:58'),(290,'Daniel Costela','08096562074','daniel.costela3196@email.com','55819030403','42485026','Rua Vieira',108,'Apto 114','1971-02-08','bloqueado','2025-06-11 00:57:58','2025-06-11 00:57:58'),(291,'Vicente da Rocha','02851771509','vicente.da.rocha7499@email.com','55519657886','32728439','Rua Fernandes',124,'Apto 150','1981-03-20','ok','2025-06-11 00:57:58','2025-06-11 00:57:58'),(292,'Ana Lívia Viana','74447298182','ana.lívia.viana1341@email.com','55119367463','50904802','Rua Gonçalves',127,'Apto 126','2002-10-24','suspenso','2025-06-11 00:57:58','2025-06-11 00:57:58'),(293,'Letícia Novaes','79970233362','letícia.novaes704@email.com','55619094461','70666549','Rua Teixeira',142,'Apto 161','2001-04-01','ok','2025-06-11 00:57:58','2025-06-11 00:57:58'),(294,'Pedro Miguel das Neves','06313743945','pedro.miguel.das.neves4201@email.com','55819875851','92668088','Rua Duarte',170,'Apto 136','1982-10-17','inadimplente','2025-06-11 00:57:58','2025-06-11 00:57:58'),(295,'Bianca Araújo','07329626138','bianca.araújo8154@email.com','55319629440','36143815','Rua Silva',191,'Apto 115','1982-08-07','suspenso','2025-06-11 00:57:58','2025-06-11 00:57:58'),(296,'Bárbara Costela','28797641443','bárbara.costela395@email.com','55419508281','89738442','Rua Rocha',159,'Apto 168','1966-08-22','ok','2025-06-11 00:57:58','2025-06-11 00:57:58'),(297,'Dra. Letícia Ramos','38052217147','dra..letícia.ramos6649@email.com','55819306169','91763858','Rua Oliveira',102,'Apto 186','1998-11-13','ok','2025-06-11 00:57:58','2025-06-11 00:57:58'),(298,'Fernando Novaes','61595208510','fernando.novaes6591@email.com','55719190051','10044805','Rua Cruz',150,'Apto 188','1991-12-27','suspenso','2025-06-11 00:57:58','2025-06-11 00:57:58'),(299,'Dr. Renan da Cunha','36667124051','dr..renan.da.cunha1071@email.com','55119355044','82310388','Rua Vieira',131,'Apto 104','1994-11-10','inadimplente','2025-06-11 00:57:58','2025-06-11 00:57:58'),(300,'Igor Pires','37833424076','igor.pires4195@email.com','55119602422','30450677','Rua Monteiro',177,'Apto 154','1984-12-25','bloqueado','2025-06-11 00:57:58','2025-06-11 00:57:58'),(301,'Alana Ribeiro','11122233344','alana.ribeiro@email.com','11987650001','11122233','Rua AE',131,'Apto 131','1991-01-11','ok','2025-06-11 00:57:58','2025-06-11 00:57:58'),(302,'Bruno Costa','22233344455','bruno.costa@email.com','11976540002','22233344','Rua AF',132,'Apto 132','1986-02-22','inadimplente','2025-06-11 00:57:58','2025-06-11 00:57:58'),(303,'Camila Torres','33344455566','camila.torres@email.com','11965430003','33344455','Rua AG',133,'Apto 133','1993-03-15','bloqueado','2025-06-11 00:57:58','2025-06-11 00:57:58'),(304,'Danilo Lima','44455566677','danilo.lima@email.com','11954320004','44455566','Rua AH',134,'Apto 134','1990-04-20','suspenso','2025-06-11 00:57:58','2025-06-11 00:57:58'),(305,'Eduarda Nunes','55566677788','eduarda.nunes@email.com','11943210005','55566677','Rua AI',135,'Apto 135','1988-05-17','ok','2025-06-11 00:57:58','2025-06-11 00:57:58'),(306,'Fábio Rocha','66677788899','fabio.rocha@email.com','11932100006','66677788','Rua AJ',136,'Apto 136','1985-06-05','ok','2025-06-11 00:57:58','2025-06-11 00:57:58'),(307,'Gisele Almeida','77788899900','gisele.almeida@email.com','11921090007','77788899','Rua AK',137,'Apto 137','1994-07-30','bloqueado','2025-06-11 00:57:58','2025-06-11 00:57:58'),(308,'Heitor Martins','88899900011','heitor.martins@email.com','11910980008','88899900','Rua AL',138,'Apto 138','1989-08-22','suspenso','2025-06-11 00:57:58','2025-06-11 00:57:58'),(309,'Iris Barros','99900011122','iris.barros@email.com','11909870009','99900011','Rua AM',139,'Apto 139','1987-09-12','inadimplente','2025-06-11 00:57:58','2025-06-11 00:57:58'),(310,'Jonas Teixeira','00011122233','jonas.teixeira@email.com','11998760010','00011122','Rua AN',140,'Apto 140','1992-10-10','ok','2025-06-11 00:57:58','2025-06-11 00:57:58'),(311,'Karla Vieira','12312312312','karla.vieira@email.com','11987651111','12312312','Rua AO',141,'Apto 141','1996-11-08','ok','2025-06-11 00:57:58','2025-06-11 00:57:58'),(312,'Leandro Campos','23423423423','leandro.campos@email.com','11976542222','23423423','Rua AP',142,'Apto 142','1984-12-19','ok','2025-06-11 00:57:58','2025-06-11 00:57:58');
/*!40000 ALTER TABLE `clients` ENABLE KEYS */;
UNLOCK TABLES;

--
-- Table structure for table `employees`
--

DROP TABLE IF EXISTS `employees`;
/*!40101 SET @saved_cs_client     = @@character_set_client */;
/*!40101 SET character_set_client = utf8 */;
CREATE TABLE `employees` (
  `id` int(11) NOT NULL,
  `name` varchar(50) NOT NULL,
  `email` varchar(100) NOT NULL,
  `role` enum('Gerente','supervisor','Auxiliar','estagiário') NOT NULL,
  `cpf` varchar(11) NOT NULL,
  `phone` char(11) NOT NULL,
  `residence_file_path` varchar(100) NOT NULL,
  `pis` varchar(11) NOT NULL,
  `created_at` datetime NOT NULL,
  `updated_at` datetime NOT NULL,
  PRIMARY KEY (`id`)
) ENGINE=InnoDB DEFAULT CHARSET=utf8 COLLATE=utf8_general_ci;
/*!40101 SET character_set_client = @saved_cs_client */;

--
-- Dumping data for table `employees`
--

LOCK TABLES `employees` WRITE;
/*!40000 ALTER TABLE `employees` DISABLE KEYS */;
INSERT INTO `employees` VALUES (1,'Ana Souza','ana.souza@empresa.com','Gerente','12345678901','11987654321','/caminho/arquivo1.pdf','12345678901','2025-06-11 00:57:58','2025-06-11 00:57:58'),(2,'Carlos Silva','carlos.silva@empresa.com','supervisor','23456789012','11976543210','/caminho/arquivo2.pdf','23456789012','2025-06-11 00:57:58','2025-06-11 00:57:58'),(3,'Fernanda Lima','fernanda.lima@empresa.com','Auxiliar','34567890123','11965432109','/caminho/arquivo3.pdf','34567890123','2025-06-11 00:57:58','2025-06-11 00:57:58'),(4,'Gustavo Pereira','gustavo.pereira@empresa.com','estagiário','45678901234','11954321098','/caminho/arquivo4.pdf','45678901234','2025-06-11 00:57:58','2025-06-11 00:57:58'),(5,'Juliana Costa','juliana.costa@empresa.com','Gerente','56789012345','11943210987','/caminho/arquivo5.pdf','56789012345','2025-06-11 00:57:58','2025-06-11 00:57:58'),(6,'Lucas Oliveira','lucas.oliveira@empresa.com','supervisor','67890123456','11932109876','/caminho/arquivo6.pdf','67890123456','2025-06-11 00:57:58','2025-06-11 00:57:58'),(7,'Mariana Rocha','mariana.rocha@empresa.com','Auxiliar','78901234567','11921098765','/caminho/arquivo7.pdf','78901234567','2025-06-11 00:57:58','2025-06-11 00:57:58'),(8,'Paulo Martins','paulo.martins@empresa.com','estagiário','89012345678','11910987654','/caminho/arquivo8.pdf','89012345678','2025-06-11 00:57:58','2025-06-11 00:57:58'),(9,'Roberta Almeida','roberta.almeida@empresa.com','Gerente','90123456789','11909876543','/caminho/arquivo9.pdf','90123456789','2025-06-11 00:57:58','2025-06-11 00:57:58'),(10,'Tiago Santos','tiago.santos@empresa.com','supervisor','01234567890','11998765432','/caminho/arquivo10.pdf','01234567890','2025-06-11 00:57:58','2025-06-11 00:57:58');
/*!40000 ALTER TABLE `employees` ENABLE KEYS */;
UNLOCK TABLES;

--
-- Table structure for table `pieces`
--

DROP TABLE IF EXISTS `pieces`;
/*!40101 SET @saved_cs_client     = @@character_set_client */;
/*!40101 SET character_set_client = utf8 */;
CREATE TABLE `pieces` (
  `id` int(11) NOT NULL AUTO_INCREMENT,
  `title` varchar(100) NOT NULL,
  `pages` int(11) DEFAULT NULL,
  `published_year` smallint(5) unsigned NOT NULL,
  `category` varchar(20) NOT NULL,
  `is_scanned` binary(1) DEFAULT NULL,
  `edition` varchar(50) DEFAULT NULL,
  `isbn` varchar(13) NOT NULL,
  `language` varchar(10) NOT NULL,
  `cover` enum('Hardcover','Softcover','wireo','Dustjacket') NOT NULL,
  `created_at` datetime NOT NULL,
  `updated_at` datetime NOT NULL,
  `publisher_id` int(11) NOT NULL,
  `alias_id` int(11) NOT NULL,
  PRIMARY KEY (`id`),
  KEY `fk_pieces_publishers1_idx` (`publisher_id`),
  KEY `fk_pieces_aliases1_idx` (`alias_id`),
  CONSTRAINT `fk_pieces_aliases1` FOREIGN KEY (`alias_id`) REFERENCES `aliases` (`id`) ON DELETE NO ACTION ON UPDATE NO ACTION,
  CONSTRAINT `fk_pieces_publishers1` FOREIGN KEY (`publisher_id`) REFERENCES `publishers` (`id`) ON DELETE NO ACTION ON UPDATE NO ACTION
) ENGINE=InnoDB AUTO_INCREMENT=79 DEFAULT CHARSET=utf8 COLLATE=utf8_general_ci;
/*!40101 SET character_set_client = @saved_cs_client */;

--
-- Dumping data for table `pieces`
--

LOCK TABLES `pieces` WRITE;
/*!40000 ALTER TABLE `pieces` DISABLE KEYS */;
INSERT INTO `pieces` VALUES (1,'Dom Casmurro',256,1899,'Romance','','1ª Edição','9788535914849','pt-BR','Hardcover','2025-06-11 00:57:58','2025-06-11 00:57:58',1,1),(2,'A Hora da Estrela',96,1977,'Drama','','2ª Edição','9788535915242','pt-BR','Softcover','2025-06-11 00:57:58','2025-06-11 00:57:58',2,2),(3,'Capitães da Areia',272,1937,'Ficção','\0','3ª Edição','9788520926423','pt-BR','Dustjacket','2025-06-11 00:57:58','2025-06-11 00:57:58',3,3),(4,'Vidas Secas',176,1938,'Romance','','4ª Edição','9788535913491','pt-BR','wireo','2025-06-11 00:57:58','2025-06-11 00:57:58',4,4),(5,'O Saci',140,1921,'Infantil','\0','1ª Edição','9788579022874','pt-BR','Hardcover','2025-06-11 00:57:58','2025-06-11 00:57:58',5,5),(6,'Alguma Poesia',120,1930,'Poesia','','1ª Edição','9788535916881','pt-BR','Softcover','2025-06-11 00:57:58','2025-06-11 00:57:58',6,6),(7,'Romanceiro da Inconfidência',210,1953,'Histórico','','2ª Edição','9788572328560','pt-BR','Dustjacket','2025-06-11 00:57:58','2025-06-11 00:57:58',7,7),(8,'Estrela da Vida Inteira',360,1966,'Poesia','\0','3ª Edição','9788535912777','pt-BR','wireo','2025-06-11 00:57:58','2025-06-11 00:57:58',8,8),(9,'O Quinze',200,1930,'Romance','','2ª Edição','9788535902853','pt-BR','Hardcover','2025-06-11 00:57:58','2025-06-11 00:57:58',9,9),(10,'O Alquimista',208,1988,'Autoajuda','','5ª Edição','9780061122415','pt-BR','Softcover','2025-06-11 00:57:58','2025-06-11 00:57:58',10,10),(11,'Memórias Póstumas de Brás Cubas',224,1881,'Romance','','2ª Edição','9788535911237','pt-BR','Softcover','2025-06-11 00:57:58','2025-06-11 00:57:58',1,1),(12,'Quincas Borba',320,1891,'Romance','\0','3ª Edição','9788572327785','pt-BR','Hardcover','2025-06-11 00:57:58','2025-06-11 00:57:58',1,1),(13,'Perto do Coração Selvagem',192,1943,'Romance','','1ª Edição','9788535917659','pt-BR','Dustjacket','2025-06-11 00:57:58','2025-06-11 00:57:58',2,2),(14,'A Paixão Segundo G.H.',176,1964,'Filosófico','\0','2ª Edição','9788535914566','pt-BR','Softcover','2025-06-11 00:57:58','2025-06-11 00:57:58',2,2),(15,'Dona Flor e Seus Dois Maridos',576,1966,'Romance','','4ª Edição','9788520921008','pt-BR','Hardcover','2025-06-11 00:57:58','2025-06-11 00:57:58',3,3),(16,'Gabriela, Cravo e Canela',368,1958,'Romance','\0','2ª Edição','9788520922319','pt-BR','Softcover','2025-06-11 00:57:58','2025-06-11 00:57:58',3,3),(17,'Infância',160,1945,'Autobiografia','','1ª Edição','9788535907704','pt-BR','wireo','2025-06-11 00:57:58','2025-06-11 00:57:58',4,4),(18,'São Bernardo',192,1934,'Romance','\0','3ª Edição','9788535907919','pt-BR','Softcover','2025-06-11 00:57:58','2025-06-11 00:57:58',4,4),(19,'Reinações de Narizinho',320,1931,'Infantil','','5ª Edição','9788535911114','pt-BR','Hardcover','2025-06-11 00:57:58','2025-06-11 00:57:58',5,5),(20,'Caçadas de Pedrinho',160,1933,'Infantil','','3ª Edição','9788579021235','pt-BR','Softcover','2025-06-11 00:57:58','2025-06-11 00:57:58',5,5),(21,'Sentimento do Mundo',128,1940,'Poesia','\0','1ª Edição','9788535916782','pt-BR','Dustjacket','2025-06-11 00:57:58','2025-06-11 00:57:58',6,6),(22,'Claro Enigma',200,1951,'Poesia','','2ª Edição','9788535918892','pt-BR','Hardcover','2025-06-11 00:57:58','2025-06-11 00:57:58',6,6),(23,'Viagem',144,1939,'Poesia','','1ª Edição','9788535919127','pt-BR','Softcover','2025-06-11 00:57:58','2025-06-11 00:57:58',7,7),(24,'Ou Isto ou Aquilo',96,1964,'Infantil','\0','2ª Edição','9788535917680','pt-BR','Hardcover','2025-06-11 00:57:58','2025-06-11 00:57:58',7,7),(25,'Libertinagem',136,1930,'Poesia','','1ª Edição','9788579028470','pt-BR','wireo','2025-06-11 00:57:58','2025-06-11 00:57:58',8,8),(26,'Itinerário de Pasárgada',200,1954,'Memórias','\0','3ª Edição','9788579027220','pt-BR','Dustjacket','2025-06-11 00:57:58','2025-06-11 00:57:58',8,8),(27,'As Três Marias',240,1939,'Romance','','2ª Edição','9788579023505','pt-BR','Softcover','2025-06-11 00:57:58','2025-06-11 00:57:58',9,9),(28,'Memorial de Maria Moura',360,1992,'Romance','','1ª Edição','9788579023468','pt-BR','Hardcover','2025-06-11 00:57:58','2025-06-11 00:57:58',9,9),(29,'Triste Fim de Policarpo Quaresma',256,1915,'Romance','','1ª Edição','9788572328033','pt-BR','Hardcover','2025-06-11 00:57:58','2025-06-11 00:57:58',1,11),(30,'O Tempo e o Vento',512,1949,'Saga','\0','2ª Edição','9788572328040','pt-BR','Softcover','2025-06-11 00:57:58','2025-06-11 00:57:58',2,12),(31,'Morte e Vida Severina',64,1955,'Poético','','3ª Edição','9788572328057','pt-BR','wireo','2025-06-11 00:57:58','2025-06-11 00:57:58',3,13),(32,'A Obscena Senhora D',144,1982,'Romance','','1ª Edição','9788572328064','pt-BR','Dustjacket','2025-06-11 00:57:58','2025-06-11 00:57:58',4,14),(33,'Agosto',360,1990,'Policial','','4ª Edição','9788572328071','pt-BR','Hardcover','2025-06-11 00:57:58','2025-06-11 00:57:58',5,15),(34,'As Meninas',304,1973,'Romance','','2ª Edição','9788572328088','pt-BR','Softcover','2025-06-11 00:57:58','2025-06-11 00:57:58',6,16),(35,'A Moça Tecelã',112,1994,'Contos','\0','1ª Edição','9788572328095','pt-BR','Dustjacket','2025-06-11 00:57:58','2025-06-11 00:57:58',7,17),(36,'Vestido de Noiva',128,1943,'Teatro','','3ª Edição','9788572328101','pt-BR','wireo','2025-06-11 00:57:58','2025-06-11 00:57:58',8,18),(37,'Ópera dos Mortos',384,1967,'Romance','\0','2ª Edição','9788572328118','pt-BR','Hardcover','2025-06-11 00:57:58','2025-06-11 00:57:58',9,19),(38,'O Filho Eterno',224,2007,'Romance','','1ª Edição','9788572328125','pt-BR','Softcover','2025-06-11 00:57:58','2025-06-11 00:57:58',10,20),(39,'O Centauro no Jardim',272,1980,'Ficção','','2ª Edição','9788572328132','pt-BR','Dustjacket','2025-06-11 00:57:58','2025-06-11 00:57:58',11,21),(40,'Dois Irmãos',384,2000,'Romance','\0','3ª Edição','9788572328149','pt-BR','Hardcover','2025-06-11 00:57:58','2025-06-11 00:57:58',12,22),(41,'Leite Derramado',200,2009,'Romance','','1ª Edição','9788572328156','pt-BR','Softcover','2025-06-11 00:57:58','2025-06-11 00:57:58',13,23),(42,'O Encontro Marcado',320,1956,'Romance','','2ª Edição','9788572328163','pt-BR','Hardcover','2025-06-11 00:57:58','2025-06-11 00:57:58',14,24),(43,'Comédias da Vida Privada',256,1994,'Crônicas','','1ª Edição','9788572328170','pt-BR','Softcover','2025-06-11 00:57:58','2025-06-11 00:57:58',15,25),(44,'Lavoura Arcaica',240,1975,'Romance','\0','2ª Edição','9788572328187','pt-BR','Dustjacket','2025-06-11 00:57:58','2025-06-11 00:57:58',16,26),(45,'Ponciá Vicêncio',176,2003,'Romance','','1ª Edição','9788572328194','pt-BR','wireo','2025-06-11 00:57:58','2025-06-11 00:57:58',17,27),(46,'Nove Noites',208,2002,'Ficção','','3ª Edição','9788572328200','pt-BR','Softcover','2025-06-11 00:57:58','2025-06-11 00:57:58',18,28),(47,'A Chave de Casa',224,2007,'Romance','\0','1ª Edição','9788572328217','pt-BR','Hardcover','2025-06-11 00:57:58','2025-06-11 00:57:58',19,29),(48,'O Invasor',192,2001,'Policial','','2ª Edição','9788572328224','pt-BR','Softcover','2025-06-11 00:57:58','2025-06-11 00:57:58',20,30),(49,'Clara dos Anjos',220,1948,'Romance','','1ª Edição','9788572328231','pt-BR','Softcover','2025-06-11 00:57:58','2025-06-11 00:57:58',1,11),(50,'Incidente em Antares',392,1971,'Ficção','','2ª Edição','9788572328232','pt-BR','Hardcover','2025-06-11 00:57:58','2025-06-11 00:57:58',2,12),(51,'Auto do Frade',180,1984,'Poético','\0','1ª Edição','9788572328233','pt-BR','wireo','2025-06-11 00:57:58','2025-06-11 00:57:58',3,13),(52,'Rútilo Nada',160,1993,'Filosófico','','1ª Edição','9788572328234','pt-BR','Dustjacket','2025-06-11 00:57:58','2025-06-11 00:57:58',4,14),(53,'O Caso Morel',192,1973,'Policial','','2ª Edição','9788572328235','pt-BR','Softcover','2025-06-11 00:57:58','2025-06-11 00:57:58',5,15),(54,'Ciranda de Pedra',288,1954,'Romance','','3ª Edição','9788572328236','pt-BR','Hardcover','2025-06-11 00:57:58','2025-06-11 00:57:58',6,16),(55,'Eu Sei mas Não Devia',128,1996,'Crônicas','\0','1ª Edição','9788572328237','pt-BR','Dustjacket','2025-06-11 00:57:58','2025-06-11 00:57:58',7,17),(56,'A Vida Como Ela É',384,1951,'Contos','','2ª Edição','9788572328238','pt-BR','wireo','2025-06-11 00:57:58','2025-06-11 00:57:58',8,18),(57,'Uma Vida em Segredo',208,1964,'Romance','','1ª Edição','9788572328239','pt-BR','Softcover','2025-06-11 00:57:58','2025-06-11 00:57:58',9,19),(58,'Breve Espaço entre Cor e Sombra',240,1996,'Romance','\0','2ª Edição','9788572328240','pt-BR','Hardcover','2025-06-11 00:57:58','2025-06-11 00:57:58',10,20),(59,'A Mulher que Escreveu a Bíblia',256,1999,'Ficção','','3ª Edição','9788572328241','pt-BR','Dustjacket','2025-06-11 00:57:58','2025-06-11 00:57:58',11,21),(60,'Cinzas do Norte',352,2005,'Romance','','1ª Edição','9788572328242','pt-BR','Softcover','2025-06-11 00:57:58','2025-06-11 00:57:58',12,22),(61,'Budapeste',192,2003,'Romance','\0','2ª Edição','9788572328243','pt-BR','Hardcover','2025-06-11 00:57:58','2025-06-11 00:57:58',13,23),(62,'O Grande Mentecapto',296,1979,'Romance','','3ª Edição','9788572328244','pt-BR','wireo','2025-06-11 00:57:58','2025-06-11 00:57:58',14,24),(63,'Ed Mort',160,1985,'Humor','','2ª Edição','9788572328245','pt-BR','Dustjacket','2025-06-11 00:57:58','2025-06-11 00:57:58',15,25),(64,'Menina a Caminho',200,1997,'Contos','\0','1ª Edição','9788572328246','pt-BR','Softcover','2025-06-11 00:57:58','2025-06-11 00:57:58',16,26),(65,'Histórias de Leves Enganos e Parecenças',176,2003,'Contos','','2ª Edição','9788572328247','pt-BR','Hardcover','2025-06-11 00:57:58','2025-06-11 00:57:58',17,27),(66,'Simpatia pelo Demônio',220,2016,'Ficção','','1ª Edição','9788572328248','pt-BR','Dustjacket','2025-06-11 00:57:58','2025-06-11 00:57:58',18,28),(67,'Dois Rios',240,2011,'Romance','\0','2ª Edição','9788572328249','pt-BR','wireo','2025-06-11 00:57:58','2025-06-11 00:57:58',19,29),(68,'Cabeça a Prêmio',192,2003,'Policial','','3ª Edição','9788572328250','pt-BR','Softcover','2025-06-11 00:57:58','2025-06-11 00:57:58',20,30),(69,'Vida e Morte de M.J. Gonzaga de Sá',180,1919,'Ficção','\0','1ª Edição','9788572328251','pt-BR','Hardcover','2025-06-11 00:57:58','2025-06-11 00:57:58',1,11),(70,'Solo de Clarineta',320,1973,'Memórias','','2ª Edição','9788572328252','pt-BR','Softcover','2025-06-11 00:57:58','2025-06-11 00:57:58',2,12),(71,'A Educação pela Pedra',200,1966,'Poesia','','3ª Edição','9788572328253','pt-BR','Dustjacket','2025-06-11 00:57:58','2025-06-11 00:57:58',3,13),(72,'Cantares de Perda e Predileção',176,1983,'Poemas','','1ª Edição','9788572328254','pt-BR','wireo','2025-06-11 00:57:58','2025-06-11 00:57:58',4,14),(73,'Mandrake: A Bíblia e o Cajado',288,2005,'Policial','','2ª Edição','9788572328255','pt-BR','Softcover','2025-06-11 00:57:58','2025-06-11 00:57:58',5,15),(74,'Verão no Aquário',224,1964,'Romance','\0','3ª Edição','9788572328256','pt-BR','Hardcover','2025-06-11 00:57:58','2025-06-11 00:57:58',6,16),(75,'Minha Ilha Maravilha',208,2003,'Infantil','','1ª Edição','9788572328257','pt-BR','Dustjacket','2025-06-11 00:57:58','2025-06-11 00:57:58',7,17),(76,'O Beijo no Asfalto',144,1960,'Teatro','','2ª Edição','9788572328258','pt-BR','wireo','2025-06-11 00:57:58','2025-06-11 00:57:58',8,18),(77,'A Barca dos Homens',272,1961,'Romance','\0','1ª Edição','9788572328259','pt-BR','Softcover','2025-06-11 00:57:58','2025-06-11 00:57:58',9,19),(78,'Trapo',200,1998,'Romance','','2ª Edição','9788572328260','pt-BR','Hardcover','2025-06-11 00:57:58','2025-06-11 00:57:58',10,20);
/*!40000 ALTER TABLE `pieces` ENABLE KEYS */;
UNLOCK TABLES;

--
-- Table structure for table `publishers`
--

DROP TABLE IF EXISTS `publishers`;
/*!40101 SET @saved_cs_client     = @@character_set_client */;
/*!40101 SET character_set_client = utf8 */;
CREATE TABLE `publishers` (
  `id` int(11) NOT NULL AUTO_INCREMENT,
  `name` varchar(50) NOT NULL,
  `description` varchar(150) NOT NULL,
  `foundation_year` smallint(5) unsigned NOT NULL,
  `created_at` datetime NOT NULL,
  `updated_at` datetime NOT NULL,
  PRIMARY KEY (`id`)
) ENGINE=InnoDB AUTO_INCREMENT=21 DEFAULT CHARSET=utf8 COLLATE=utf8_general_ci;
/*!40101 SET character_set_client = @saved_cs_client */;

--
-- Dumping data for table `publishers`
--

LOCK TABLES `publishers` WRITE;
/*!40000 ALTER TABLE `publishers` DISABLE KEYS */;
INSERT INTO `publishers` VALUES (1,'Companhia das Letras','Uma das maiores editoras do Brasil, publica literatura nacional e estrangeira.',1986,'2025-06-11 00:57:58','2025-06-11 00:57:58'),(2,'Record','Editora brasileira com catálogo diversificado incluindo ficção, não ficção e biografias.',1942,'2025-06-11 00:57:58','2025-06-11 00:57:58'),(3,'Rocco','Famosa por publicar a saga Harry Potter no Brasil, atua em diversos gêneros.',1975,'2025-06-11 00:57:58','2025-06-11 00:57:58'),(4,'Objetiva','Editora voltada para jornalismo, política e atualidades.',1997,'2025-06-11 00:57:58','2025-06-11 00:57:58'),(5,'Intrínseca','Conhecida por livros de ficção contemporânea e best-sellers internacionais.',2003,'2025-06-11 00:57:58','2025-06-11 00:57:58'),(6,'Saraiva','Tradicional editora e livraria com foco em obras acadêmicas e didáticas.',1914,'2025-06-11 00:57:58','2025-06-11 00:57:58'),(7,'Nova Fronteira','Publica grandes nomes da literatura brasileira e clássicos internacionais.',1965,'2025-06-11 00:57:58','2025-06-11 00:57:58'),(8,'Editora Globo','Braço editorial do Grupo Globo, com catálogo de não ficção e literatura.',1883,'2025-06-11 00:57:58','2025-06-11 00:57:58'),(9,'Planeta do Brasil','Filial brasileira do Grupo Planeta, com títulos comerciais e religiosos.',2003,'2025-06-11 00:57:58','2025-06-11 00:57:58'),(10,'L&PM Editores','Referência em livros de bolso, literatura clássica e contemporânea.',1974,'2025-06-11 00:57:58','2025-06-11 00:57:58'),(11,'Martins Fontes','Forte em livros acadêmicos, técnicos e literatura universal.',1960,'2025-06-11 00:57:58','2025-06-11 00:57:58'),(12,'Autêntica','Editora mineira que publica desde literatura até livros técnicos.',1997,'2025-06-11 00:57:58','2025-06-11 00:57:58'),(13,'Editora 34','Editora independente conhecida por seu catálogo refinado e acadêmico.',1992,'2025-06-11 00:57:58','2025-06-11 00:57:58'),(14,'Zahar','Editora de ciências humanas com títulos históricos e sociológicos.',1956,'2025-06-11 00:57:58','2025-06-11 00:57:58'),(15,'Paz e Terra','Editora voltada para ciências sociais, política e filosofia.',1964,'2025-06-11 00:57:58','2025-06-11 00:57:58'),(16,'FTD Educação','Tradicional editora de livros didáticos e paradidáticos.',1902,'2025-06-11 00:57:58','2025-06-11 00:57:58'),(17,'Cia. Editora Nacional','Editora histórica com foco em educação e cultura.',1925,'2025-06-11 00:57:58','2025-06-11 00:57:58'),(18,'Editora Ática','Conhecida por livros escolares e literatura infantojuvenil.',1965,'2025-06-11 00:57:58','2025-06-11 00:57:58'),(19,'Editora Moderna','Especialista em materiais didáticos e paradidáticos.',1968,'2025-06-11 00:57:58','2025-06-11 00:57:58'),(20,'Seguinte','Selo jovem da Companhia das Letras, foca em literatura juvenil.',2012,'2025-06-11 00:57:58','2025-06-11 00:57:58');
/*!40000 ALTER TABLE `publishers` ENABLE KEYS */;
UNLOCK TABLES;

--
-- Table structure for table `rentals`
--

DROP TABLE IF EXISTS `rentals`;
/*!40101 SET @saved_cs_client     = @@character_set_client */;
/*!40101 SET character_set_client = utf8 */;
CREATE TABLE `rentals` (
  `id` int(11) NOT NULL AUTO_INCREMENT,
  `withdrawal_date` datetime NOT NULL,
  `planned_date` date NOT NULL,
  `created_at` datetime NOT NULL,
  `updated_at` datetime NOT NULL,
  `client_id` int(11) NOT NULL,
  `employee_id` int(11) NOT NULL,
  PRIMARY KEY (`id`),
  KEY `fk_rentals_clients1_idx` (`client_id`),
  KEY `fk_rentals_employees1_idx` (`employee_id`),
  CONSTRAINT `fk_rentals_clients1` FOREIGN KEY (`client_id`) REFERENCES `clients` (`id`) ON DELETE NO ACTION ON UPDATE NO ACTION,
  CONSTRAINT `fk_rentals_employees1` FOREIGN KEY (`employee_id`) REFERENCES `employees` (`id`) ON DELETE NO ACTION ON UPDATE NO ACTION
) ENGINE=InnoDB AUTO_INCREMENT=1041 DEFAULT CHARSET=armscii8 COLLATE=armscii8_general_ci;
/*!40101 SET character_set_client = @saved_cs_client */;

--
-- Dumping data for table `rentals`
--

LOCK TABLES `rentals` WRITE;
/*!40000 ALTER TABLE `rentals` DISABLE KEYS */;
INSERT INTO `rentals` VALUES (1,'2024-12-03 00:00:00','2024-12-10','2025-06-11 00:57:58','2025-06-11 00:57:58',1,1),(2,'2024-12-03 00:00:00','2024-12-10','2025-06-11 00:57:58','2025-06-11 00:57:58',2,2),(3,'2024-12-03 00:00:00','2024-12-10','2025-06-11 00:57:58','2025-06-11 00:57:58',3,10),(4,'2024-12-03 00:00:00','2024-12-10','2025-06-11 00:57:58','2025-06-11 00:57:58',4,2),(5,'2024-12-03 00:00:00','2024-12-10','2025-06-11 00:57:58','2025-06-11 00:57:58',5,2),(6,'2024-12-03 00:00:00','2024-12-10','2025-06-11 00:57:58','2025-06-11 00:57:58',6,8),(7,'2024-12-03 00:00:00','2024-12-10','2025-06-11 00:57:58','2025-06-11 00:57:58',7,8),(8,'2024-12-03 00:00:00','2024-12-10','2025-06-11 00:57:58','2025-06-11 00:57:58',8,2),(9,'2024-12-03 00:00:00','2024-12-10','2025-06-11 00:57:58','2025-06-11 00:57:58',9,10),(10,'2024-12-03 00:00:00','2024-12-10','2025-06-11 00:57:58','2025-06-11 00:57:58',10,7),(11,'2024-12-03 00:00:00','2024-12-10','2025-06-11 00:57:58','2025-06-11 00:57:58',11,8),(12,'2024-12-03 00:00:00','2024-12-10','2025-06-11 00:57:58','2025-06-11 00:57:58',12,1),(13,'2024-12-03 00:00:00','2024-12-10','2025-06-11 00:57:58','2025-06-11 00:57:58',13,8),(14,'2024-12-03 00:00:00','2024-12-10','2025-06-11 00:57:58','2025-06-11 00:57:58',14,7),(15,'2024-12-03 00:00:00','2024-12-10','2025-06-11 00:57:58','2025-06-11 00:57:58',15,6),(16,'2024-12-03 00:00:00','2024-12-10','2025-06-11 00:57:58','2025-06-11 00:57:58',16,3),(17,'2024-12-04 00:00:00','2024-12-11','2025-06-11 00:57:58','2025-06-11 00:57:58',17,2),(18,'2024-12-04 00:00:00','2024-12-11','2025-06-11 00:57:58','2025-06-11 00:57:58',18,7),(19,'2024-12-04 00:00:00','2024-12-11','2025-06-11 00:57:58','2025-06-11 00:57:58',7,8),(20,'2024-12-04 00:00:00','2024-12-11','2025-06-11 00:57:58','2025-06-11 00:57:58',14,1),(21,'2024-12-04 00:00:00','2024-12-11','2025-06-11 00:57:58','2025-06-11 00:57:58',1,2),(22,'2024-12-04 00:00:00','2024-12-11','2025-06-11 00:57:58','2025-06-11 00:57:58',12,9),(23,'2024-12-04 00:00:00','2024-12-11','2025-06-11 00:57:58','2025-06-11 00:57:58',10,5),(24,'2024-12-04 00:00:00','2024-12-11','2025-06-11 00:57:58','2025-06-11 00:57:58',15,9),(25,'2024-12-04 00:00:00','2024-12-11','2025-06-11 00:57:58','2025-06-11 00:57:58',3,1),(26,'2024-12-04 00:00:00','2024-12-11','2025-06-11 00:57:58','2025-06-11 00:57:58',5,2),(27,'2024-12-04 00:00:00','2024-12-11','2025-06-11 00:57:58','2025-06-11 00:57:58',13,4),(28,'2024-12-04 00:00:00','2024-12-11','2025-06-11 00:57:58','2025-06-11 00:57:58',8,4),(29,'2024-12-04 00:00:00','2024-12-11','2025-06-11 00:57:58','2025-06-11 00:57:58',16,2),(30,'2024-12-04 00:00:00','2024-12-11','2025-06-11 00:57:58','2025-06-11 00:57:58',4,5),(31,'2024-12-04 00:00:00','2024-12-11','2025-06-11 00:57:58','2025-06-11 00:57:58',6,3),(32,'2024-12-04 00:00:00','2024-12-11','2025-06-11 00:57:58','2025-06-11 00:57:58',9,3),(33,'2024-12-05 00:00:00','2024-12-12','2025-06-11 00:57:58','2025-06-11 00:57:58',19,7),(34,'2024-12-05 00:00:00','2024-12-12','2025-06-11 00:57:58','2025-06-11 00:57:58',20,2),(35,'2024-12-05 00:00:00','2024-12-12','2025-06-11 00:57:58','2025-06-11 00:57:58',9,8),(36,'2024-12-05 00:00:00','2024-12-12','2025-06-11 00:57:58','2025-06-11 00:57:58',5,9),(37,'2024-12-05 00:00:00','2024-12-12','2025-06-11 00:57:58','2025-06-11 00:57:58',1,2),(38,'2024-12-05 00:00:00','2024-12-12','2025-06-11 00:57:58','2025-06-11 00:57:58',2,9),(39,'2024-12-05 00:00:00','2024-12-12','2025-06-11 00:57:58','2025-06-11 00:57:58',6,10),(40,'2024-12-05 00:00:00','2024-12-12','2025-06-11 00:57:58','2025-06-11 00:57:58',16,1),(41,'2024-12-05 00:00:00','2024-12-12','2025-06-11 00:57:58','2025-06-11 00:57:58',18,6),(42,'2024-12-05 00:00:00','2024-12-12','2025-06-11 00:57:58','2025-06-11 00:57:58',7,6),(43,'2024-12-05 00:00:00','2024-12-12','2025-06-11 00:57:58','2025-06-11 00:57:58',11,9),(44,'2024-12-05 00:00:00','2024-12-12','2025-06-11 00:57:58','2025-06-11 00:57:58',8,7),(45,'2024-12-05 00:00:00','2024-12-12','2025-06-11 00:57:58','2025-06-11 00:57:58',4,6),(46,'2024-12-05 00:00:00','2024-12-12','2025-06-11 00:57:58','2025-06-11 00:57:58',14,10),(47,'2024-12-05 00:00:00','2024-12-12','2025-06-11 00:57:58','2025-06-11 00:57:58',15,8),(48,'2024-12-05 00:00:00','2024-12-12','2025-06-11 00:57:58','2025-06-11 00:57:58',3,10),(49,'2024-12-06 00:00:00','2024-12-13','2025-06-11 00:57:58','2025-06-11 00:57:58',21,3),(50,'2024-12-06 00:00:00','2024-12-13','2025-06-11 00:57:58','2025-06-11 00:57:58',22,5),(51,'2024-12-06 00:00:00','2024-12-13','2025-06-11 00:57:58','2025-06-11 00:57:58',10,2),(52,'2024-12-06 00:00:00','2024-12-13','2025-06-11 00:57:58','2025-06-11 00:57:58',16,6),(53,'2024-12-06 00:00:00','2024-12-13','2025-06-11 00:57:58','2025-06-11 00:57:58',5,3),(54,'2024-12-06 00:00:00','2024-12-13','2025-06-11 00:57:58','2025-06-11 00:57:58',19,5),(55,'2024-12-06 00:00:00','2024-12-13','2025-06-11 00:57:58','2025-06-11 00:57:58',20,1),(56,'2024-12-06 00:00:00','2024-12-13','2025-06-11 00:57:58','2025-06-11 00:57:58',2,5),(57,'2024-12-06 00:00:00','2024-12-13','2025-06-11 00:57:58','2025-06-11 00:57:58',6,1),(58,'2024-12-06 00:00:00','2024-12-13','2025-06-11 00:57:58','2025-06-11 00:57:58',1,3),(59,'2024-12-06 00:00:00','2024-12-13','2025-06-11 00:57:58','2025-06-11 00:57:58',8,3),(60,'2024-12-06 00:00:00','2024-12-13','2025-06-11 00:57:58','2025-06-11 00:57:58',14,5),(61,'2024-12-06 00:00:00','2024-12-13','2025-06-11 00:57:58','2025-06-11 00:57:58',15,1),(62,'2024-12-06 00:00:00','2024-12-13','2025-06-11 00:57:58','2025-06-11 00:57:58',7,9),(63,'2024-12-06 00:00:00','2024-12-13','2025-06-11 00:57:58','2025-06-11 00:57:58',17,6),(64,'2024-12-06 00:00:00','2024-12-13','2025-06-11 00:57:58','2025-06-11 00:57:58',13,4),(65,'2024-12-09 00:00:00','2024-12-16','2025-06-11 00:57:58','2025-06-11 00:57:58',23,4),(66,'2024-12-09 00:00:00','2024-12-16','2025-06-11 00:57:58','2025-06-11 00:57:58',24,5),(67,'2024-12-09 00:00:00','2024-12-16','2025-06-11 00:57:58','2025-06-11 00:57:58',6,8),(68,'2024-12-09 00:00:00','2024-12-16','2025-06-11 00:57:58','2025-06-11 00:57:58',1,6),(69,'2024-12-09 00:00:00','2024-12-16','2025-06-11 00:57:58','2025-06-11 00:57:58',5,10),(70,'2024-12-09 00:00:00','2024-12-16','2025-06-11 00:57:58','2025-06-11 00:57:58',20,10),(71,'2024-12-09 00:00:00','2024-12-16','2025-06-11 00:57:58','2025-06-11 00:57:58',10,2),(72,'2024-12-09 00:00:00','2024-12-16','2025-06-11 00:57:58','2025-06-11 00:57:58',15,7),(73,'2024-12-09 00:00:00','2024-12-16','2025-06-11 00:57:58','2025-06-11 00:57:58',12,7),(74,'2024-12-09 00:00:00','2024-12-16','2025-06-11 00:57:58','2025-06-11 00:57:58',11,4),(75,'2024-12-09 00:00:00','2024-12-16','2025-06-11 00:57:58','2025-06-11 00:57:58',9,2),(76,'2024-12-09 00:00:00','2024-12-16','2025-06-11 00:57:58','2025-06-11 00:57:58',3,10),(77,'2024-12-09 00:00:00','2024-12-16','2025-06-11 00:57:58','2025-06-11 00:57:58',4,1),(78,'2024-12-09 00:00:00','2024-12-16','2025-06-11 00:57:58','2025-06-11 00:57:58',14,7),(79,'2024-12-09 00:00:00','2024-12-16','2025-06-11 00:57:58','2025-06-11 00:57:58',13,3),(80,'2024-12-09 00:00:00','2024-12-16','2025-06-11 00:57:58','2025-06-11 00:57:58',17,5),(81,'2024-12-10 00:00:00','2024-12-17','2025-06-11 00:57:58','2025-06-11 00:57:58',25,2),(82,'2024-12-10 00:00:00','2024-12-17','2025-06-11 00:57:58','2025-06-11 00:57:58',26,7),(83,'2024-12-10 00:00:00','2024-12-17','2025-06-11 00:57:58','2025-06-11 00:57:58',27,7),(84,'2024-12-10 00:00:00','2024-12-17','2025-06-11 00:57:58','2025-06-11 00:57:58',28,10),(85,'2024-12-10 00:00:00','2024-12-17','2025-06-11 00:57:58','2025-06-11 00:57:58',29,2),(86,'2024-12-10 00:00:00','2024-12-17','2025-06-11 00:57:58','2025-06-11 00:57:58',30,4),(87,'2024-12-10 00:00:00','2024-12-17','2025-06-11 00:57:58','2025-06-11 00:57:58',31,8),(88,'2024-12-10 00:00:00','2024-12-17','2025-06-11 00:57:58','2025-06-11 00:57:58',32,4),(89,'2024-12-10 00:00:00','2024-12-17','2025-06-11 00:57:58','2025-06-11 00:57:58',33,4),(90,'2024-12-10 00:00:00','2024-12-17','2025-06-11 00:57:58','2025-06-11 00:57:58',34,2),(91,'2024-12-10 00:00:00','2024-12-17','2025-06-11 00:57:58','2025-06-11 00:57:58',35,10),(92,'2024-12-10 00:00:00','2024-12-17','2025-06-11 00:57:58','2025-06-11 00:57:58',36,1),(93,'2024-12-10 00:00:00','2024-12-17','2025-06-11 00:57:58','2025-06-11 00:57:58',37,10),(94,'2024-12-10 00:00:00','2024-12-17','2025-06-11 00:57:58','2025-06-11 00:57:58',38,10),(95,'2024-12-10 00:00:00','2024-12-17','2025-06-11 00:57:58','2025-06-11 00:57:58',39,3),(96,'2024-12-10 00:00:00','2024-12-17','2025-06-11 00:57:58','2025-06-11 00:57:58',40,8),(97,'2024-12-11 00:00:00','2024-12-18','2025-06-11 00:57:58','2025-06-11 00:57:58',41,6),(98,'2024-12-11 00:00:00','2024-12-18','2025-06-11 00:57:58','2025-06-11 00:57:58',42,1),(99,'2024-12-11 00:00:00','2024-12-18','2025-06-11 00:57:58','2025-06-11 00:57:58',37,1),(100,'2024-12-11 00:00:00','2024-12-18','2025-06-11 00:57:58','2025-06-11 00:57:58',30,6),(101,'2024-12-11 00:00:00','2024-12-18','2025-06-11 00:57:58','2025-06-11 00:57:58',1,1),(102,'2024-12-11 00:00:00','2024-12-18','2025-06-11 00:57:58','2025-06-11 00:57:58',33,8),(103,'2024-12-11 00:00:00','2024-12-18','2025-06-11 00:57:58','2025-06-11 00:57:58',3,6),(104,'2024-12-11 00:00:00','2024-12-18','2025-06-11 00:57:58','2025-06-11 00:57:58',34,3),(105,'2024-12-11 00:00:00','2024-12-18','2025-06-11 00:57:58','2025-06-11 00:57:58',27,7),(106,'2024-12-11 00:00:00','2024-12-18','2025-06-11 00:57:58','2025-06-11 00:57:58',24,7),(107,'2024-12-11 00:00:00','2024-12-18','2025-06-11 00:57:58','2025-06-11 00:57:58',10,9),(108,'2024-12-11 00:00:00','2024-12-18','2025-06-11 00:57:58','2025-06-11 00:57:58',39,8),(109,'2024-12-11 00:00:00','2024-12-18','2025-06-11 00:57:58','2025-06-11 00:57:58',9,10),(110,'2024-12-11 00:00:00','2024-12-18','2025-06-11 00:57:58','2025-06-11 00:57:58',17,7),(111,'2024-12-11 00:00:00','2024-12-18','2025-06-11 00:57:58','2025-06-11 00:57:58',18,2),(112,'2024-12-11 00:00:00','2024-12-18','2025-06-11 00:57:58','2025-06-11 00:57:58',40,9),(113,'2024-12-12 00:00:00','2024-12-19','2025-06-11 00:57:58','2025-06-11 00:57:58',43,10),(114,'2024-12-12 00:00:00','2024-12-19','2025-06-11 00:57:58','2025-06-11 00:57:58',44,1),(115,'2024-12-12 00:00:00','2024-12-19','2025-06-11 00:57:58','2025-06-11 00:57:58',22,6),(116,'2024-12-12 00:00:00','2024-12-19','2025-06-11 00:57:58','2025-06-11 00:57:58',5,6),(117,'2024-12-12 00:00:00','2024-12-19','2025-06-11 00:57:58','2025-06-11 00:57:58',36,10),(118,'2024-12-12 00:00:00','2024-12-19','2025-06-11 00:57:58','2025-06-11 00:57:58',32,2),(119,'2024-12-12 00:00:00','2024-12-19','2025-06-11 00:57:58','2025-06-11 00:57:58',27,4),(120,'2024-12-12 00:00:00','2024-12-19','2025-06-11 00:57:58','2025-06-11 00:57:58',33,7),(121,'2024-12-12 00:00:00','2024-12-19','2025-06-11 00:57:58','2025-06-11 00:57:58',3,8),(122,'2024-12-12 00:00:00','2024-12-19','2025-06-11 00:57:58','2025-06-11 00:57:58',16,3),(123,'2024-12-12 00:00:00','2024-12-19','2025-06-11 00:57:58','2025-06-11 00:57:58',20,10),(124,'2024-12-12 00:00:00','2024-12-19','2025-06-11 00:57:58','2025-06-11 00:57:58',7,3),(125,'2024-12-12 00:00:00','2024-12-19','2025-06-11 00:57:58','2025-06-11 00:57:58',30,8),(126,'2024-12-12 00:00:00','2024-12-19','2025-06-11 00:57:58','2025-06-11 00:57:58',12,6),(127,'2024-12-12 00:00:00','2024-12-19','2025-06-11 00:57:58','2025-06-11 00:57:58',11,10),(128,'2024-12-12 00:00:00','2024-12-19','2025-06-11 00:57:58','2025-06-11 00:57:58',28,4),(129,'2024-12-13 00:00:00','2024-12-20','2025-06-11 00:57:58','2025-06-11 00:57:58',45,10),(130,'2024-12-13 00:00:00','2024-12-20','2025-06-11 00:57:58','2025-06-11 00:57:58',46,6),(131,'2024-12-13 00:00:00','2024-12-20','2025-06-11 00:57:58','2025-06-11 00:57:58',27,9),(132,'2024-12-13 00:00:00','2024-12-20','2025-06-11 00:57:58','2025-06-11 00:57:58',5,9),(133,'2024-12-13 00:00:00','2024-12-20','2025-06-11 00:57:58','2025-06-11 00:57:58',13,7),(134,'2024-12-13 00:00:00','2024-12-20','2025-06-11 00:57:58','2025-06-11 00:57:58',41,10),(135,'2024-12-13 00:00:00','2024-12-20','2025-06-11 00:57:58','2025-06-11 00:57:58',26,9),(136,'2024-12-13 00:00:00','2024-12-20','2025-06-11 00:57:58','2025-06-11 00:57:58',15,6),(137,'2024-12-13 00:00:00','2024-12-20','2025-06-11 00:57:58','2025-06-11 00:57:58',33,1),(138,'2024-12-13 00:00:00','2024-12-20','2025-06-11 00:57:58','2025-06-11 00:57:58',6,10),(139,'2024-12-13 00:00:00','2024-12-20','2025-06-11 00:57:58','2025-06-11 00:57:58',40,5),(140,'2024-12-13 00:00:00','2024-12-20','2025-06-11 00:57:58','2025-06-11 00:57:58',25,3),(141,'2024-12-13 00:00:00','2024-12-20','2025-06-11 00:57:58','2025-06-11 00:57:58',3,10),(142,'2024-12-13 00:00:00','2024-12-20','2025-06-11 00:57:58','2025-06-11 00:57:58',34,4),(143,'2024-12-13 00:00:00','2024-12-20','2025-06-11 00:57:58','2025-06-11 00:57:58',31,1),(144,'2024-12-13 00:00:00','2024-12-20','2025-06-11 00:57:58','2025-06-11 00:57:58',4,8),(145,'2024-12-16 00:00:00','2024-12-23','2025-06-11 00:57:58','2025-06-11 00:57:58',47,8),(146,'2024-12-16 00:00:00','2024-12-23','2025-06-11 00:57:58','2025-06-11 00:57:58',48,8),(147,'2024-12-16 00:00:00','2024-12-23','2025-06-11 00:57:58','2025-06-11 00:57:58',42,3),(148,'2024-12-16 00:00:00','2024-12-23','2025-06-11 00:57:58','2025-06-11 00:57:58',28,8),(149,'2024-12-16 00:00:00','2024-12-23','2025-06-11 00:57:58','2025-06-11 00:57:58',22,6),(150,'2024-12-16 00:00:00','2024-12-23','2025-06-11 00:57:58','2025-06-11 00:57:58',20,10),(151,'2024-12-16 00:00:00','2024-12-23','2025-06-11 00:57:58','2025-06-11 00:57:58',1,7),(152,'2024-12-16 00:00:00','2024-12-23','2025-06-11 00:57:58','2025-06-11 00:57:58',23,10),(153,'2024-12-16 00:00:00','2024-12-23','2025-06-11 00:57:58','2025-06-11 00:57:58',32,8),(154,'2024-12-16 00:00:00','2024-12-23','2025-06-11 00:57:58','2025-06-11 00:57:58',36,6),(155,'2024-12-16 00:00:00','2024-12-23','2025-06-11 00:57:58','2025-06-11 00:57:58',13,4),(156,'2024-12-16 00:00:00','2024-12-23','2025-06-11 00:57:58','2025-06-11 00:57:58',25,6),(157,'2024-12-16 00:00:00','2024-12-23','2025-06-11 00:57:58','2025-06-11 00:57:58',9,8),(158,'2024-12-16 00:00:00','2024-12-23','2025-06-11 00:57:58','2025-06-11 00:57:58',8,6),(159,'2024-12-16 00:00:00','2024-12-23','2025-06-11 00:57:58','2025-06-11 00:57:58',29,7),(160,'2024-12-16 00:00:00','2024-12-23','2025-06-11 00:57:58','2025-06-11 00:57:58',37,7),(161,'2024-12-17 00:00:00','2024-12-24','2025-06-11 00:57:58','2025-06-11 00:57:58',49,4),(162,'2024-12-17 00:00:00','2024-12-24','2025-06-11 00:57:58','2025-06-11 00:57:58',50,1),(163,'2024-12-17 00:00:00','2024-12-24','2025-06-11 00:57:58','2025-06-11 00:57:58',51,1),(164,'2024-12-17 00:00:00','2024-12-24','2025-06-11 00:57:58','2025-06-11 00:57:58',52,1),(165,'2024-12-17 00:00:00','2024-12-24','2025-06-11 00:57:58','2025-06-11 00:57:58',53,8),(166,'2024-12-17 00:00:00','2024-12-24','2025-06-11 00:57:58','2025-06-11 00:57:58',54,8),(167,'2024-12-17 00:00:00','2024-12-24','2025-06-11 00:57:58','2025-06-11 00:57:58',55,7),(168,'2024-12-17 00:00:00','2024-12-24','2025-06-11 00:57:58','2025-06-11 00:57:58',56,6),(169,'2024-12-17 00:00:00','2024-12-24','2025-06-11 00:57:58','2025-06-11 00:57:58',57,1),(170,'2024-12-17 00:00:00','2024-12-24','2025-06-11 00:57:58','2025-06-11 00:57:58',58,5),(171,'2024-12-17 00:00:00','2024-12-24','2025-06-11 00:57:58','2025-06-11 00:57:58',59,2),(172,'2024-12-17 00:00:00','2024-12-24','2025-06-11 00:57:58','2025-06-11 00:57:58',60,3),(173,'2024-12-17 00:00:00','2024-12-24','2025-06-11 00:57:58','2025-06-11 00:57:58',61,7),(174,'2024-12-17 00:00:00','2024-12-24','2025-06-11 00:57:58','2025-06-11 00:57:58',62,9),(175,'2024-12-17 00:00:00','2024-12-24','2025-06-11 00:57:58','2025-06-11 00:57:58',63,10),(176,'2024-12-17 00:00:00','2024-12-24','2025-06-11 00:57:58','2025-06-11 00:57:58',64,4),(177,'2024-12-18 00:00:00','2024-12-25','2025-06-11 00:57:58','2025-06-11 00:57:58',65,2),(178,'2024-12-18 00:00:00','2024-12-25','2025-06-11 00:57:58','2025-06-11 00:57:58',66,4),(179,'2024-12-18 00:00:00','2024-12-25','2025-06-11 00:57:58','2025-06-11 00:57:58',14,6),(180,'2024-12-18 00:00:00','2024-12-25','2025-06-11 00:57:58','2025-06-11 00:57:58',11,4),(181,'2024-12-18 00:00:00','2024-12-25','2025-06-11 00:57:58','2025-06-11 00:57:58',28,2),(182,'2024-12-18 00:00:00','2024-12-25','2025-06-11 00:57:58','2025-06-11 00:57:58',8,9),(183,'2024-12-18 00:00:00','2024-12-25','2025-06-11 00:57:58','2025-06-11 00:57:58',35,1),(184,'2024-12-18 00:00:00','2024-12-25','2025-06-11 00:57:58','2025-06-11 00:57:58',29,2),(185,'2024-12-18 00:00:00','2024-12-25','2025-06-11 00:57:58','2025-06-11 00:57:58',37,2),(186,'2024-12-18 00:00:00','2024-12-25','2025-06-11 00:57:58','2025-06-11 00:57:58',46,4),(187,'2024-12-18 00:00:00','2024-12-25','2025-06-11 00:57:58','2025-06-11 00:57:58',36,4),(188,'2024-12-18 00:00:00','2024-12-25','2025-06-11 00:57:58','2025-06-11 00:57:58',1,2),(189,'2024-12-18 00:00:00','2024-12-25','2025-06-11 00:57:58','2025-06-11 00:57:58',55,7),(190,'2024-12-18 00:00:00','2024-12-25','2025-06-11 00:57:58','2025-06-11 00:57:58',50,10),(191,'2024-12-18 00:00:00','2024-12-25','2025-06-11 00:57:58','2025-06-11 00:57:58',23,2),(192,'2024-12-18 00:00:00','2024-12-25','2025-06-11 00:57:58','2025-06-11 00:57:58',41,9),(193,'2024-12-19 00:00:00','2024-12-26','2025-06-11 00:57:58','2025-06-11 00:57:58',67,7),(194,'2024-12-19 00:00:00','2024-12-26','2025-06-11 00:57:58','2025-06-11 00:57:58',68,4),(195,'2024-12-19 00:00:00','2024-12-26','2025-06-11 00:57:58','2025-06-11 00:57:58',47,5),(196,'2024-12-19 00:00:00','2024-12-26','2025-06-11 00:57:58','2025-06-11 00:57:58',52,4),(197,'2024-12-19 00:00:00','2024-12-26','2025-06-11 00:57:58','2025-06-11 00:57:58',30,8),(198,'2024-12-19 00:00:00','2024-12-26','2025-06-11 00:57:58','2025-06-11 00:57:58',39,7),(199,'2024-12-19 00:00:00','2024-12-26','2025-06-11 00:57:58','2025-06-11 00:57:58',54,8),(200,'2024-12-19 00:00:00','2024-12-26','2025-06-11 00:57:58','2025-06-11 00:57:58',53,2),(201,'2024-12-19 00:00:00','2024-12-26','2025-06-11 00:57:58','2025-06-11 00:57:58',59,6),(202,'2024-12-19 00:00:00','2024-12-26','2025-06-11 00:57:58','2025-06-11 00:57:58',7,10),(203,'2024-12-19 00:00:00','2024-12-26','2025-06-11 00:57:58','2025-06-11 00:57:58',57,3),(204,'2024-12-19 00:00:00','2024-12-26','2025-06-11 00:57:58','2025-06-11 00:57:58',18,6),(205,'2024-12-19 00:00:00','2024-12-26','2025-06-11 00:57:58','2025-06-11 00:57:58',2,8),(206,'2024-12-19 00:00:00','2024-12-26','2025-06-11 00:57:58','2025-06-11 00:57:58',5,6),(207,'2024-12-19 00:00:00','2024-12-26','2025-06-11 00:57:58','2025-06-11 00:57:58',62,7),(208,'2024-12-19 00:00:00','2024-12-26','2025-06-11 00:57:58','2025-06-11 00:57:58',55,3),(209,'2024-12-20 00:00:00','2024-12-27','2025-06-11 00:57:58','2025-06-11 00:57:58',69,2),(210,'2024-12-20 00:00:00','2024-12-27','2025-06-11 00:57:58','2025-06-11 00:57:58',70,3),(211,'2024-12-20 00:00:00','2024-12-27','2025-06-11 00:57:58','2025-06-11 00:57:58',27,3),(212,'2024-12-20 00:00:00','2024-12-27','2025-06-11 00:57:58','2025-06-11 00:57:58',43,7),(213,'2024-12-20 00:00:00','2024-12-27','2025-06-11 00:57:58','2025-06-11 00:57:58',2,10),(214,'2024-12-20 00:00:00','2024-12-27','2025-06-11 00:57:58','2025-06-11 00:57:58',68,5),(215,'2024-12-20 00:00:00','2024-12-27','2025-06-11 00:57:58','2025-06-11 00:57:58',7,4),(216,'2024-12-20 00:00:00','2024-12-27','2025-06-11 00:57:58','2025-06-11 00:57:58',24,2),(217,'2024-12-20 00:00:00','2024-12-27','2025-06-11 00:57:58','2025-06-11 00:57:58',20,10),(218,'2024-12-20 00:00:00','2024-12-27','2025-06-11 00:57:58','2025-06-11 00:57:58',52,3),(219,'2024-12-20 00:00:00','2024-12-27','2025-06-11 00:57:58','2025-06-11 00:57:58',35,3),(220,'2024-12-20 00:00:00','2024-12-27','2025-06-11 00:57:58','2025-06-11 00:57:58',65,1),(221,'2024-12-20 00:00:00','2024-12-27','2025-06-11 00:57:58','2025-06-11 00:57:58',15,3),(222,'2024-12-20 00:00:00','2024-12-27','2025-06-11 00:57:58','2025-06-11 00:57:58',45,4),(223,'2024-12-20 00:00:00','2024-12-27','2025-06-11 00:57:58','2025-06-11 00:57:58',54,7),(224,'2024-12-20 00:00:00','2024-12-27','2025-06-11 00:57:58','2025-06-11 00:57:58',66,1),(225,'2024-12-23 00:00:00','2024-12-30','2025-06-11 00:57:58','2025-06-11 00:57:58',71,10),(226,'2024-12-23 00:00:00','2024-12-30','2025-06-11 00:57:58','2025-06-11 00:57:58',72,7),(227,'2024-12-23 00:00:00','2024-12-30','2025-06-11 00:57:58','2025-06-11 00:57:58',44,8),(228,'2024-12-23 00:00:00','2024-12-30','2025-06-11 00:57:58','2025-06-11 00:57:58',24,1),(229,'2024-12-23 00:00:00','2024-12-30','2025-06-11 00:57:58','2025-06-11 00:57:58',33,8),(230,'2024-12-23 00:00:00','2024-12-30','2025-06-11 00:57:58','2025-06-11 00:57:58',66,1),(231,'2024-12-23 00:00:00','2024-12-30','2025-06-11 00:57:58','2025-06-11 00:57:58',51,2),(232,'2024-12-23 00:00:00','2024-12-30','2025-06-11 00:57:58','2025-06-11 00:57:58',3,2),(233,'2024-12-23 00:00:00','2024-12-30','2025-06-11 00:57:58','2025-06-11 00:57:58',39,8),(234,'2024-12-23 00:00:00','2024-12-30','2025-06-11 00:57:58','2025-06-11 00:57:58',6,9),(235,'2024-12-23 00:00:00','2024-12-30','2025-06-11 00:57:58','2025-06-11 00:57:58',13,6),(236,'2024-12-23 00:00:00','2024-12-30','2025-06-11 00:57:58','2025-06-11 00:57:58',26,8),(237,'2024-12-23 00:00:00','2024-12-30','2025-06-11 00:57:58','2025-06-11 00:57:58',28,10),(238,'2024-12-23 00:00:00','2024-12-30','2025-06-11 00:57:58','2025-06-11 00:57:58',50,7),(239,'2024-12-23 00:00:00','2024-12-30','2025-06-11 00:57:58','2025-06-11 00:57:58',65,8),(240,'2024-12-23 00:00:00','2024-12-30','2025-06-11 00:57:58','2025-06-11 00:57:58',40,4),(241,'2024-12-24 00:00:00','2024-12-31','2025-06-11 00:57:58','2025-06-11 00:57:58',73,5),(242,'2024-12-24 00:00:00','2024-12-31','2025-06-11 00:57:58','2025-06-11 00:57:58',74,10),(243,'2024-12-24 00:00:00','2024-12-31','2025-06-11 00:57:58','2025-06-11 00:57:58',75,3),(244,'2024-12-24 00:00:00','2024-12-31','2025-06-11 00:57:58','2025-06-11 00:57:58',76,2),(245,'2024-12-24 00:00:00','2024-12-31','2025-06-11 00:57:58','2025-06-11 00:57:58',77,1),(246,'2024-12-24 00:00:00','2024-12-31','2025-06-11 00:57:58','2025-06-11 00:57:58',78,2),(247,'2024-12-24 00:00:00','2024-12-31','2025-06-11 00:57:58','2025-06-11 00:57:58',79,2),(248,'2024-12-24 00:00:00','2024-12-31','2025-06-11 00:57:58','2025-06-11 00:57:58',80,7),(249,'2024-12-24 00:00:00','2024-12-31','2025-06-11 00:57:58','2025-06-11 00:57:58',81,3),(250,'2024-12-24 00:00:00','2024-12-31','2025-06-11 00:57:58','2025-06-11 00:57:58',82,3),(251,'2024-12-24 00:00:00','2024-12-31','2025-06-11 00:57:58','2025-06-11 00:57:58',83,2),(252,'2024-12-24 00:00:00','2024-12-31','2025-06-11 00:57:58','2025-06-11 00:57:58',84,2),(253,'2024-12-24 00:00:00','2024-12-31','2025-06-11 00:57:58','2025-06-11 00:57:58',85,3),(254,'2024-12-24 00:00:00','2024-12-31','2025-06-11 00:57:58','2025-06-11 00:57:58',86,4),(255,'2024-12-24 00:00:00','2024-12-31','2025-06-11 00:57:58','2025-06-11 00:57:58',87,7),(256,'2024-12-24 00:00:00','2024-12-31','2025-06-11 00:57:58','2025-06-11 00:57:58',88,5),(257,'2024-12-25 00:00:00','2025-01-01','2025-06-11 00:57:58','2025-06-11 00:57:58',89,8),(258,'2024-12-25 00:00:00','2025-01-01','2025-06-11 00:57:58','2025-06-11 00:57:58',90,4),(259,'2024-12-25 00:00:00','2025-01-01','2025-06-11 00:57:58','2025-06-11 00:57:58',22,4),(260,'2024-12-25 00:00:00','2025-01-01','2025-06-11 00:57:58','2025-06-11 00:57:58',55,10),(261,'2024-12-25 00:00:00','2025-01-01','2025-06-11 00:57:58','2025-06-11 00:57:58',1,5),(262,'2024-12-25 00:00:00','2025-01-01','2025-06-11 00:57:58','2025-06-11 00:57:58',7,2),(263,'2024-12-25 00:00:00','2025-01-01','2025-06-11 00:57:58','2025-06-11 00:57:58',27,4),(264,'2024-12-25 00:00:00','2025-01-01','2025-06-11 00:57:58','2025-06-11 00:57:58',5,7),(265,'2024-12-25 00:00:00','2025-01-01','2025-06-11 00:57:58','2025-06-11 00:57:58',64,3),(266,'2024-12-25 00:00:00','2025-01-01','2025-06-11 00:57:58','2025-06-11 00:57:58',67,4),(267,'2024-12-25 00:00:00','2025-01-01','2025-06-11 00:57:58','2025-06-11 00:57:58',74,8),(268,'2024-12-25 00:00:00','2025-01-01','2025-06-11 00:57:58','2025-06-11 00:57:58',31,5),(269,'2024-12-25 00:00:00','2025-01-01','2025-06-11 00:57:58','2025-06-11 00:57:58',16,5),(270,'2024-12-25 00:00:00','2025-01-01','2025-06-11 00:57:58','2025-06-11 00:57:58',56,1),(271,'2024-12-25 00:00:00','2025-01-01','2025-06-11 00:57:58','2025-06-11 00:57:58',18,2),(272,'2024-12-25 00:00:00','2025-01-01','2025-06-11 00:57:58','2025-06-11 00:57:58',73,6),(273,'2024-12-26 00:00:00','2025-01-02','2025-06-11 00:57:58','2025-06-11 00:57:58',91,8),(274,'2024-12-26 00:00:00','2025-01-02','2025-06-11 00:57:58','2025-06-11 00:57:58',92,1),(275,'2024-12-26 00:00:00','2025-01-02','2025-06-11 00:57:58','2025-06-11 00:57:58',38,6),(276,'2024-12-26 00:00:00','2025-01-02','2025-06-11 00:57:58','2025-06-11 00:57:58',37,1),(277,'2024-12-26 00:00:00','2025-01-02','2025-06-11 00:57:58','2025-06-11 00:57:58',14,1),(278,'2024-12-26 00:00:00','2025-01-02','2025-06-11 00:57:58','2025-06-11 00:57:58',31,4),(279,'2024-12-26 00:00:00','2025-01-02','2025-06-11 00:57:58','2025-06-11 00:57:58',67,4),(280,'2024-12-26 00:00:00','2025-01-02','2025-06-11 00:57:58','2025-06-11 00:57:58',21,2),(281,'2024-12-26 00:00:00','2025-01-02','2025-06-11 00:57:58','2025-06-11 00:57:58',51,4),(282,'2024-12-26 00:00:00','2025-01-02','2025-06-11 00:57:58','2025-06-11 00:57:58',89,4),(283,'2024-12-26 00:00:00','2025-01-02','2025-06-11 00:57:58','2025-06-11 00:57:58',62,5),(284,'2024-12-26 00:00:00','2025-01-02','2025-06-11 00:57:58','2025-06-11 00:57:58',6,5),(285,'2024-12-26 00:00:00','2025-01-02','2025-06-11 00:57:58','2025-06-11 00:57:58',83,5),(286,'2024-12-26 00:00:00','2025-01-02','2025-06-11 00:57:58','2025-06-11 00:57:58',79,9),(287,'2024-12-26 00:00:00','2025-01-02','2025-06-11 00:57:58','2025-06-11 00:57:58',25,1),(288,'2024-12-26 00:00:00','2025-01-02','2025-06-11 00:57:58','2025-06-11 00:57:58',71,9),(289,'2024-12-27 00:00:00','2025-01-03','2025-06-11 00:57:58','2025-06-11 00:57:58',93,5),(290,'2024-12-27 00:00:00','2025-01-03','2025-06-11 00:57:58','2025-06-11 00:57:58',94,3),(291,'2024-12-27 00:00:00','2025-01-03','2025-06-11 00:57:58','2025-06-11 00:57:58',76,9),(292,'2024-12-27 00:00:00','2025-01-03','2025-06-11 00:57:58','2025-06-11 00:57:58',16,6),(293,'2024-12-27 00:00:00','2025-01-03','2025-06-11 00:57:58','2025-06-11 00:57:58',34,3),(294,'2024-12-27 00:00:00','2025-01-03','2025-06-11 00:57:58','2025-06-11 00:57:58',32,1),(295,'2024-12-27 00:00:00','2025-01-03','2025-06-11 00:57:58','2025-06-11 00:57:58',1,2),(296,'2024-12-27 00:00:00','2025-01-03','2025-06-11 00:57:58','2025-06-11 00:57:58',41,2),(297,'2024-12-27 00:00:00','2025-01-03','2025-06-11 00:57:58','2025-06-11 00:57:58',43,7),(298,'2024-12-27 00:00:00','2025-01-03','2025-06-11 00:57:58','2025-06-11 00:57:58',28,7),(299,'2024-12-27 00:00:00','2025-01-03','2025-06-11 00:57:58','2025-06-11 00:57:58',80,3),(300,'2024-12-27 00:00:00','2025-01-03','2025-06-11 00:57:58','2025-06-11 00:57:58',55,9),(301,'2024-12-27 00:00:00','2025-01-03','2025-06-11 00:57:58','2025-06-11 00:57:58',35,8),(302,'2024-12-27 00:00:00','2025-01-03','2025-06-11 00:57:58','2025-06-11 00:57:58',70,8),(303,'2024-12-27 00:00:00','2025-01-03','2025-06-11 00:57:58','2025-06-11 00:57:58',57,6),(304,'2024-12-27 00:00:00','2025-01-03','2025-06-11 00:57:58','2025-06-11 00:57:58',37,3),(305,'2024-12-30 00:00:00','2025-01-06','2025-06-11 00:57:58','2025-06-11 00:57:58',95,9),(306,'2024-12-30 00:00:00','2025-01-06','2025-06-11 00:57:58','2025-06-11 00:57:58',96,7),(307,'2024-12-30 00:00:00','2025-01-06','2025-06-11 00:57:58','2025-06-11 00:57:58',14,2),(308,'2024-12-30 00:00:00','2025-01-06','2025-06-11 00:57:58','2025-06-11 00:57:58',71,1),(309,'2024-12-30 00:00:00','2025-01-06','2025-06-11 00:57:58','2025-06-11 00:57:58',90,1),(310,'2024-12-30 00:00:00','2025-01-06','2025-06-11 00:57:58','2025-06-11 00:57:58',74,8),(311,'2024-12-30 00:00:00','2025-01-06','2025-06-11 00:57:58','2025-06-11 00:57:58',39,7),(312,'2024-12-30 00:00:00','2025-01-06','2025-06-11 00:57:58','2025-06-11 00:57:58',43,4),(313,'2024-12-30 00:00:00','2025-01-06','2025-06-11 00:57:58','2025-06-11 00:57:58',5,8),(314,'2024-12-30 00:00:00','2025-01-06','2025-06-11 00:57:58','2025-06-11 00:57:58',25,6),(315,'2024-12-30 00:00:00','2025-01-06','2025-06-11 00:57:58','2025-06-11 00:57:58',77,5),(316,'2024-12-30 00:00:00','2025-01-06','2025-06-11 00:57:58','2025-06-11 00:57:58',15,6),(317,'2024-12-30 00:00:00','2025-01-06','2025-06-11 00:57:58','2025-06-11 00:57:58',88,2),(318,'2024-12-30 00:00:00','2025-01-06','2025-06-11 00:57:58','2025-06-11 00:57:58',1,7),(319,'2024-12-30 00:00:00','2025-01-06','2025-06-11 00:57:58','2025-06-11 00:57:58',64,4),(320,'2024-12-30 00:00:00','2025-01-06','2025-06-11 00:57:58','2025-06-11 00:57:58',89,2),(321,'2024-12-31 00:00:00','2025-01-07','2025-06-11 00:57:58','2025-06-11 00:57:58',97,2),(322,'2024-12-31 00:00:00','2025-01-07','2025-06-11 00:57:58','2025-06-11 00:57:58',98,10),(323,'2024-12-31 00:00:00','2025-01-07','2025-06-11 00:57:58','2025-06-11 00:57:58',99,4),(324,'2024-12-31 00:00:00','2025-01-07','2025-06-11 00:57:58','2025-06-11 00:57:58',100,7),(325,'2024-12-31 00:00:00','2025-01-07','2025-06-11 00:57:58','2025-06-11 00:57:58',101,6),(326,'2024-12-31 00:00:00','2025-01-07','2025-06-11 00:57:58','2025-06-11 00:57:58',102,9),(327,'2024-12-31 00:00:00','2025-01-07','2025-06-11 00:57:58','2025-06-11 00:57:58',103,10),(328,'2024-12-31 00:00:00','2025-01-07','2025-06-11 00:57:58','2025-06-11 00:57:58',104,10),(329,'2024-12-31 00:00:00','2025-01-07','2025-06-11 00:57:58','2025-06-11 00:57:58',105,6),(330,'2024-12-31 00:00:00','2025-01-07','2025-06-11 00:57:58','2025-06-11 00:57:58',106,1),(331,'2024-12-31 00:00:00','2025-01-07','2025-06-11 00:57:58','2025-06-11 00:57:58',107,8),(332,'2024-12-31 00:00:00','2025-01-07','2025-06-11 00:57:58','2025-06-11 00:57:58',108,6),(333,'2024-12-31 00:00:00','2025-01-07','2025-06-11 00:57:58','2025-06-11 00:57:58',109,9),(334,'2024-12-31 00:00:00','2025-01-07','2025-06-11 00:57:58','2025-06-11 00:57:58',110,8),(335,'2024-12-31 00:00:00','2025-01-07','2025-06-11 00:57:58','2025-06-11 00:57:58',111,10),(336,'2024-12-31 00:00:00','2025-01-07','2025-06-11 00:57:58','2025-06-11 00:57:58',112,5),(337,'2025-01-01 00:00:00','2025-01-08','2025-06-11 00:57:58','2025-06-11 00:57:58',113,2),(338,'2025-01-01 00:00:00','2025-01-08','2025-06-11 00:57:58','2025-06-11 00:57:58',114,10),(339,'2025-01-01 00:00:00','2025-01-08','2025-06-11 00:57:58','2025-06-11 00:57:58',79,8),(340,'2025-01-01 00:00:00','2025-01-08','2025-06-11 00:57:58','2025-06-11 00:57:58',87,7),(341,'2025-01-01 00:00:00','2025-01-08','2025-06-11 00:57:58','2025-06-11 00:57:58',52,6),(342,'2025-01-01 00:00:00','2025-01-08','2025-06-11 00:57:58','2025-06-11 00:57:58',46,7),(343,'2025-01-01 00:00:00','2025-01-08','2025-06-11 00:57:58','2025-06-11 00:57:58',99,1),(344,'2025-01-01 00:00:00','2025-01-08','2025-06-11 00:57:58','2025-06-11 00:57:58',14,2),(345,'2025-01-01 00:00:00','2025-01-08','2025-06-11 00:57:58','2025-06-11 00:57:58',54,6),(346,'2025-01-01 00:00:00','2025-01-08','2025-06-11 00:57:58','2025-06-11 00:57:58',84,6),(347,'2025-01-01 00:00:00','2025-01-08','2025-06-11 00:57:58','2025-06-11 00:57:58',82,3),(348,'2025-01-01 00:00:00','2025-01-08','2025-06-11 00:57:58','2025-06-11 00:57:58',56,1),(349,'2025-01-01 00:00:00','2025-01-08','2025-06-11 00:57:58','2025-06-11 00:57:58',66,3),(350,'2025-01-01 00:00:00','2025-01-08','2025-06-11 00:57:58','2025-06-11 00:57:58',102,4),(351,'2025-01-01 00:00:00','2025-01-08','2025-06-11 00:57:58','2025-06-11 00:57:58',77,9),(352,'2025-01-01 00:00:00','2025-01-08','2025-06-11 00:57:58','2025-06-11 00:57:58',5,9),(353,'2025-01-02 00:00:00','2025-01-09','2025-06-11 00:57:58','2025-06-11 00:57:58',115,2),(354,'2025-01-02 00:00:00','2025-01-09','2025-06-11 00:57:58','2025-06-11 00:57:58',116,3),(355,'2025-01-02 00:00:00','2025-01-09','2025-06-11 00:57:58','2025-06-11 00:57:58',42,9),(356,'2025-01-02 00:00:00','2025-01-09','2025-06-11 00:57:58','2025-06-11 00:57:58',22,5),(357,'2025-01-02 00:00:00','2025-01-09','2025-06-11 00:57:58','2025-06-11 00:57:58',76,10),(358,'2025-01-02 00:00:00','2025-01-09','2025-06-11 00:57:58','2025-06-11 00:57:58',3,7),(359,'2025-01-02 00:00:00','2025-01-09','2025-06-11 00:57:58','2025-06-11 00:57:58',94,10),(360,'2025-01-02 00:00:00','2025-01-09','2025-06-11 00:57:58','2025-06-11 00:57:58',58,8),(361,'2025-01-02 00:00:00','2025-01-09','2025-06-11 00:57:58','2025-06-11 00:57:58',26,8),(362,'2025-01-02 00:00:00','2025-01-09','2025-06-11 00:57:58','2025-06-11 00:57:58',35,10),(363,'2025-01-02 00:00:00','2025-01-09','2025-06-11 00:57:58','2025-06-11 00:57:58',112,7),(364,'2025-01-02 00:00:00','2025-01-09','2025-06-11 00:57:58','2025-06-11 00:57:58',52,2),(365,'2025-01-02 00:00:00','2025-01-09','2025-06-11 00:57:58','2025-06-11 00:57:58',85,7),(366,'2025-01-02 00:00:00','2025-01-09','2025-06-11 00:57:58','2025-06-11 00:57:58',45,4),(367,'2025-01-02 00:00:00','2025-01-09','2025-06-11 00:57:58','2025-06-11 00:57:58',51,6),(368,'2025-01-02 00:00:00','2025-01-09','2025-06-11 00:57:58','2025-06-11 00:57:58',65,3),(369,'2025-01-03 00:00:00','2025-01-10','2025-06-11 00:57:58','2025-06-11 00:57:58',117,3),(370,'2025-01-03 00:00:00','2025-01-10','2025-06-11 00:57:58','2025-06-11 00:57:58',118,7),(371,'2025-01-03 00:00:00','2025-01-10','2025-06-11 00:57:58','2025-06-11 00:57:58',9,3),(372,'2025-01-03 00:00:00','2025-01-10','2025-06-11 00:57:58','2025-06-11 00:57:58',11,4),(373,'2025-01-03 00:00:00','2025-01-10','2025-06-11 00:57:58','2025-06-11 00:57:58',48,9),(374,'2025-01-03 00:00:00','2025-01-10','2025-06-11 00:57:58','2025-06-11 00:57:58',42,10),(375,'2025-01-03 00:00:00','2025-01-10','2025-06-11 00:57:58','2025-06-11 00:57:58',99,2),(376,'2025-01-03 00:00:00','2025-01-10','2025-06-11 00:57:58','2025-06-11 00:57:58',43,3),(377,'2025-01-03 00:00:00','2025-01-10','2025-06-11 00:57:58','2025-06-11 00:57:58',14,6),(378,'2025-01-03 00:00:00','2025-01-10','2025-06-11 00:57:58','2025-06-11 00:57:58',67,7),(379,'2025-01-03 00:00:00','2025-01-10','2025-06-11 00:57:58','2025-06-11 00:57:58',86,1),(380,'2025-01-03 00:00:00','2025-01-10','2025-06-11 00:57:58','2025-06-11 00:57:58',96,7),(381,'2025-01-03 00:00:00','2025-01-10','2025-06-11 00:57:58','2025-06-11 00:57:58',58,3),(382,'2025-01-03 00:00:00','2025-01-10','2025-06-11 00:57:58','2025-06-11 00:57:58',51,6),(383,'2025-01-03 00:00:00','2025-01-10','2025-06-11 00:57:58','2025-06-11 00:57:58',24,7),(384,'2025-01-03 00:00:00','2025-01-10','2025-06-11 00:57:58','2025-06-11 00:57:58',116,8),(385,'2025-01-06 00:00:00','2025-01-13','2025-06-11 00:57:58','2025-06-11 00:57:58',119,4),(386,'2025-01-06 00:00:00','2025-01-13','2025-06-11 00:57:58','2025-06-11 00:57:58',120,7),(387,'2025-01-06 00:00:00','2025-01-13','2025-06-11 00:57:58','2025-06-11 00:57:58',47,1),(388,'2025-01-06 00:00:00','2025-01-13','2025-06-11 00:57:58','2025-06-11 00:57:58',12,3),(389,'2025-01-06 00:00:00','2025-01-13','2025-06-11 00:57:58','2025-06-11 00:57:58',89,3),(390,'2025-01-06 00:00:00','2025-01-13','2025-06-11 00:57:58','2025-06-11 00:57:58',100,6),(391,'2025-01-06 00:00:00','2025-01-13','2025-06-11 00:57:58','2025-06-11 00:57:58',60,10),(392,'2025-01-06 00:00:00','2025-01-13','2025-06-11 00:57:58','2025-06-11 00:57:58',42,1),(393,'2025-01-06 00:00:00','2025-01-13','2025-06-11 00:57:58','2025-06-11 00:57:58',95,1),(394,'2025-01-06 00:00:00','2025-01-13','2025-06-11 00:57:58','2025-06-11 00:57:58',23,8),(395,'2025-01-06 00:00:00','2025-01-13','2025-06-11 00:57:58','2025-06-11 00:57:58',82,10),(396,'2025-01-06 00:00:00','2025-01-13','2025-06-11 00:57:58','2025-06-11 00:57:58',50,5),(397,'2025-01-06 00:00:00','2025-01-13','2025-06-11 00:57:58','2025-06-11 00:57:58',65,4),(398,'2025-01-06 00:00:00','2025-01-13','2025-06-11 00:57:58','2025-06-11 00:57:58',64,6),(399,'2025-01-06 00:00:00','2025-01-13','2025-06-11 00:57:58','2025-06-11 00:57:58',116,1),(400,'2025-01-06 00:00:00','2025-01-13','2025-06-11 00:57:58','2025-06-11 00:57:58',99,8),(401,'2025-01-07 00:00:00','2025-01-14','2025-06-11 00:57:58','2025-06-11 00:57:58',121,2),(402,'2025-01-07 00:00:00','2025-01-14','2025-06-11 00:57:58','2025-06-11 00:57:58',122,10),(403,'2025-01-07 00:00:00','2025-01-14','2025-06-11 00:57:58','2025-06-11 00:57:58',123,1),(404,'2025-01-07 00:00:00','2025-01-14','2025-06-11 00:57:58','2025-06-11 00:57:58',124,8),(405,'2025-01-07 00:00:00','2025-01-14','2025-06-11 00:57:58','2025-06-11 00:57:58',125,4),(406,'2025-01-07 00:00:00','2025-01-14','2025-06-11 00:57:58','2025-06-11 00:57:58',126,4),(407,'2025-01-07 00:00:00','2025-01-14','2025-06-11 00:57:58','2025-06-11 00:57:58',127,7),(408,'2025-01-07 00:00:00','2025-01-14','2025-06-11 00:57:58','2025-06-11 00:57:58',128,8),(409,'2025-01-07 00:00:00','2025-01-14','2025-06-11 00:57:58','2025-06-11 00:57:58',129,5),(410,'2025-01-07 00:00:00','2025-01-14','2025-06-11 00:57:58','2025-06-11 00:57:58',130,10),(411,'2025-01-07 00:00:00','2025-01-14','2025-06-11 00:57:58','2025-06-11 00:57:58',131,6),(412,'2025-01-07 00:00:00','2025-01-14','2025-06-11 00:57:58','2025-06-11 00:57:58',132,3),(413,'2025-01-07 00:00:00','2025-01-14','2025-06-11 00:57:58','2025-06-11 00:57:58',133,9),(414,'2025-01-07 00:00:00','2025-01-14','2025-06-11 00:57:58','2025-06-11 00:57:58',134,6),(415,'2025-01-07 00:00:00','2025-01-14','2025-06-11 00:57:58','2025-06-11 00:57:58',135,5),(416,'2025-01-07 00:00:00','2025-01-14','2025-06-11 00:57:58','2025-06-11 00:57:58',136,2),(417,'2025-01-08 00:00:00','2025-01-15','2025-06-11 00:57:58','2025-06-11 00:57:58',137,4),(418,'2025-01-08 00:00:00','2025-01-15','2025-06-11 00:57:58','2025-06-11 00:57:58',138,10),(419,'2025-01-08 00:00:00','2025-01-15','2025-06-11 00:57:58','2025-06-11 00:57:58',13,4),(420,'2025-01-08 00:00:00','2025-01-15','2025-06-11 00:57:58','2025-06-11 00:57:58',41,9),(421,'2025-01-08 00:00:00','2025-01-15','2025-06-11 00:57:58','2025-06-11 00:57:58',115,6),(422,'2025-01-08 00:00:00','2025-01-15','2025-06-11 00:57:58','2025-06-11 00:57:58',11,10),(423,'2025-01-08 00:00:00','2025-01-15','2025-06-11 00:57:58','2025-06-11 00:57:58',72,7),(424,'2025-01-08 00:00:00','2025-01-15','2025-06-11 00:57:58','2025-06-11 00:57:58',29,8),(425,'2025-01-08 00:00:00','2025-01-15','2025-06-11 00:57:58','2025-06-11 00:57:58',105,9),(426,'2025-01-08 00:00:00','2025-01-15','2025-06-11 00:57:58','2025-06-11 00:57:58',26,4),(427,'2025-01-08 00:00:00','2025-01-15','2025-06-11 00:57:58','2025-06-11 00:57:58',101,5),(428,'2025-01-08 00:00:00','2025-01-15','2025-06-11 00:57:58','2025-06-11 00:57:58',27,8),(429,'2025-01-08 00:00:00','2025-01-15','2025-06-11 00:57:58','2025-06-11 00:57:58',54,4),(430,'2025-01-08 00:00:00','2025-01-15','2025-06-11 00:57:58','2025-06-11 00:57:58',57,9),(431,'2025-01-08 00:00:00','2025-01-15','2025-06-11 00:57:58','2025-06-11 00:57:58',22,2),(432,'2025-01-08 00:00:00','2025-01-15','2025-06-11 00:57:58','2025-06-11 00:57:58',109,3),(433,'2025-01-09 00:00:00','2025-01-16','2025-06-11 00:57:58','2025-06-11 00:57:58',139,5),(434,'2025-01-09 00:00:00','2025-01-16','2025-06-11 00:57:58','2025-06-11 00:57:58',140,7),(435,'2025-01-09 00:00:00','2025-01-16','2025-06-11 00:57:58','2025-06-11 00:57:58',127,6),(436,'2025-01-09 00:00:00','2025-01-16','2025-06-11 00:57:58','2025-06-11 00:57:58',86,8),(437,'2025-01-09 00:00:00','2025-01-16','2025-06-11 00:57:58','2025-06-11 00:57:58',120,9),(438,'2025-01-09 00:00:00','2025-01-16','2025-06-11 00:57:58','2025-06-11 00:57:58',55,9),(439,'2025-01-09 00:00:00','2025-01-16','2025-06-11 00:57:58','2025-06-11 00:57:58',108,3),(440,'2025-01-09 00:00:00','2025-01-16','2025-06-11 00:57:58','2025-06-11 00:57:58',68,2),(441,'2025-01-09 00:00:00','2025-01-16','2025-06-11 00:57:58','2025-06-11 00:57:58',41,5),(442,'2025-01-09 00:00:00','2025-01-16','2025-06-11 00:57:58','2025-06-11 00:57:58',134,3),(443,'2025-01-09 00:00:00','2025-01-16','2025-06-11 00:57:58','2025-06-11 00:57:58',4,7),(444,'2025-01-09 00:00:00','2025-01-16','2025-06-11 00:57:58','2025-06-11 00:57:58',119,3),(445,'2025-01-09 00:00:00','2025-01-16','2025-06-11 00:57:58','2025-06-11 00:57:58',93,2),(446,'2025-01-09 00:00:00','2025-01-16','2025-06-11 00:57:58','2025-06-11 00:57:58',17,5),(447,'2025-01-09 00:00:00','2025-01-16','2025-06-11 00:57:58','2025-06-11 00:57:58',57,6),(448,'2025-01-09 00:00:00','2025-01-16','2025-06-11 00:57:58','2025-06-11 00:57:58',111,1),(449,'2025-01-10 00:00:00','2025-01-17','2025-06-11 00:57:58','2025-06-11 00:57:58',141,10),(450,'2025-01-10 00:00:00','2025-01-17','2025-06-11 00:57:58','2025-06-11 00:57:58',142,9),(451,'2025-01-10 00:00:00','2025-01-17','2025-06-11 00:57:58','2025-06-11 00:57:58',89,8),(452,'2025-01-10 00:00:00','2025-01-17','2025-06-11 00:57:58','2025-06-11 00:57:58',34,5),(453,'2025-01-10 00:00:00','2025-01-17','2025-06-11 00:57:58','2025-06-11 00:57:58',68,3),(454,'2025-01-10 00:00:00','2025-01-17','2025-06-11 00:57:58','2025-06-11 00:57:58',2,1),(455,'2025-01-10 00:00:00','2025-01-17','2025-06-11 00:57:58','2025-06-11 00:57:58',23,7),(456,'2025-01-10 00:00:00','2025-01-17','2025-06-11 00:57:58','2025-06-11 00:57:58',39,4),(457,'2025-01-10 00:00:00','2025-01-17','2025-06-11 00:57:58','2025-06-11 00:57:58',30,6),(458,'2025-01-10 00:00:00','2025-01-17','2025-06-11 00:57:58','2025-06-11 00:57:58',63,3),(459,'2025-01-10 00:00:00','2025-01-17','2025-06-11 00:57:58','2025-06-11 00:57:58',124,1),(460,'2025-01-10 00:00:00','2025-01-17','2025-06-11 00:57:58','2025-06-11 00:57:58',14,6),(461,'2025-01-10 00:00:00','2025-01-17','2025-06-11 00:57:58','2025-06-11 00:57:58',57,9),(462,'2025-01-10 00:00:00','2025-01-17','2025-06-11 00:57:58','2025-06-11 00:57:58',47,9),(463,'2025-01-10 00:00:00','2025-01-17','2025-06-11 00:57:58','2025-06-11 00:57:58',99,6),(464,'2025-01-10 00:00:00','2025-01-17','2025-06-11 00:57:58','2025-06-11 00:57:58',140,4),(465,'2025-01-13 00:00:00','2025-01-20','2025-06-11 00:57:58','2025-06-11 00:57:58',143,5),(466,'2025-01-13 00:00:00','2025-01-20','2025-06-11 00:57:58','2025-06-11 00:57:58',144,9),(467,'2025-01-13 00:00:00','2025-01-20','2025-06-11 00:57:58','2025-06-11 00:57:58',2,3),(468,'2025-01-13 00:00:00','2025-01-20','2025-06-11 00:57:58','2025-06-11 00:57:58',64,2),(469,'2025-01-13 00:00:00','2025-01-20','2025-06-11 00:57:58','2025-06-11 00:57:58',52,6),(470,'2025-01-13 00:00:00','2025-01-20','2025-06-11 00:57:58','2025-06-11 00:57:58',91,8),(471,'2025-01-13 00:00:00','2025-01-20','2025-06-11 00:57:58','2025-06-11 00:57:58',124,8),(472,'2025-01-13 00:00:00','2025-01-20','2025-06-11 00:57:58','2025-06-11 00:57:58',34,7),(473,'2025-01-13 00:00:00','2025-01-20','2025-06-11 00:57:58','2025-06-11 00:57:58',77,7),(474,'2025-01-13 00:00:00','2025-01-20','2025-06-11 00:57:58','2025-06-11 00:57:58',9,3),(475,'2025-01-13 00:00:00','2025-01-20','2025-06-11 00:57:58','2025-06-11 00:57:58',55,8),(476,'2025-01-13 00:00:00','2025-01-20','2025-06-11 00:57:58','2025-06-11 00:57:58',62,2),(477,'2025-01-13 00:00:00','2025-01-20','2025-06-11 00:57:58','2025-06-11 00:57:58',36,4),(478,'2025-01-13 00:00:00','2025-01-20','2025-06-11 00:57:58','2025-06-11 00:57:58',81,4),(479,'2025-01-13 00:00:00','2025-01-20','2025-06-11 00:57:58','2025-06-11 00:57:58',19,4),(480,'2025-01-13 00:00:00','2025-01-20','2025-06-11 00:57:58','2025-06-11 00:57:58',125,3),(481,'2025-01-14 00:00:00','2025-01-21','2025-06-11 00:57:58','2025-06-11 00:57:58',145,8),(482,'2025-01-14 00:00:00','2025-01-21','2025-06-11 00:57:58','2025-06-11 00:57:58',146,1),(483,'2025-01-14 00:00:00','2025-01-21','2025-06-11 00:57:58','2025-06-11 00:57:58',147,1),(484,'2025-01-14 00:00:00','2025-01-21','2025-06-11 00:57:58','2025-06-11 00:57:58',148,5),(485,'2025-01-14 00:00:00','2025-01-21','2025-06-11 00:57:58','2025-06-11 00:57:58',149,10),(486,'2025-01-14 00:00:00','2025-01-21','2025-06-11 00:57:58','2025-06-11 00:57:58',150,9),(487,'2025-01-14 00:00:00','2025-01-21','2025-06-11 00:57:58','2025-06-11 00:57:58',151,5),(488,'2025-01-14 00:00:00','2025-01-21','2025-06-11 00:57:58','2025-06-11 00:57:58',152,3),(489,'2025-01-14 00:00:00','2025-01-21','2025-06-11 00:57:58','2025-06-11 00:57:58',153,3),(490,'2025-01-14 00:00:00','2025-01-21','2025-06-11 00:57:58','2025-06-11 00:57:58',154,6),(491,'2025-01-14 00:00:00','2025-01-21','2025-06-11 00:57:58','2025-06-11 00:57:58',155,4),(492,'2025-01-14 00:00:00','2025-01-21','2025-06-11 00:57:58','2025-06-11 00:57:58',156,3),(493,'2025-01-14 00:00:00','2025-01-21','2025-06-11 00:57:58','2025-06-11 00:57:58',157,3),(494,'2025-01-14 00:00:00','2025-01-21','2025-06-11 00:57:58','2025-06-11 00:57:58',158,4),(495,'2025-01-14 00:00:00','2025-01-21','2025-06-11 00:57:58','2025-06-11 00:57:58',159,4),(496,'2025-01-14 00:00:00','2025-01-21','2025-06-11 00:57:58','2025-06-11 00:57:58',160,1),(497,'2025-01-15 00:00:00','2025-01-22','2025-06-11 00:57:58','2025-06-11 00:57:58',161,9),(498,'2025-01-15 00:00:00','2025-01-22','2025-06-11 00:57:58','2025-06-11 00:57:58',162,6),(499,'2025-01-15 00:00:00','2025-01-22','2025-06-11 00:57:58','2025-06-11 00:57:58',12,8),(500,'2025-01-15 00:00:00','2025-01-22','2025-06-11 00:57:58','2025-06-11 00:57:58',29,6),(501,'2025-01-15 00:00:00','2025-01-22','2025-06-11 00:57:58','2025-06-11 00:57:58',68,10),(502,'2025-01-15 00:00:00','2025-01-22','2025-06-11 00:57:58','2025-06-11 00:57:58',27,6),(503,'2025-01-15 00:00:00','2025-01-22','2025-06-11 00:57:58','2025-06-11 00:57:58',109,7),(504,'2025-01-15 00:00:00','2025-01-22','2025-06-11 00:57:58','2025-06-11 00:57:58',132,9),(505,'2025-01-15 00:00:00','2025-01-22','2025-06-11 00:57:58','2025-06-11 00:57:58',157,3),(506,'2025-01-15 00:00:00','2025-01-22','2025-06-11 00:57:58','2025-06-11 00:57:58',102,5),(507,'2025-01-15 00:00:00','2025-01-22','2025-06-11 00:57:58','2025-06-11 00:57:58',89,2),(508,'2025-01-15 00:00:00','2025-01-22','2025-06-11 00:57:58','2025-06-11 00:57:58',147,6),(509,'2025-01-15 00:00:00','2025-01-22','2025-06-11 00:57:58','2025-06-11 00:57:58',23,3),(510,'2025-01-15 00:00:00','2025-01-22','2025-06-11 00:57:58','2025-06-11 00:57:58',50,8),(511,'2025-01-15 00:00:00','2025-01-22','2025-06-11 00:57:58','2025-06-11 00:57:58',120,10),(512,'2025-01-15 00:00:00','2025-01-22','2025-06-11 00:57:58','2025-06-11 00:57:58',17,8),(513,'2025-01-16 00:00:00','2025-01-23','2025-06-11 00:57:58','2025-06-11 00:57:58',163,10),(514,'2025-01-16 00:00:00','2025-01-23','2025-06-11 00:57:58','2025-06-11 00:57:58',164,10),(515,'2025-01-16 00:00:00','2025-01-23','2025-06-11 00:57:58','2025-06-11 00:57:58',74,2),(516,'2025-01-16 00:00:00','2025-01-23','2025-06-11 00:57:58','2025-06-11 00:57:58',42,2),(517,'2025-01-16 00:00:00','2025-01-23','2025-06-11 00:57:58','2025-06-11 00:57:58',109,4),(518,'2025-01-16 00:00:00','2025-01-23','2025-06-11 00:57:58','2025-06-11 00:57:58',117,7),(519,'2025-01-16 00:00:00','2025-01-23','2025-06-11 00:57:58','2025-06-11 00:57:58',111,10),(520,'2025-01-16 00:00:00','2025-01-23','2025-06-11 00:57:58','2025-06-11 00:57:58',101,2),(521,'2025-01-16 00:00:00','2025-01-23','2025-06-11 00:57:58','2025-06-11 00:57:58',89,10),(522,'2025-01-16 00:00:00','2025-01-23','2025-06-11 00:57:58','2025-06-11 00:57:58',23,9),(523,'2025-01-16 00:00:00','2025-01-23','2025-06-11 00:57:58','2025-06-11 00:57:58',45,4),(524,'2025-01-16 00:00:00','2025-01-23','2025-06-11 00:57:58','2025-06-11 00:57:58',159,7),(525,'2025-01-16 00:00:00','2025-01-23','2025-06-11 00:57:58','2025-06-11 00:57:58',70,3),(526,'2025-01-16 00:00:00','2025-01-23','2025-06-11 00:57:58','2025-06-11 00:57:58',35,8),(527,'2025-01-16 00:00:00','2025-01-23','2025-06-11 00:57:58','2025-06-11 00:57:58',50,2),(528,'2025-01-16 00:00:00','2025-01-23','2025-06-11 00:57:58','2025-06-11 00:57:58',86,4),(529,'2025-01-17 00:00:00','2025-01-24','2025-06-11 00:57:58','2025-06-11 00:57:58',165,9),(530,'2025-01-17 00:00:00','2025-01-24','2025-06-11 00:57:58','2025-06-11 00:57:58',166,1),(531,'2025-01-17 00:00:00','2025-01-24','2025-06-11 00:57:58','2025-06-11 00:57:58',135,3),(532,'2025-01-17 00:00:00','2025-01-24','2025-06-11 00:57:58','2025-06-11 00:57:58',84,5),(533,'2025-01-17 00:00:00','2025-01-24','2025-06-11 00:57:58','2025-06-11 00:57:58',138,10),(534,'2025-01-17 00:00:00','2025-01-24','2025-06-11 00:57:58','2025-06-11 00:57:58',38,7),(535,'2025-01-17 00:00:00','2025-01-24','2025-06-11 00:57:58','2025-06-11 00:57:58',117,3),(536,'2025-01-17 00:00:00','2025-01-24','2025-06-11 00:57:58','2025-06-11 00:57:58',8,3),(537,'2025-01-17 00:00:00','2025-01-24','2025-06-11 00:57:58','2025-06-11 00:57:58',24,9),(538,'2025-01-17 00:00:00','2025-01-24','2025-06-11 00:57:58','2025-06-11 00:57:58',140,6),(539,'2025-01-17 00:00:00','2025-01-24','2025-06-11 00:57:58','2025-06-11 00:57:58',77,9),(540,'2025-01-17 00:00:00','2025-01-24','2025-06-11 00:57:58','2025-06-11 00:57:58',151,2),(541,'2025-01-17 00:00:00','2025-01-24','2025-06-11 00:57:58','2025-06-11 00:57:58',75,3),(542,'2025-01-17 00:00:00','2025-01-24','2025-06-11 00:57:58','2025-06-11 00:57:58',16,10),(543,'2025-01-17 00:00:00','2025-01-24','2025-06-11 00:57:58','2025-06-11 00:57:58',81,9),(544,'2025-01-17 00:00:00','2025-01-24','2025-06-11 00:57:58','2025-06-11 00:57:58',157,3),(545,'2025-01-20 00:00:00','2025-01-27','2025-06-11 00:57:58','2025-06-11 00:57:58',167,1),(546,'2025-01-20 00:00:00','2025-01-27','2025-06-11 00:57:58','2025-06-11 00:57:58',168,9),(547,'2025-01-20 00:00:00','2025-01-27','2025-06-11 00:57:58','2025-06-11 00:57:58',143,2),(548,'2025-01-20 00:00:00','2025-01-27','2025-06-11 00:57:58','2025-06-11 00:57:58',113,7),(549,'2025-01-20 00:00:00','2025-01-27','2025-06-11 00:57:58','2025-06-11 00:57:58',92,7),(550,'2025-01-20 00:00:00','2025-01-27','2025-06-11 00:57:58','2025-06-11 00:57:58',155,7),(551,'2025-01-20 00:00:00','2025-01-27','2025-06-11 00:57:58','2025-06-11 00:57:58',96,10),(552,'2025-01-20 00:00:00','2025-01-27','2025-06-11 00:57:58','2025-06-11 00:57:58',43,2),(553,'2025-01-20 00:00:00','2025-01-27','2025-06-11 00:57:58','2025-06-11 00:57:58',74,3),(554,'2025-01-20 00:00:00','2025-01-27','2025-06-11 00:57:58','2025-06-11 00:57:58',39,7),(555,'2025-01-20 00:00:00','2025-01-27','2025-06-11 00:57:58','2025-06-11 00:57:58',139,3),(556,'2025-01-20 00:00:00','2025-01-27','2025-06-11 00:57:58','2025-06-11 00:57:58',51,2),(557,'2025-01-20 00:00:00','2025-01-27','2025-06-11 00:57:58','2025-06-11 00:57:58',112,10),(558,'2025-01-20 00:00:00','2025-01-27','2025-06-11 00:57:58','2025-06-11 00:57:58',122,2),(559,'2025-01-20 00:00:00','2025-01-27','2025-06-11 00:57:58','2025-06-11 00:57:58',164,3),(560,'2025-01-20 00:00:00','2025-01-27','2025-06-11 00:57:58','2025-06-11 00:57:58',69,5),(561,'2025-01-21 00:00:00','2025-01-28','2025-06-11 00:57:58','2025-06-11 00:57:58',169,6),(562,'2025-01-21 00:00:00','2025-01-28','2025-06-11 00:57:58','2025-06-11 00:57:58',170,2),(563,'2025-01-21 00:00:00','2025-01-28','2025-06-11 00:57:58','2025-06-11 00:57:58',171,3),(564,'2025-01-21 00:00:00','2025-01-28','2025-06-11 00:57:58','2025-06-11 00:57:58',172,8),(565,'2025-01-21 00:00:00','2025-01-28','2025-06-11 00:57:58','2025-06-11 00:57:58',173,10),(566,'2025-01-21 00:00:00','2025-01-28','2025-06-11 00:57:58','2025-06-11 00:57:58',174,2),(567,'2025-01-21 00:00:00','2025-01-28','2025-06-11 00:57:58','2025-06-11 00:57:58',175,1),(568,'2025-01-21 00:00:00','2025-01-28','2025-06-11 00:57:58','2025-06-11 00:57:58',176,4),(569,'2025-01-21 00:00:00','2025-01-28','2025-06-11 00:57:58','2025-06-11 00:57:58',177,10),(570,'2025-01-21 00:00:00','2025-01-28','2025-06-11 00:57:58','2025-06-11 00:57:58',178,10),(571,'2025-01-21 00:00:00','2025-01-28','2025-06-11 00:57:58','2025-06-11 00:57:58',179,3),(572,'2025-01-21 00:00:00','2025-01-28','2025-06-11 00:57:58','2025-06-11 00:57:58',180,1),(573,'2025-01-21 00:00:00','2025-01-28','2025-06-11 00:57:58','2025-06-11 00:57:58',181,8),(574,'2025-01-21 00:00:00','2025-01-28','2025-06-11 00:57:58','2025-06-11 00:57:58',182,10),(575,'2025-01-21 00:00:00','2025-01-28','2025-06-11 00:57:58','2025-06-11 00:57:58',183,2),(576,'2025-01-21 00:00:00','2025-01-28','2025-06-11 00:57:58','2025-06-11 00:57:58',184,8),(577,'2025-01-22 00:00:00','2025-01-29','2025-06-11 00:57:58','2025-06-11 00:57:58',185,8),(578,'2025-01-22 00:00:00','2025-01-29','2025-06-11 00:57:58','2025-06-11 00:57:58',186,5),(579,'2025-01-22 00:00:00','2025-01-29','2025-06-11 00:57:58','2025-06-11 00:57:58',24,3),(580,'2025-01-22 00:00:00','2025-01-29','2025-06-11 00:57:58','2025-06-11 00:57:58',59,3),(581,'2025-01-22 00:00:00','2025-01-29','2025-06-11 00:57:58','2025-06-11 00:57:58',112,6),(582,'2025-01-22 00:00:00','2025-01-29','2025-06-11 00:57:58','2025-06-11 00:57:58',119,6),(583,'2025-01-22 00:00:00','2025-01-29','2025-06-11 00:57:58','2025-06-11 00:57:58',21,9),(584,'2025-01-22 00:00:00','2025-01-29','2025-06-11 00:57:58','2025-06-11 00:57:58',5,8),(585,'2025-01-22 00:00:00','2025-01-29','2025-06-11 00:57:58','2025-06-11 00:57:58',63,5),(586,'2025-01-22 00:00:00','2025-01-29','2025-06-11 00:57:58','2025-06-11 00:57:58',183,1),(587,'2025-01-22 00:00:00','2025-01-29','2025-06-11 00:57:58','2025-06-11 00:57:58',45,10),(588,'2025-01-22 00:00:00','2025-01-29','2025-06-11 00:57:58','2025-06-11 00:57:58',81,8),(589,'2025-01-22 00:00:00','2025-01-29','2025-06-11 00:57:58','2025-06-11 00:57:58',182,5),(590,'2025-01-22 00:00:00','2025-01-29','2025-06-11 00:57:58','2025-06-11 00:57:58',98,8),(591,'2025-01-22 00:00:00','2025-01-29','2025-06-11 00:57:58','2025-06-11 00:57:58',26,4),(592,'2025-01-22 00:00:00','2025-01-29','2025-06-11 00:57:58','2025-06-11 00:57:58',99,8),(593,'2025-01-23 00:00:00','2025-01-30','2025-06-11 00:57:58','2025-06-11 00:57:58',187,2),(594,'2025-01-23 00:00:00','2025-01-30','2025-06-11 00:57:58','2025-06-11 00:57:58',188,8),(595,'2025-01-23 00:00:00','2025-01-30','2025-06-11 00:57:58','2025-06-11 00:57:58',97,10),(596,'2025-01-23 00:00:00','2025-01-30','2025-06-11 00:57:58','2025-06-11 00:57:58',147,9),(597,'2025-01-23 00:00:00','2025-01-30','2025-06-11 00:57:58','2025-06-11 00:57:58',120,7),(598,'2025-01-23 00:00:00','2025-01-30','2025-06-11 00:57:58','2025-06-11 00:57:58',151,3),(599,'2025-01-23 00:00:00','2025-01-30','2025-06-11 00:57:58','2025-06-11 00:57:58',72,6),(600,'2025-01-23 00:00:00','2025-01-30','2025-06-11 00:57:58','2025-06-11 00:57:58',18,8),(601,'2025-01-23 00:00:00','2025-01-30','2025-06-11 00:57:58','2025-06-11 00:57:58',12,10),(602,'2025-01-23 00:00:00','2025-01-30','2025-06-11 00:57:58','2025-06-11 00:57:58',4,3),(603,'2025-01-23 00:00:00','2025-01-30','2025-06-11 00:57:58','2025-06-11 00:57:58',105,7),(604,'2025-01-23 00:00:00','2025-01-30','2025-06-11 00:57:58','2025-06-11 00:57:58',62,2),(605,'2025-01-23 00:00:00','2025-01-30','2025-06-11 00:57:58','2025-06-11 00:57:58',117,3),(606,'2025-01-23 00:00:00','2025-01-30','2025-06-11 00:57:58','2025-06-11 00:57:58',155,6),(607,'2025-01-23 00:00:00','2025-01-30','2025-06-11 00:57:58','2025-06-11 00:57:58',163,8),(608,'2025-01-23 00:00:00','2025-01-30','2025-06-11 00:57:58','2025-06-11 00:57:58',170,10),(609,'2025-01-24 00:00:00','2025-01-31','2025-06-11 00:57:58','2025-06-11 00:57:58',189,10),(610,'2025-01-24 00:00:00','2025-01-31','2025-06-11 00:57:58','2025-06-11 00:57:58',190,6),(611,'2025-01-24 00:00:00','2025-01-31','2025-06-11 00:57:58','2025-06-11 00:57:58',144,10),(612,'2025-01-24 00:00:00','2025-01-31','2025-06-11 00:57:58','2025-06-11 00:57:58',140,10),(613,'2025-01-24 00:00:00','2025-01-31','2025-06-11 00:57:58','2025-06-11 00:57:58',48,5),(614,'2025-01-24 00:00:00','2025-01-31','2025-06-11 00:57:58','2025-06-11 00:57:58',50,2),(615,'2025-01-24 00:00:00','2025-01-31','2025-06-11 00:57:58','2025-06-11 00:57:58',49,2),(616,'2025-01-24 00:00:00','2025-01-31','2025-06-11 00:57:58','2025-06-11 00:57:58',95,8),(617,'2025-01-24 00:00:00','2025-01-31','2025-06-11 00:57:58','2025-06-11 00:57:58',75,1),(618,'2025-01-24 00:00:00','2025-01-31','2025-06-11 00:57:58','2025-06-11 00:57:58',89,1),(619,'2025-01-24 00:00:00','2025-01-31','2025-06-11 00:57:58','2025-06-11 00:57:58',82,4),(620,'2025-01-24 00:00:00','2025-01-31','2025-06-11 00:57:58','2025-06-11 00:57:58',35,1),(621,'2025-01-24 00:00:00','2025-01-31','2025-06-11 00:57:58','2025-06-11 00:57:58',164,1),(622,'2025-01-24 00:00:00','2025-01-31','2025-06-11 00:57:58','2025-06-11 00:57:58',1,4),(623,'2025-01-24 00:00:00','2025-01-31','2025-06-11 00:57:58','2025-06-11 00:57:58',39,6),(624,'2025-01-24 00:00:00','2025-01-31','2025-06-11 00:57:58','2025-06-11 00:57:58',104,9),(625,'2025-01-27 00:00:00','2025-02-03','2025-06-11 00:57:58','2025-06-11 00:57:58',191,10),(626,'2025-01-27 00:00:00','2025-02-03','2025-06-11 00:57:58','2025-06-11 00:57:58',192,9),(627,'2025-01-27 00:00:00','2025-02-03','2025-06-11 00:57:58','2025-06-11 00:57:58',55,8),(628,'2025-01-27 00:00:00','2025-02-03','2025-06-11 00:57:58','2025-06-11 00:57:58',113,6),(629,'2025-01-27 00:00:00','2025-02-03','2025-06-11 00:57:58','2025-06-11 00:57:58',52,10),(630,'2025-01-27 00:00:00','2025-02-03','2025-06-11 00:57:58','2025-06-11 00:57:58',155,10),(631,'2025-01-27 00:00:00','2025-02-03','2025-06-11 00:57:58','2025-06-11 00:57:58',28,9),(632,'2025-01-27 00:00:00','2025-02-03','2025-06-11 00:57:58','2025-06-11 00:57:58',92,1),(633,'2025-01-27 00:00:00','2025-02-03','2025-06-11 00:57:58','2025-06-11 00:57:58',131,8),(634,'2025-01-27 00:00:00','2025-02-03','2025-06-11 00:57:58','2025-06-11 00:57:58',183,6),(635,'2025-01-27 00:00:00','2025-02-03','2025-06-11 00:57:58','2025-06-11 00:57:58',37,7),(636,'2025-01-27 00:00:00','2025-02-03','2025-06-11 00:57:58','2025-06-11 00:57:58',96,6),(637,'2025-01-27 00:00:00','2025-02-03','2025-06-11 00:57:58','2025-06-11 00:57:58',120,3),(638,'2025-01-27 00:00:00','2025-02-03','2025-06-11 00:57:58','2025-06-11 00:57:58',153,6),(639,'2025-01-27 00:00:00','2025-02-03','2025-06-11 00:57:58','2025-06-11 00:57:58',133,2),(640,'2025-01-27 00:00:00','2025-02-03','2025-06-11 00:57:58','2025-06-11 00:57:58',135,9),(641,'2025-01-28 00:00:00','2025-02-04','2025-06-11 00:57:58','2025-06-11 00:57:58',193,3),(642,'2025-01-28 00:00:00','2025-02-04','2025-06-11 00:57:58','2025-06-11 00:57:58',194,9),(643,'2025-01-28 00:00:00','2025-02-04','2025-06-11 00:57:58','2025-06-11 00:57:58',195,3),(644,'2025-01-28 00:00:00','2025-02-04','2025-06-11 00:57:58','2025-06-11 00:57:58',196,3),(645,'2025-01-28 00:00:00','2025-02-04','2025-06-11 00:57:58','2025-06-11 00:57:58',197,4),(646,'2025-01-28 00:00:00','2025-02-04','2025-06-11 00:57:58','2025-06-11 00:57:58',198,4),(647,'2025-01-28 00:00:00','2025-02-04','2025-06-11 00:57:58','2025-06-11 00:57:58',199,7),(648,'2025-01-28 00:00:00','2025-02-04','2025-06-11 00:57:58','2025-06-11 00:57:58',200,9),(649,'2025-01-28 00:00:00','2025-02-04','2025-06-11 00:57:58','2025-06-11 00:57:58',201,6),(650,'2025-01-28 00:00:00','2025-02-04','2025-06-11 00:57:58','2025-06-11 00:57:58',202,10),(651,'2025-01-28 00:00:00','2025-02-04','2025-06-11 00:57:58','2025-06-11 00:57:58',203,3),(652,'2025-01-28 00:00:00','2025-02-04','2025-06-11 00:57:58','2025-06-11 00:57:58',204,10),(653,'2025-01-28 00:00:00','2025-02-04','2025-06-11 00:57:58','2025-06-11 00:57:58',205,7),(654,'2025-01-28 00:00:00','2025-02-04','2025-06-11 00:57:58','2025-06-11 00:57:58',206,3),(655,'2025-01-28 00:00:00','2025-02-04','2025-06-11 00:57:58','2025-06-11 00:57:58',207,7),(656,'2025-01-28 00:00:00','2025-02-04','2025-06-11 00:57:58','2025-06-11 00:57:58',208,1),(657,'2025-01-29 00:00:00','2025-02-05','2025-06-11 00:57:58','2025-06-11 00:57:58',209,2),(658,'2025-01-29 00:00:00','2025-02-05','2025-06-11 00:57:58','2025-06-11 00:57:58',210,3),(659,'2025-01-29 00:00:00','2025-02-05','2025-06-11 00:57:58','2025-06-11 00:57:58',163,10),(660,'2025-01-29 00:00:00','2025-02-05','2025-06-11 00:57:58','2025-06-11 00:57:58',29,2),(661,'2025-01-29 00:00:00','2025-02-05','2025-06-11 00:57:58','2025-06-11 00:57:58',124,1),(662,'2025-01-29 00:00:00','2025-02-05','2025-06-11 00:57:58','2025-06-11 00:57:58',61,3),(663,'2025-01-29 00:00:00','2025-02-05','2025-06-11 00:57:58','2025-06-11 00:57:58',182,2),(664,'2025-01-29 00:00:00','2025-02-05','2025-06-11 00:57:58','2025-06-11 00:57:58',56,10),(665,'2025-01-29 00:00:00','2025-02-05','2025-06-11 00:57:58','2025-06-11 00:57:58',178,2),(666,'2025-01-29 00:00:00','2025-02-05','2025-06-11 00:57:58','2025-06-11 00:57:58',140,2),(667,'2025-01-29 00:00:00','2025-02-05','2025-06-11 00:57:58','2025-06-11 00:57:58',96,3),(668,'2025-01-29 00:00:00','2025-02-05','2025-06-11 00:57:58','2025-06-11 00:57:58',27,1),(669,'2025-01-29 00:00:00','2025-02-05','2025-06-11 00:57:58','2025-06-11 00:57:58',169,3),(670,'2025-01-29 00:00:00','2025-02-05','2025-06-11 00:57:58','2025-06-11 00:57:58',168,5),(671,'2025-01-29 00:00:00','2025-02-05','2025-06-11 00:57:58','2025-06-11 00:57:58',171,4),(672,'2025-01-29 00:00:00','2025-02-05','2025-06-11 00:57:58','2025-06-11 00:57:58',90,2),(673,'2025-01-30 00:00:00','2025-02-06','2025-06-11 00:57:58','2025-06-11 00:57:58',211,6),(674,'2025-01-30 00:00:00','2025-02-06','2025-06-11 00:57:58','2025-06-11 00:57:58',212,6),(675,'2025-01-30 00:00:00','2025-02-06','2025-06-11 00:57:58','2025-06-11 00:57:58',11,9),(676,'2025-01-30 00:00:00','2025-02-06','2025-06-11 00:57:58','2025-06-11 00:57:58',55,1),(677,'2025-01-30 00:00:00','2025-02-06','2025-06-11 00:57:58','2025-06-11 00:57:58',54,7),(678,'2025-01-30 00:00:00','2025-02-06','2025-06-11 00:57:58','2025-06-11 00:57:58',202,5),(679,'2025-01-30 00:00:00','2025-02-06','2025-06-11 00:57:58','2025-06-11 00:57:58',2,9),(680,'2025-01-30 00:00:00','2025-02-06','2025-06-11 00:57:58','2025-06-11 00:57:58',49,2),(681,'2025-01-30 00:00:00','2025-02-06','2025-06-11 00:57:58','2025-06-11 00:57:58',205,8),(682,'2025-01-30 00:00:00','2025-02-06','2025-06-11 00:57:58','2025-06-11 00:57:58',105,2),(683,'2025-01-30 00:00:00','2025-02-06','2025-06-11 00:57:58','2025-06-11 00:57:58',151,3),(684,'2025-01-30 00:00:00','2025-02-06','2025-06-11 00:57:58','2025-06-11 00:57:58',159,5),(685,'2025-01-30 00:00:00','2025-02-06','2025-06-11 00:57:58','2025-06-11 00:57:58',71,6),(686,'2025-01-30 00:00:00','2025-02-06','2025-06-11 00:57:58','2025-06-11 00:57:58',108,5),(687,'2025-01-30 00:00:00','2025-02-06','2025-06-11 00:57:58','2025-06-11 00:57:58',195,7),(688,'2025-01-30 00:00:00','2025-02-06','2025-06-11 00:57:58','2025-06-11 00:57:58',132,8),(689,'2025-01-31 00:00:00','2025-02-07','2025-06-11 00:57:58','2025-06-11 00:57:58',213,2),(690,'2025-01-31 00:00:00','2025-02-07','2025-06-11 00:57:58','2025-06-11 00:57:58',214,8),(691,'2025-01-31 00:00:00','2025-02-07','2025-06-11 00:57:58','2025-06-11 00:57:58',66,10),(692,'2025-01-31 00:00:00','2025-02-07','2025-06-11 00:57:58','2025-06-11 00:57:58',75,8),(693,'2025-01-31 00:00:00','2025-02-07','2025-06-11 00:57:58','2025-06-11 00:57:58',104,2),(694,'2025-01-31 00:00:00','2025-02-07','2025-06-11 00:57:58','2025-06-11 00:57:58',136,10),(695,'2025-01-31 00:00:00','2025-02-07','2025-06-11 00:57:58','2025-06-11 00:57:58',202,7),(696,'2025-01-31 00:00:00','2025-02-07','2025-06-11 00:57:58','2025-06-11 00:57:58',63,6),(697,'2025-01-31 00:00:00','2025-02-07','2025-06-11 00:57:58','2025-06-11 00:57:58',17,10),(698,'2025-01-31 00:00:00','2025-02-07','2025-06-11 00:57:58','2025-06-11 00:57:58',80,3),(699,'2025-01-31 00:00:00','2025-02-07','2025-06-11 00:57:58','2025-06-11 00:57:58',151,3),(700,'2025-01-31 00:00:00','2025-02-07','2025-06-11 00:57:58','2025-06-11 00:57:58',121,5),(701,'2025-01-31 00:00:00','2025-02-07','2025-06-11 00:57:58','2025-06-11 00:57:58',16,6),(702,'2025-01-31 00:00:00','2025-02-07','2025-06-11 00:57:58','2025-06-11 00:57:58',22,8),(703,'2025-01-31 00:00:00','2025-02-07','2025-06-11 00:57:58','2025-06-11 00:57:58',85,4),(704,'2025-01-31 00:00:00','2025-02-07','2025-06-11 00:57:58','2025-06-11 00:57:58',88,4),(705,'2025-02-03 00:00:00','2025-02-10','2025-06-11 00:57:58','2025-06-11 00:57:58',215,7),(706,'2025-02-03 00:00:00','2025-02-10','2025-06-11 00:57:58','2025-06-11 00:57:58',216,4),(707,'2025-02-03 00:00:00','2025-02-10','2025-06-11 00:57:58','2025-06-11 00:57:58',209,5),(708,'2025-02-03 00:00:00','2025-02-10','2025-06-11 00:57:58','2025-06-11 00:57:58',189,2),(709,'2025-02-03 00:00:00','2025-02-10','2025-06-11 00:57:58','2025-06-11 00:57:58',53,8),(710,'2025-02-03 00:00:00','2025-02-10','2025-06-11 00:57:58','2025-06-11 00:57:58',172,8),(711,'2025-02-03 00:00:00','2025-02-10','2025-06-11 00:57:58','2025-06-11 00:57:58',39,5),(712,'2025-02-03 00:00:00','2025-02-10','2025-06-11 00:57:58','2025-06-11 00:57:58',127,8),(713,'2025-02-03 00:00:00','2025-02-10','2025-06-11 00:57:58','2025-06-11 00:57:58',140,9),(714,'2025-02-03 00:00:00','2025-02-10','2025-06-11 00:57:58','2025-06-11 00:57:58',32,6),(715,'2025-02-03 00:00:00','2025-02-10','2025-06-11 00:57:58','2025-06-11 00:57:58',6,3),(716,'2025-02-03 00:00:00','2025-02-10','2025-06-11 00:57:58','2025-06-11 00:57:58',146,10),(717,'2025-02-03 00:00:00','2025-02-10','2025-06-11 00:57:58','2025-06-11 00:57:58',42,3),(718,'2025-02-03 00:00:00','2025-02-10','2025-06-11 00:57:58','2025-06-11 00:57:58',54,10),(719,'2025-02-03 00:00:00','2025-02-10','2025-06-11 00:57:58','2025-06-11 00:57:58',192,10),(720,'2025-02-03 00:00:00','2025-02-10','2025-06-11 00:57:58','2025-06-11 00:57:58',25,8),(721,'2025-02-04 00:00:00','2025-02-11','2025-06-11 00:57:58','2025-06-11 00:57:58',217,1),(722,'2025-02-04 00:00:00','2025-02-11','2025-06-11 00:57:58','2025-06-11 00:57:58',218,4),(723,'2025-02-04 00:00:00','2025-02-11','2025-06-11 00:57:58','2025-06-11 00:57:58',219,6),(724,'2025-02-04 00:00:00','2025-02-11','2025-06-11 00:57:58','2025-06-11 00:57:58',220,6),(725,'2025-02-04 00:00:00','2025-02-11','2025-06-11 00:57:58','2025-06-11 00:57:58',221,7),(726,'2025-02-04 00:00:00','2025-02-11','2025-06-11 00:57:58','2025-06-11 00:57:58',222,9),(727,'2025-02-04 00:00:00','2025-02-11','2025-06-11 00:57:58','2025-06-11 00:57:58',223,5),(728,'2025-02-04 00:00:00','2025-02-11','2025-06-11 00:57:58','2025-06-11 00:57:58',224,5),(729,'2025-02-04 00:00:00','2025-02-11','2025-06-11 00:57:58','2025-06-11 00:57:58',225,5),(730,'2025-02-04 00:00:00','2025-02-11','2025-06-11 00:57:58','2025-06-11 00:57:58',226,8),(731,'2025-02-04 00:00:00','2025-02-11','2025-06-11 00:57:58','2025-06-11 00:57:58',227,9),(732,'2025-02-04 00:00:00','2025-02-11','2025-06-11 00:57:58','2025-06-11 00:57:58',228,3),(733,'2025-02-04 00:00:00','2025-02-11','2025-06-11 00:57:58','2025-06-11 00:57:58',229,6),(734,'2025-02-04 00:00:00','2025-02-11','2025-06-11 00:57:58','2025-06-11 00:57:58',230,4),(735,'2025-02-04 00:00:00','2025-02-11','2025-06-11 00:57:58','2025-06-11 00:57:58',231,2),(736,'2025-02-04 00:00:00','2025-02-11','2025-06-11 00:57:58','2025-06-11 00:57:58',232,4),(737,'2025-02-05 00:00:00','2025-02-12','2025-06-11 00:57:58','2025-06-11 00:57:58',233,9),(738,'2025-02-05 00:00:00','2025-02-12','2025-06-11 00:57:58','2025-06-11 00:57:58',234,3),(739,'2025-02-05 00:00:00','2025-02-12','2025-06-11 00:57:58','2025-06-11 00:57:58',181,4),(740,'2025-02-05 00:00:00','2025-02-12','2025-06-11 00:57:58','2025-06-11 00:57:58',31,1),(741,'2025-02-05 00:00:00','2025-02-12','2025-06-11 00:57:58','2025-06-11 00:57:58',47,1),(742,'2025-02-05 00:00:00','2025-02-12','2025-06-11 00:57:58','2025-06-11 00:57:58',27,9),(743,'2025-02-05 00:00:00','2025-02-12','2025-06-11 00:57:58','2025-06-11 00:57:58',125,10),(744,'2025-02-05 00:00:00','2025-02-12','2025-06-11 00:57:58','2025-06-11 00:57:58',78,10),(745,'2025-02-05 00:00:00','2025-02-12','2025-06-11 00:57:58','2025-06-11 00:57:58',32,4),(746,'2025-02-05 00:00:00','2025-02-12','2025-06-11 00:57:58','2025-06-11 00:57:58',104,5),(747,'2025-02-05 00:00:00','2025-02-12','2025-06-11 00:57:58','2025-06-11 00:57:58',67,7),(748,'2025-02-05 00:00:00','2025-02-12','2025-06-11 00:57:58','2025-06-11 00:57:58',24,5),(749,'2025-02-05 00:00:00','2025-02-12','2025-06-11 00:57:58','2025-06-11 00:57:58',14,8),(750,'2025-02-05 00:00:00','2025-02-12','2025-06-11 00:57:58','2025-06-11 00:57:58',200,1),(751,'2025-02-05 00:00:00','2025-02-12','2025-06-11 00:57:58','2025-06-11 00:57:58',58,5),(752,'2025-02-05 00:00:00','2025-02-12','2025-06-11 00:57:58','2025-06-11 00:57:58',170,1),(753,'2025-02-06 00:00:00','2025-02-13','2025-06-11 00:57:58','2025-06-11 00:57:58',235,5),(754,'2025-02-06 00:00:00','2025-02-13','2025-06-11 00:57:58','2025-06-11 00:57:58',236,1),(755,'2025-02-06 00:00:00','2025-02-13','2025-06-11 00:57:58','2025-06-11 00:57:58',156,8),(756,'2025-02-06 00:00:00','2025-02-13','2025-06-11 00:57:58','2025-06-11 00:57:58',210,3),(757,'2025-02-06 00:00:00','2025-02-13','2025-06-11 00:57:58','2025-06-11 00:57:58',110,4),(758,'2025-02-06 00:00:00','2025-02-13','2025-06-11 00:57:58','2025-06-11 00:57:58',174,9),(759,'2025-02-06 00:00:00','2025-02-13','2025-06-11 00:57:58','2025-06-11 00:57:58',46,5),(760,'2025-02-06 00:00:00','2025-02-13','2025-06-11 00:57:58','2025-06-11 00:57:58',182,10),(761,'2025-02-06 00:00:00','2025-02-13','2025-06-11 00:57:58','2025-06-11 00:57:58',129,6),(762,'2025-02-06 00:00:00','2025-02-13','2025-06-11 00:57:58','2025-06-11 00:57:58',80,5),(763,'2025-02-06 00:00:00','2025-02-13','2025-06-11 00:57:58','2025-06-11 00:57:58',27,7),(764,'2025-02-06 00:00:00','2025-02-13','2025-06-11 00:57:58','2025-06-11 00:57:58',54,3),(765,'2025-02-06 00:00:00','2025-02-13','2025-06-11 00:57:58','2025-06-11 00:57:58',44,10),(766,'2025-02-06 00:00:00','2025-02-13','2025-06-11 00:57:58','2025-06-11 00:57:58',89,1),(767,'2025-02-06 00:00:00','2025-02-13','2025-06-11 00:57:58','2025-06-11 00:57:58',184,6),(768,'2025-02-06 00:00:00','2025-02-13','2025-06-11 00:57:58','2025-06-11 00:57:58',78,1),(769,'2025-02-07 00:00:00','2025-02-14','2025-06-11 00:57:58','2025-06-11 00:57:58',237,4),(770,'2025-02-07 00:00:00','2025-02-14','2025-06-11 00:57:58','2025-06-11 00:57:58',238,4),(771,'2025-02-07 00:00:00','2025-02-14','2025-06-11 00:57:58','2025-06-11 00:57:58',225,7),(772,'2025-02-07 00:00:00','2025-02-14','2025-06-11 00:57:58','2025-06-11 00:57:58',153,9),(773,'2025-02-07 00:00:00','2025-02-14','2025-06-11 00:57:58','2025-06-11 00:57:58',28,5),(774,'2025-02-07 00:00:00','2025-02-14','2025-06-11 00:57:58','2025-06-11 00:57:58',37,1),(775,'2025-02-07 00:00:00','2025-02-14','2025-06-11 00:57:58','2025-06-11 00:57:58',199,10),(776,'2025-02-07 00:00:00','2025-02-14','2025-06-11 00:57:58','2025-06-11 00:57:58',122,10),(777,'2025-02-07 00:00:00','2025-02-14','2025-06-11 00:57:58','2025-06-11 00:57:58',45,6),(778,'2025-02-07 00:00:00','2025-02-14','2025-06-11 00:57:58','2025-06-11 00:57:58',81,8),(779,'2025-02-07 00:00:00','2025-02-14','2025-06-11 00:57:58','2025-06-11 00:57:58',146,9),(780,'2025-02-07 00:00:00','2025-02-14','2025-06-11 00:57:58','2025-06-11 00:57:58',56,4),(781,'2025-02-07 00:00:00','2025-02-14','2025-06-11 00:57:58','2025-06-11 00:57:58',2,1),(782,'2025-02-07 00:00:00','2025-02-14','2025-06-11 00:57:58','2025-06-11 00:57:58',85,3),(783,'2025-02-07 00:00:00','2025-02-14','2025-06-11 00:57:58','2025-06-11 00:57:58',96,6),(784,'2025-02-07 00:00:00','2025-02-14','2025-06-11 00:57:58','2025-06-11 00:57:58',35,4),(785,'2025-02-10 00:00:00','2025-02-17','2025-06-11 00:57:58','2025-06-11 00:57:58',239,6),(786,'2025-02-10 00:00:00','2025-02-17','2025-06-11 00:57:58','2025-06-11 00:57:58',240,7),(787,'2025-02-10 00:00:00','2025-02-17','2025-06-11 00:57:58','2025-06-11 00:57:58',221,10),(788,'2025-02-10 00:00:00','2025-02-17','2025-06-11 00:57:58','2025-06-11 00:57:58',222,8),(789,'2025-02-10 00:00:00','2025-02-17','2025-06-11 00:57:58','2025-06-11 00:57:58',188,9),(790,'2025-02-10 00:00:00','2025-02-17','2025-06-11 00:57:58','2025-06-11 00:57:58',156,9),(791,'2025-02-10 00:00:00','2025-02-17','2025-06-11 00:57:58','2025-06-11 00:57:58',45,1),(792,'2025-02-10 00:00:00','2025-02-17','2025-06-11 00:57:58','2025-06-11 00:57:58',178,7),(793,'2025-02-10 00:00:00','2025-02-17','2025-06-11 00:57:58','2025-06-11 00:57:58',209,10),(794,'2025-02-10 00:00:00','2025-02-17','2025-06-11 00:57:58','2025-06-11 00:57:58',135,6),(795,'2025-02-10 00:00:00','2025-02-17','2025-06-11 00:57:58','2025-06-11 00:57:58',92,8),(796,'2025-02-10 00:00:00','2025-02-17','2025-06-11 00:57:58','2025-06-11 00:57:58',122,3),(797,'2025-02-10 00:00:00','2025-02-17','2025-06-11 00:57:58','2025-06-11 00:57:58',187,1),(798,'2025-02-10 00:00:00','2025-02-17','2025-06-11 00:57:58','2025-06-11 00:57:58',58,5),(799,'2025-02-10 00:00:00','2025-02-17','2025-06-11 00:57:58','2025-06-11 00:57:58',152,9),(800,'2025-02-10 00:00:00','2025-02-17','2025-06-11 00:57:58','2025-06-11 00:57:58',116,1),(801,'2025-02-11 00:00:00','2025-02-18','2025-06-11 00:57:58','2025-06-11 00:57:58',241,7),(802,'2025-02-11 00:00:00','2025-02-18','2025-06-11 00:57:58','2025-06-11 00:57:58',242,7),(803,'2025-02-11 00:00:00','2025-02-18','2025-06-11 00:57:58','2025-06-11 00:57:58',243,7),(804,'2025-02-11 00:00:00','2025-02-18','2025-06-11 00:57:58','2025-06-11 00:57:58',244,3),(805,'2025-02-11 00:00:00','2025-02-18','2025-06-11 00:57:58','2025-06-11 00:57:58',245,5),(806,'2025-02-11 00:00:00','2025-02-18','2025-06-11 00:57:58','2025-06-11 00:57:58',246,2),(807,'2025-02-11 00:00:00','2025-02-18','2025-06-11 00:57:58','2025-06-11 00:57:58',247,8),(808,'2025-02-11 00:00:00','2025-02-18','2025-06-11 00:57:58','2025-06-11 00:57:58',248,6),(809,'2025-02-11 00:00:00','2025-02-18','2025-06-11 00:57:58','2025-06-11 00:57:58',249,6),(810,'2025-02-11 00:00:00','2025-02-18','2025-06-11 00:57:58','2025-06-11 00:57:58',250,4),(811,'2025-02-11 00:00:00','2025-02-18','2025-06-11 00:57:58','2025-06-11 00:57:58',251,6),(812,'2025-02-11 00:00:00','2025-02-18','2025-06-11 00:57:58','2025-06-11 00:57:58',252,6),(813,'2025-02-11 00:00:00','2025-02-18','2025-06-11 00:57:58','2025-06-11 00:57:58',253,4),(814,'2025-02-11 00:00:00','2025-02-18','2025-06-11 00:57:58','2025-06-11 00:57:58',254,8),(815,'2025-02-11 00:00:00','2025-02-18','2025-06-11 00:57:58','2025-06-11 00:57:58',255,3),(816,'2025-02-11 00:00:00','2025-02-18','2025-06-11 00:57:58','2025-06-11 00:57:58',256,8),(817,'2025-02-12 00:00:00','2025-02-19','2025-06-11 00:57:58','2025-06-11 00:57:58',257,2),(818,'2025-02-12 00:00:00','2025-02-19','2025-06-11 00:57:58','2025-06-11 00:57:58',258,4),(819,'2025-02-12 00:00:00','2025-02-19','2025-06-11 00:57:58','2025-06-11 00:57:58',136,1),(820,'2025-02-12 00:00:00','2025-02-19','2025-06-11 00:57:58','2025-06-11 00:57:58',142,8),(821,'2025-02-12 00:00:00','2025-02-19','2025-06-11 00:57:58','2025-06-11 00:57:58',253,8),(822,'2025-02-12 00:00:00','2025-02-19','2025-06-11 00:57:58','2025-06-11 00:57:58',68,6),(823,'2025-02-12 00:00:00','2025-02-19','2025-06-11 00:57:58','2025-06-11 00:57:58',65,8),(824,'2025-02-12 00:00:00','2025-02-19','2025-06-11 00:57:58','2025-06-11 00:57:58',139,1),(825,'2025-02-12 00:00:00','2025-02-19','2025-06-11 00:57:58','2025-06-11 00:57:58',237,8),(826,'2025-02-12 00:00:00','2025-02-19','2025-06-11 00:57:58','2025-06-11 00:57:58',133,8),(827,'2025-02-12 00:00:00','2025-02-19','2025-06-11 00:57:58','2025-06-11 00:57:58',235,6),(828,'2025-02-12 00:00:00','2025-02-19','2025-06-11 00:57:58','2025-06-11 00:57:58',151,2),(829,'2025-02-12 00:00:00','2025-02-19','2025-06-11 00:57:58','2025-06-11 00:57:58',112,10),(830,'2025-02-12 00:00:00','2025-02-19','2025-06-11 00:57:58','2025-06-11 00:57:58',223,2),(831,'2025-02-12 00:00:00','2025-02-19','2025-06-11 00:57:58','2025-06-11 00:57:58',44,7),(832,'2025-02-12 00:00:00','2025-02-19','2025-06-11 00:57:58','2025-06-11 00:57:58',148,4),(833,'2025-02-13 00:00:00','2025-02-20','2025-06-11 00:57:58','2025-06-11 00:57:58',259,4),(834,'2025-02-13 00:00:00','2025-02-20','2025-06-11 00:57:58','2025-06-11 00:57:58',260,7),(835,'2025-02-13 00:00:00','2025-02-20','2025-06-11 00:57:58','2025-06-11 00:57:58',211,5),(836,'2025-02-13 00:00:00','2025-02-20','2025-06-11 00:57:58','2025-06-11 00:57:58',98,9),(837,'2025-02-13 00:00:00','2025-02-20','2025-06-11 00:57:58','2025-06-11 00:57:58',168,7),(838,'2025-02-13 00:00:00','2025-02-20','2025-06-11 00:57:58','2025-06-11 00:57:58',48,6),(839,'2025-02-13 00:00:00','2025-02-20','2025-06-11 00:57:58','2025-06-11 00:57:58',96,9),(840,'2025-02-13 00:00:00','2025-02-20','2025-06-11 00:57:58','2025-06-11 00:57:58',210,10),(841,'2025-02-13 00:00:00','2025-02-20','2025-06-11 00:57:58','2025-06-11 00:57:58',190,10),(842,'2025-02-13 00:00:00','2025-02-20','2025-06-11 00:57:58','2025-06-11 00:57:58',144,5),(843,'2025-02-13 00:00:00','2025-02-20','2025-06-11 00:57:58','2025-06-11 00:57:58',131,2),(844,'2025-02-13 00:00:00','2025-02-20','2025-06-11 00:57:58','2025-06-11 00:57:58',152,3),(845,'2025-02-13 00:00:00','2025-02-20','2025-06-11 00:57:58','2025-06-11 00:57:58',85,1),(846,'2025-02-13 00:00:00','2025-02-20','2025-06-11 00:57:58','2025-06-11 00:57:58',67,9),(847,'2025-02-13 00:00:00','2025-02-20','2025-06-11 00:57:58','2025-06-11 00:57:58',66,2),(848,'2025-02-13 00:00:00','2025-02-20','2025-06-11 00:57:58','2025-06-11 00:57:58',207,8),(849,'2025-02-14 00:00:00','2025-02-21','2025-06-11 00:57:58','2025-06-11 00:57:58',261,8),(850,'2025-02-14 00:00:00','2025-02-21','2025-06-11 00:57:58','2025-06-11 00:57:58',262,8),(851,'2025-02-14 00:00:00','2025-02-21','2025-06-11 00:57:58','2025-06-11 00:57:58',130,10),(852,'2025-02-14 00:00:00','2025-02-21','2025-06-11 00:57:58','2025-06-11 00:57:58',236,1),(853,'2025-02-14 00:00:00','2025-02-21','2025-06-11 00:57:58','2025-06-11 00:57:58',9,10),(854,'2025-02-14 00:00:00','2025-02-21','2025-06-11 00:57:58','2025-06-11 00:57:58',107,4),(855,'2025-02-14 00:00:00','2025-02-21','2025-06-11 00:57:58','2025-06-11 00:57:58',166,5),(856,'2025-02-14 00:00:00','2025-02-21','2025-06-11 00:57:58','2025-06-11 00:57:58',190,3),(857,'2025-02-14 00:00:00','2025-02-21','2025-06-11 00:57:58','2025-06-11 00:57:58',197,7),(858,'2025-02-14 00:00:00','2025-02-21','2025-06-11 00:57:58','2025-06-11 00:57:58',110,6),(859,'2025-02-14 00:00:00','2025-02-21','2025-06-11 00:57:58','2025-06-11 00:57:58',111,2),(860,'2025-02-14 00:00:00','2025-02-21','2025-06-11 00:57:58','2025-06-11 00:57:58',87,7),(861,'2025-02-14 00:00:00','2025-02-21','2025-06-11 00:57:58','2025-06-11 00:57:58',172,7),(862,'2025-02-14 00:00:00','2025-02-21','2025-06-11 00:57:58','2025-06-11 00:57:58',102,3),(863,'2025-02-14 00:00:00','2025-02-21','2025-06-11 00:57:58','2025-06-11 00:57:58',51,8),(864,'2025-02-14 00:00:00','2025-02-21','2025-06-11 00:57:58','2025-06-11 00:57:58',61,7),(865,'2025-02-17 00:00:00','2025-02-24','2025-06-11 00:57:58','2025-06-11 00:57:58',263,6),(866,'2025-02-17 00:00:00','2025-02-24','2025-06-11 00:57:58','2025-06-11 00:57:58',264,7),(867,'2025-02-17 00:00:00','2025-02-24','2025-06-11 00:57:58','2025-06-11 00:57:58',21,5),(868,'2025-02-17 00:00:00','2025-02-24','2025-06-11 00:57:58','2025-06-11 00:57:58',261,2),(869,'2025-02-17 00:00:00','2025-02-24','2025-06-11 00:57:58','2025-06-11 00:57:58',91,4),(870,'2025-02-17 00:00:00','2025-02-24','2025-06-11 00:57:58','2025-06-11 00:57:58',17,1),(871,'2025-02-17 00:00:00','2025-02-24','2025-06-11 00:57:58','2025-06-11 00:57:58',163,7),(872,'2025-02-17 00:00:00','2025-02-24','2025-06-11 00:57:58','2025-06-11 00:57:58',200,9),(873,'2025-02-17 00:00:00','2025-02-24','2025-06-11 00:57:58','2025-06-11 00:57:58',240,3),(874,'2025-02-17 00:00:00','2025-02-24','2025-06-11 00:57:58','2025-06-11 00:57:58',75,5),(875,'2025-02-17 00:00:00','2025-02-24','2025-06-11 00:57:58','2025-06-11 00:57:58',136,3),(876,'2025-02-17 00:00:00','2025-02-24','2025-06-11 00:57:58','2025-06-11 00:57:58',159,5),(877,'2025-02-17 00:00:00','2025-02-24','2025-06-11 00:57:58','2025-06-11 00:57:58',1,10),(878,'2025-02-17 00:00:00','2025-02-24','2025-06-11 00:57:58','2025-06-11 00:57:58',245,1),(879,'2025-02-17 00:00:00','2025-02-24','2025-06-11 00:57:58','2025-06-11 00:57:58',7,10),(880,'2025-02-17 00:00:00','2025-02-24','2025-06-11 00:57:58','2025-06-11 00:57:58',198,3),(881,'2025-02-18 00:00:00','2025-02-25','2025-06-11 00:57:58','2025-06-11 00:57:58',265,5),(882,'2025-02-18 00:00:00','2025-02-25','2025-06-11 00:57:58','2025-06-11 00:57:58',266,9),(883,'2025-02-18 00:00:00','2025-02-25','2025-06-11 00:57:58','2025-06-11 00:57:58',267,5),(884,'2025-02-18 00:00:00','2025-02-25','2025-06-11 00:57:58','2025-06-11 00:57:58',268,10),(885,'2025-02-18 00:00:00','2025-02-25','2025-06-11 00:57:58','2025-06-11 00:57:58',269,6),(886,'2025-02-18 00:00:00','2025-02-25','2025-06-11 00:57:58','2025-06-11 00:57:58',270,6),(887,'2025-02-18 00:00:00','2025-02-25','2025-06-11 00:57:58','2025-06-11 00:57:58',271,2),(888,'2025-02-18 00:00:00','2025-02-25','2025-06-11 00:57:58','2025-06-11 00:57:58',272,4),(889,'2025-02-18 00:00:00','2025-02-25','2025-06-11 00:57:58','2025-06-11 00:57:58',273,1),(890,'2025-02-18 00:00:00','2025-02-25','2025-06-11 00:57:58','2025-06-11 00:57:58',274,4),(891,'2025-02-18 00:00:00','2025-02-25','2025-06-11 00:57:58','2025-06-11 00:57:58',275,6),(892,'2025-02-18 00:00:00','2025-02-25','2025-06-11 00:57:58','2025-06-11 00:57:58',276,2),(893,'2025-02-18 00:00:00','2025-02-25','2025-06-11 00:57:58','2025-06-11 00:57:58',277,8),(894,'2025-02-18 00:00:00','2025-02-25','2025-06-11 00:57:58','2025-06-11 00:57:58',278,2),(895,'2025-02-18 00:00:00','2025-02-25','2025-06-11 00:57:58','2025-06-11 00:57:58',279,8),(896,'2025-02-18 00:00:00','2025-02-25','2025-06-11 00:57:58','2025-06-11 00:57:58',280,7),(897,'2025-02-19 00:00:00','2025-02-26','2025-06-11 00:57:58','2025-06-11 00:57:58',281,7),(898,'2025-02-19 00:00:00','2025-02-26','2025-06-11 00:57:58','2025-06-11 00:57:58',282,7),(899,'2025-02-19 00:00:00','2025-02-26','2025-06-11 00:57:58','2025-06-11 00:57:58',164,4),(900,'2025-02-19 00:00:00','2025-02-26','2025-06-11 00:57:58','2025-06-11 00:57:58',166,10),(901,'2025-02-19 00:00:00','2025-02-26','2025-06-11 00:57:58','2025-06-11 00:57:58',127,10),(902,'2025-02-19 00:00:00','2025-02-26','2025-06-11 00:57:58','2025-06-11 00:57:58',145,8),(903,'2025-02-19 00:00:00','2025-02-26','2025-06-11 00:57:58','2025-06-11 00:57:58',247,2),(904,'2025-02-19 00:00:00','2025-02-26','2025-06-11 00:57:58','2025-06-11 00:57:58',216,6),(905,'2025-02-19 00:00:00','2025-02-26','2025-06-11 00:57:58','2025-06-11 00:57:58',176,3),(906,'2025-02-19 00:00:00','2025-02-26','2025-06-11 00:57:58','2025-06-11 00:57:58',20,9),(907,'2025-02-19 00:00:00','2025-02-26','2025-06-11 00:57:58','2025-06-11 00:57:58',220,3),(908,'2025-02-19 00:00:00','2025-02-26','2025-06-11 00:57:58','2025-06-11 00:57:58',34,10),(909,'2025-02-19 00:00:00','2025-02-26','2025-06-11 00:57:58','2025-06-11 00:57:58',4,6),(910,'2025-02-19 00:00:00','2025-02-26','2025-06-11 00:57:58','2025-06-11 00:57:58',141,10),(911,'2025-02-19 00:00:00','2025-02-26','2025-06-11 00:57:58','2025-06-11 00:57:58',201,4),(912,'2025-02-19 00:00:00','2025-02-26','2025-06-11 00:57:58','2025-06-11 00:57:58',260,1),(913,'2025-02-20 00:00:00','2025-02-27','2025-06-11 00:57:58','2025-06-11 00:57:58',283,5),(914,'2025-02-20 00:00:00','2025-02-27','2025-06-11 00:57:58','2025-06-11 00:57:58',284,2),(915,'2025-02-20 00:00:00','2025-02-27','2025-06-11 00:57:58','2025-06-11 00:57:58',89,9),(916,'2025-02-20 00:00:00','2025-02-27','2025-06-11 00:57:58','2025-06-11 00:57:58',207,10),(917,'2025-02-20 00:00:00','2025-02-27','2025-06-11 00:57:58','2025-06-11 00:57:58',73,3),(918,'2025-02-20 00:00:00','2025-02-27','2025-06-11 00:57:58','2025-06-11 00:57:58',75,7),(919,'2025-02-20 00:00:00','2025-02-27','2025-06-11 00:57:58','2025-06-11 00:57:58',142,8),(920,'2025-02-20 00:00:00','2025-02-27','2025-06-11 00:57:58','2025-06-11 00:57:58',71,5),(921,'2025-02-20 00:00:00','2025-02-27','2025-06-11 00:57:58','2025-06-11 00:57:58',220,9),(922,'2025-02-20 00:00:00','2025-02-27','2025-06-11 00:57:58','2025-06-11 00:57:58',272,3),(923,'2025-02-20 00:00:00','2025-02-27','2025-06-11 00:57:58','2025-06-11 00:57:58',255,3),(924,'2025-02-20 00:00:00','2025-02-27','2025-06-11 00:57:58','2025-06-11 00:57:58',27,9),(925,'2025-02-20 00:00:00','2025-02-27','2025-06-11 00:57:58','2025-06-11 00:57:58',58,8),(926,'2025-02-20 00:00:00','2025-02-27','2025-06-11 00:57:58','2025-06-11 00:57:58',152,1),(927,'2025-02-20 00:00:00','2025-02-27','2025-06-11 00:57:58','2025-06-11 00:57:58',184,10),(928,'2025-02-20 00:00:00','2025-02-27','2025-06-11 00:57:58','2025-06-11 00:57:58',209,8),(929,'2025-02-21 00:00:00','2025-02-28','2025-06-11 00:57:58','2025-06-11 00:57:58',285,2),(930,'2025-02-21 00:00:00','2025-02-28','2025-06-11 00:57:58','2025-06-11 00:57:58',286,2),(931,'2025-02-21 00:00:00','2025-02-28','2025-06-11 00:57:58','2025-06-11 00:57:58',166,9),(932,'2025-02-21 00:00:00','2025-02-28','2025-06-11 00:57:58','2025-06-11 00:57:58',175,4),(933,'2025-02-21 00:00:00','2025-02-28','2025-06-11 00:57:58','2025-06-11 00:57:58',226,10),(934,'2025-02-21 00:00:00','2025-02-28','2025-06-11 00:57:58','2025-06-11 00:57:58',272,5),(935,'2025-02-21 00:00:00','2025-02-28','2025-06-11 00:57:58','2025-06-11 00:57:58',127,5),(936,'2025-02-21 00:00:00','2025-02-28','2025-06-11 00:57:58','2025-06-11 00:57:58',3,9),(937,'2025-02-21 00:00:00','2025-02-28','2025-06-11 00:57:58','2025-06-11 00:57:58',117,4),(938,'2025-02-21 00:00:00','2025-02-28','2025-06-11 00:57:58','2025-06-11 00:57:58',281,10),(939,'2025-02-21 00:00:00','2025-02-28','2025-06-11 00:57:58','2025-06-11 00:57:58',232,1),(940,'2025-02-21 00:00:00','2025-02-28','2025-06-11 00:57:58','2025-06-11 00:57:58',218,10),(941,'2025-02-21 00:00:00','2025-02-28','2025-06-11 00:57:58','2025-06-11 00:57:58',91,9),(942,'2025-02-21 00:00:00','2025-02-28','2025-06-11 00:57:58','2025-06-11 00:57:58',275,8),(943,'2025-02-21 00:00:00','2025-02-28','2025-06-11 00:57:58','2025-06-11 00:57:58',169,9),(944,'2025-02-21 00:00:00','2025-02-28','2025-06-11 00:57:58','2025-06-11 00:57:58',250,1),(945,'2025-02-24 00:00:00','2025-03-03','2025-06-11 00:57:58','2025-06-11 00:57:58',287,2),(946,'2025-02-24 00:00:00','2025-03-03','2025-06-11 00:57:58','2025-06-11 00:57:58',288,2),(947,'2025-02-24 00:00:00','2025-03-03','2025-06-11 00:57:58','2025-06-11 00:57:58',189,5),(948,'2025-02-24 00:00:00','2025-03-03','2025-06-11 00:57:58','2025-06-11 00:57:58',51,8),(949,'2025-02-24 00:00:00','2025-03-03','2025-06-11 00:57:58','2025-06-11 00:57:58',93,8),(950,'2025-02-24 00:00:00','2025-03-03','2025-06-11 00:57:58','2025-06-11 00:57:58',177,1),(951,'2025-02-24 00:00:00','2025-03-03','2025-06-11 00:57:58','2025-06-11 00:57:58',283,7),(952,'2025-02-24 00:00:00','2025-03-03','2025-06-11 00:57:58','2025-06-11 00:57:58',2,3),(953,'2025-02-24 00:00:00','2025-03-03','2025-06-11 00:57:58','2025-06-11 00:57:58',183,1),(954,'2025-02-24 00:00:00','2025-03-03','2025-06-11 00:57:58','2025-06-11 00:57:58',196,2),(955,'2025-02-24 00:00:00','2025-03-03','2025-06-11 00:57:58','2025-06-11 00:57:58',141,4),(956,'2025-02-24 00:00:00','2025-03-03','2025-06-11 00:57:58','2025-06-11 00:57:58',58,7),(957,'2025-02-24 00:00:00','2025-03-03','2025-06-11 00:57:58','2025-06-11 00:57:58',91,9),(958,'2025-02-24 00:00:00','2025-03-03','2025-06-11 00:57:58','2025-06-11 00:57:58',250,1),(959,'2025-02-24 00:00:00','2025-03-03','2025-06-11 00:57:58','2025-06-11 00:57:58',172,10),(960,'2025-02-24 00:00:00','2025-03-03','2025-06-11 00:57:58','2025-06-11 00:57:58',148,9),(961,'2025-02-25 00:00:00','2025-03-04','2025-06-11 00:57:58','2025-06-11 00:57:58',289,3),(962,'2025-02-25 00:00:00','2025-03-04','2025-06-11 00:57:58','2025-06-11 00:57:58',290,2),(963,'2025-02-25 00:00:00','2025-03-04','2025-06-11 00:57:58','2025-06-11 00:57:58',291,4),(964,'2025-02-25 00:00:00','2025-03-04','2025-06-11 00:57:58','2025-06-11 00:57:58',292,5),(965,'2025-02-25 00:00:00','2025-03-04','2025-06-11 00:57:58','2025-06-11 00:57:58',293,8),(966,'2025-02-25 00:00:00','2025-03-04','2025-06-11 00:57:58','2025-06-11 00:57:58',294,6),(967,'2025-02-25 00:00:00','2025-03-04','2025-06-11 00:57:58','2025-06-11 00:57:58',295,2),(968,'2025-02-25 00:00:00','2025-03-04','2025-06-11 00:57:58','2025-06-11 00:57:58',296,2),(969,'2025-02-25 00:00:00','2025-03-04','2025-06-11 00:57:58','2025-06-11 00:57:58',297,1),(970,'2025-02-25 00:00:00','2025-03-04','2025-06-11 00:57:58','2025-06-11 00:57:58',298,4),(971,'2025-02-25 00:00:00','2025-03-04','2025-06-11 00:57:58','2025-06-11 00:57:58',299,2),(972,'2025-02-25 00:00:00','2025-03-04','2025-06-11 00:57:58','2025-06-11 00:57:58',300,1),(973,'2025-02-25 00:00:00','2025-03-04','2025-06-11 00:57:58','2025-06-11 00:57:58',301,9),(974,'2025-02-25 00:00:00','2025-03-04','2025-06-11 00:57:58','2025-06-11 00:57:58',302,6),(975,'2025-02-25 00:00:00','2025-03-04','2025-06-11 00:57:58','2025-06-11 00:57:58',303,5),(976,'2025-02-25 00:00:00','2025-03-04','2025-06-11 00:57:58','2025-06-11 00:57:58',304,3),(977,'2025-02-26 00:00:00','2025-03-05','2025-06-11 00:57:58','2025-06-11 00:57:58',305,10),(978,'2025-02-26 00:00:00','2025-03-05','2025-06-11 00:57:58','2025-06-11 00:57:58',306,2),(979,'2025-02-26 00:00:00','2025-03-05','2025-06-11 00:57:58','2025-06-11 00:57:58',100,3),(980,'2025-02-26 00:00:00','2025-03-05','2025-06-11 00:57:58','2025-06-11 00:57:58',294,10),(981,'2025-02-26 00:00:00','2025-03-05','2025-06-11 00:57:58','2025-06-11 00:57:58',10,1),(982,'2025-02-26 00:00:00','2025-03-05','2025-06-11 00:57:58','2025-06-11 00:57:58',283,8),(983,'2025-02-26 00:00:00','2025-03-05','2025-06-11 00:57:58','2025-06-11 00:57:58',121,2),(984,'2025-02-26 00:00:00','2025-03-05','2025-06-11 00:57:58','2025-06-11 00:57:58',72,6),(985,'2025-02-26 00:00:00','2025-03-05','2025-06-11 00:57:58','2025-06-11 00:57:58',212,5),(986,'2025-02-26 00:00:00','2025-03-05','2025-06-11 00:57:58','2025-06-11 00:57:58',41,3),(987,'2025-02-26 00:00:00','2025-03-05','2025-06-11 00:57:58','2025-06-11 00:57:58',249,7),(988,'2025-02-26 00:00:00','2025-03-05','2025-06-11 00:57:58','2025-06-11 00:57:58',291,10),(989,'2025-02-26 00:00:00','2025-03-05','2025-06-11 00:57:58','2025-06-11 00:57:58',25,2),(990,'2025-02-26 00:00:00','2025-03-05','2025-06-11 00:57:58','2025-06-11 00:57:58',281,7),(991,'2025-02-26 00:00:00','2025-03-05','2025-06-11 00:57:58','2025-06-11 00:57:58',221,9),(992,'2025-02-26 00:00:00','2025-03-05','2025-06-11 00:57:58','2025-06-11 00:57:58',167,6),(993,'2025-02-27 00:00:00','2025-03-06','2025-06-11 00:57:58','2025-06-11 00:57:58',307,9),(994,'2025-02-27 00:00:00','2025-03-06','2025-06-11 00:57:58','2025-06-11 00:57:58',308,1),(995,'2025-02-27 00:00:00','2025-03-06','2025-06-11 00:57:58','2025-06-11 00:57:58',124,6),(996,'2025-02-27 00:00:00','2025-03-06','2025-06-11 00:57:58','2025-06-11 00:57:58',274,7),(997,'2025-02-27 00:00:00','2025-03-06','2025-06-11 00:57:58','2025-06-11 00:57:58',45,1),(998,'2025-02-27 00:00:00','2025-03-06','2025-06-11 00:57:58','2025-06-11 00:57:58',57,2),(999,'2025-02-27 00:00:00','2025-03-06','2025-06-11 00:57:58','2025-06-11 00:57:58',64,9),(1000,'2025-02-27 00:00:00','2025-03-06','2025-06-11 00:57:58','2025-06-11 00:57:58',72,1),(1001,'2025-02-27 00:00:00','2025-03-06','2025-06-11 00:57:58','2025-06-11 00:57:58',131,2),(1002,'2025-02-27 00:00:00','2025-03-06','2025-06-11 00:57:58','2025-06-11 00:57:58',3,6),(1003,'2025-02-27 00:00:00','2025-03-06','2025-06-11 00:57:58','2025-06-11 00:57:58',108,9),(1004,'2025-02-27 00:00:00','2025-03-06','2025-06-11 00:57:58','2025-06-11 00:57:58',284,1),(1005,'2025-02-27 00:00:00','2025-03-06','2025-06-11 00:57:58','2025-06-11 00:57:58',68,8),(1006,'2025-02-27 00:00:00','2025-03-06','2025-06-11 00:57:58','2025-06-11 00:57:58',133,4),(1007,'2025-02-27 00:00:00','2025-03-06','2025-06-11 00:57:58','2025-06-11 00:57:58',80,8),(1008,'2025-02-27 00:00:00','2025-03-06','2025-06-11 00:57:58','2025-06-11 00:57:58',50,10),(1009,'2025-02-28 00:00:00','2025-03-07','2025-06-11 00:57:58','2025-06-11 00:57:58',309,5),(1010,'2025-02-28 00:00:00','2025-03-07','2025-06-11 00:57:58','2025-06-11 00:57:58',310,8),(1011,'2025-02-28 00:00:00','2025-03-07','2025-06-11 00:57:58','2025-06-11 00:57:58',275,1),(1012,'2025-02-28 00:00:00','2025-03-07','2025-06-11 00:57:58','2025-06-11 00:57:58',3,10),(1013,'2025-02-28 00:00:00','2025-03-07','2025-06-11 00:57:58','2025-06-11 00:57:58',280,10),(1014,'2025-02-28 00:00:00','2025-03-07','2025-06-11 00:57:58','2025-06-11 00:57:58',77,6),(1015,'2025-02-28 00:00:00','2025-03-07','2025-06-11 00:57:58','2025-06-11 00:57:58',114,3),(1016,'2025-02-28 00:00:00','2025-03-07','2025-06-11 00:57:58','2025-06-11 00:57:58',271,8),(1017,'2025-02-28 00:00:00','2025-03-07','2025-06-11 00:57:58','2025-06-11 00:57:58',290,2),(1018,'2025-02-28 00:00:00','2025-03-07','2025-06-11 00:57:58','2025-06-11 00:57:58',223,7),(1019,'2025-02-28 00:00:00','2025-03-07','2025-06-11 00:57:58','2025-06-11 00:57:58',19,5),(1020,'2025-02-28 00:00:00','2025-03-07','2025-06-11 00:57:58','2025-06-11 00:57:58',305,1),(1021,'2025-02-28 00:00:00','2025-03-07','2025-06-11 00:57:58','2025-06-11 00:57:58',279,1),(1022,'2025-02-28 00:00:00','2025-03-07','2025-06-11 00:57:58','2025-06-11 00:57:58',224,3),(1023,'2025-02-28 00:00:00','2025-03-07','2025-06-11 00:57:58','2025-06-11 00:57:58',85,9),(1024,'2025-02-28 00:00:00','2025-03-07','2025-06-11 00:57:58','2025-06-11 00:57:58',220,10),(1025,'2025-03-03 00:00:00','2025-03-10','2025-06-11 00:57:58','2025-06-11 00:57:58',311,5),(1026,'2025-03-03 00:00:00','2025-03-10','2025-06-11 00:57:58','2025-06-11 00:57:58',312,4),(1027,'2025-03-03 00:00:00','2025-03-10','2025-06-11 00:57:58','2025-06-11 00:57:58',62,7),(1028,'2025-03-03 00:00:00','2025-03-10','2025-06-11 00:57:58','2025-06-11 00:57:58',259,3),(1029,'2025-03-03 00:00:00','2025-03-10','2025-06-11 00:57:58','2025-06-11 00:57:58',111,9),(1030,'2025-03-03 00:00:00','2025-03-10','2025-06-11 00:57:58','2025-06-11 00:57:58',195,4),(1031,'2025-03-03 00:00:00','2025-03-10','2025-06-11 00:57:58','2025-06-11 00:57:58',176,6),(1032,'2025-03-03 00:00:00','2025-03-10','2025-06-11 00:57:58','2025-06-11 00:57:58',304,9),(1033,'2025-03-03 00:00:00','2025-03-10','2025-06-11 00:57:58','2025-06-11 00:57:58',249,1),(1034,'2025-03-03 00:00:00','2025-03-10','2025-06-11 00:57:58','2025-06-11 00:57:58',80,4),(1035,'2025-03-03 00:00:00','2025-03-10','2025-06-11 00:57:58','2025-06-11 00:57:58',119,6),(1036,'2025-03-03 00:00:00','2025-03-10','2025-06-11 00:57:58','2025-06-11 00:57:58',245,5),(1037,'2025-03-03 00:00:00','2025-03-10','2025-06-11 00:57:58','2025-06-11 00:57:58',9,3),(1038,'2025-03-03 00:00:00','2025-03-10','2025-06-11 00:57:58','2025-06-11 00:57:58',112,6),(1039,'2025-03-03 00:00:00','2025-03-10','2025-06-11 00:57:58','2025-06-11 00:57:58',240,6),(1040,'2025-03-03 00:00:00','2025-03-10','2025-06-11 00:57:58','2025-06-11 00:57:58',88,5);
/*!40000 ALTER TABLE `rentals` ENABLE KEYS */;
UNLOCK TABLES;

--
-- Table structure for table `returns`
--

DROP TABLE IF EXISTS `returns`;
/*!40101 SET @saved_cs_client     = @@character_set_client */;
/*!40101 SET character_set_client = utf8 */;
CREATE TABLE `returns` (
  `id` int(11) NOT NULL AUTO_INCREMENT,
  `returned_date` datetime NOT NULL,
  `created_at` datetime NOT NULL,
  `updated_at` datetime NOT NULL,
  `employee_id` int(11) NOT NULL,
  `rental_id` int(11) NOT NULL,
  PRIMARY KEY (`id`),
  KEY `fk_returns_employees1_idx` (`employee_id`),
  KEY `fk_returns_rentals1_idx` (`rental_id`),
  CONSTRAINT `fk_returns_employees1` FOREIGN KEY (`employee_id`) REFERENCES `employees` (`id`) ON DELETE NO ACTION ON UPDATE NO ACTION,
  CONSTRAINT `fk_returns_rentals1` FOREIGN KEY (`rental_id`) REFERENCES `rentals` (`id`) ON DELETE NO ACTION ON UPDATE NO ACTION
) ENGINE=InnoDB AUTO_INCREMENT=884 DEFAULT CHARSET=utf8 COLLATE=utf8_general_ci;
/*!40101 SET character_set_client = @saved_cs_client */;

--
-- Dumping data for table `returns`
--

LOCK TABLES `returns` WRITE;
/*!40000 ALTER TABLE `returns` DISABLE KEYS */;
INSERT INTO `returns` VALUES (1,'2024-12-11 00:00:00','2025-06-11 00:57:58','2025-06-11 00:57:58',2,1),(2,'2024-12-10 00:00:00','2025-06-11 00:57:58','2025-06-11 00:57:58',2,2),(3,'2024-12-09 00:00:00','2025-06-11 00:57:58','2025-06-11 00:57:58',8,3),(4,'2024-12-10 00:00:00','2025-06-11 00:57:58','2025-06-11 00:57:58',8,4),(5,'2024-12-07 00:00:00','2025-06-11 00:57:58','2025-06-11 00:57:58',1,5),(6,'2024-12-13 00:00:00','2025-06-11 00:57:58','2025-06-11 00:57:58',8,6),(7,'2024-12-09 00:00:00','2025-06-11 00:57:58','2025-06-11 00:57:58',4,7),(8,'2024-12-10 00:00:00','2025-06-11 00:57:58','2025-06-11 00:57:58',3,8),(9,'2024-12-08 00:00:00','2025-06-11 00:57:58','2025-06-11 00:57:58',9,9),(10,'2024-12-09 00:00:00','2025-06-11 00:57:58','2025-06-11 00:57:58',1,10),(11,'2024-12-13 00:00:00','2025-06-11 00:57:58','2025-06-11 00:57:58',8,11),(12,'2024-12-12 00:00:00','2025-06-11 00:57:58','2025-06-11 00:57:58',6,12),(13,'2024-12-13 00:00:00','2025-06-11 00:57:58','2025-06-11 00:57:58',8,13),(14,'2024-12-07 00:00:00','2025-06-11 00:57:58','2025-06-11 00:57:58',7,14),(15,'2024-12-12 00:00:00','2025-06-11 00:57:58','2025-06-11 00:57:58',6,15),(16,'2024-12-10 00:00:00','2025-06-11 00:57:58','2025-06-11 00:57:58',2,16),(17,'2024-12-11 00:00:00','2025-06-11 00:57:58','2025-06-11 00:57:58',8,18),(18,'2024-12-10 00:00:00','2025-06-11 00:57:58','2025-06-11 00:57:58',3,19),(19,'2024-12-09 00:00:00','2025-06-11 00:57:58','2025-06-11 00:57:58',1,20),(20,'2024-12-13 00:00:00','2025-06-11 00:57:58','2025-06-11 00:57:58',1,21),(21,'2024-12-11 00:00:00','2025-06-11 00:57:58','2025-06-11 00:57:58',7,22),(22,'2024-12-08 00:00:00','2025-06-11 00:57:58','2025-06-11 00:57:58',6,23),(23,'2024-12-08 00:00:00','2025-06-11 00:57:58','2025-06-11 00:57:58',9,24),(24,'2024-12-09 00:00:00','2025-06-11 00:57:58','2025-06-11 00:57:58',9,25),(25,'2024-12-09 00:00:00','2025-06-11 00:57:58','2025-06-11 00:57:58',3,26),(26,'2024-12-10 00:00:00','2025-06-11 00:57:58','2025-06-11 00:57:58',1,27),(27,'2024-12-09 00:00:00','2025-06-11 00:57:58','2025-06-11 00:57:58',10,28),(28,'2024-12-13 00:00:00','2025-06-11 00:57:58','2025-06-11 00:57:58',1,29),(29,'2024-12-14 00:00:00','2025-06-11 00:57:58','2025-06-11 00:57:58',8,30),(30,'2024-12-13 00:00:00','2025-06-11 00:57:58','2025-06-11 00:57:58',5,31),(31,'2024-12-10 00:00:00','2025-06-11 00:57:58','2025-06-11 00:57:58',4,32),(32,'2024-12-12 00:00:00','2025-06-11 00:57:58','2025-06-11 00:57:58',4,33),(33,'2024-12-15 00:00:00','2025-06-11 00:57:58','2025-06-11 00:57:58',10,35),(34,'2024-12-13 00:00:00','2025-06-11 00:57:58','2025-06-11 00:57:58',5,36),(35,'2024-12-15 00:00:00','2025-06-11 00:57:58','2025-06-11 00:57:58',10,37),(36,'2024-12-13 00:00:00','2025-06-11 00:57:58','2025-06-11 00:57:58',6,38),(37,'2024-12-10 00:00:00','2025-06-11 00:57:58','2025-06-11 00:57:58',4,39),(38,'2024-12-11 00:00:00','2025-06-11 00:57:58','2025-06-11 00:57:58',8,40),(39,'2024-12-13 00:00:00','2025-06-11 00:57:58','2025-06-11 00:57:58',9,41),(40,'2024-12-14 00:00:00','2025-06-11 00:57:58','2025-06-11 00:57:58',5,42),(41,'2024-12-12 00:00:00','2025-06-11 00:57:58','2025-06-11 00:57:58',10,43),(42,'2024-12-12 00:00:00','2025-06-11 00:57:58','2025-06-11 00:57:58',8,44),(43,'2024-12-10 00:00:00','2025-06-11 00:57:58','2025-06-11 00:57:58',6,45),(44,'2024-12-10 00:00:00','2025-06-11 00:57:58','2025-06-11 00:57:58',3,46),(45,'2024-12-14 00:00:00','2025-06-11 00:57:58','2025-06-11 00:57:58',8,47),(46,'2024-12-13 00:00:00','2025-06-11 00:57:58','2025-06-11 00:57:58',4,48),(47,'2024-12-15 00:00:00','2025-06-11 00:57:58','2025-06-11 00:57:58',2,49),(48,'2024-12-16 00:00:00','2025-06-11 00:57:58','2025-06-11 00:57:58',2,50),(49,'2024-12-14 00:00:00','2025-06-11 00:57:58','2025-06-11 00:57:58',3,52),(50,'2024-12-16 00:00:00','2025-06-11 00:57:58','2025-06-11 00:57:58',2,53),(51,'2024-12-12 00:00:00','2025-06-11 00:57:58','2025-06-11 00:57:58',10,54),(52,'2024-12-11 00:00:00','2025-06-11 00:57:58','2025-06-11 00:57:58',1,55),(53,'2024-12-13 00:00:00','2025-06-11 00:57:58','2025-06-11 00:57:58',8,56),(54,'2024-12-15 00:00:00','2025-06-11 00:57:58','2025-06-11 00:57:58',10,57),(55,'2024-12-15 00:00:00','2025-06-11 00:57:58','2025-06-11 00:57:58',3,58),(56,'2024-12-15 00:00:00','2025-06-11 00:57:58','2025-06-11 00:57:58',8,59),(57,'2024-12-12 00:00:00','2025-06-11 00:57:58','2025-06-11 00:57:58',8,60),(58,'2024-12-11 00:00:00','2025-06-11 00:57:58','2025-06-11 00:57:58',5,61),(59,'2024-12-12 00:00:00','2025-06-11 00:57:58','2025-06-11 00:57:58',4,62),(60,'2024-12-16 00:00:00','2025-06-11 00:57:58','2025-06-11 00:57:58',7,63),(61,'2024-12-10 00:00:00','2025-06-11 00:57:58','2025-06-11 00:57:58',8,64),(62,'2024-12-18 00:00:00','2025-06-11 00:57:58','2025-06-11 00:57:58',5,65),(63,'2024-12-16 00:00:00','2025-06-11 00:57:58','2025-06-11 00:57:58',8,66),(64,'2024-12-19 00:00:00','2025-06-11 00:57:58','2025-06-11 00:57:58',5,67),(65,'2024-12-19 00:00:00','2025-06-11 00:57:58','2025-06-11 00:57:58',10,69),(66,'2024-12-16 00:00:00','2025-06-11 00:57:58','2025-06-11 00:57:58',9,70),(67,'2024-12-19 00:00:00','2025-06-11 00:57:58','2025-06-11 00:57:58',5,71),(68,'2024-12-15 00:00:00','2025-06-11 00:57:58','2025-06-11 00:57:58',5,72),(69,'2024-12-14 00:00:00','2025-06-11 00:57:58','2025-06-11 00:57:58',1,73),(70,'2024-12-13 00:00:00','2025-06-11 00:57:58','2025-06-11 00:57:58',8,74),(71,'2024-12-19 00:00:00','2025-06-11 00:57:58','2025-06-11 00:57:58',5,75),(72,'2024-12-15 00:00:00','2025-06-11 00:57:58','2025-06-11 00:57:58',3,76),(73,'2024-12-18 00:00:00','2025-06-11 00:57:58','2025-06-11 00:57:58',1,77),(74,'2024-12-18 00:00:00','2025-06-11 00:57:58','2025-06-11 00:57:58',5,78),(75,'2024-12-17 00:00:00','2025-06-11 00:57:58','2025-06-11 00:57:58',1,79),(76,'2024-12-19 00:00:00','2025-06-11 00:57:58','2025-06-11 00:57:58',10,80),(77,'2024-12-17 00:00:00','2025-06-11 00:57:58','2025-06-11 00:57:58',2,81),(78,'2024-12-16 00:00:00','2025-06-11 00:57:58','2025-06-11 00:57:58',2,82),(79,'2024-12-14 00:00:00','2025-06-11 00:57:58','2025-06-11 00:57:58',10,83),(80,'2024-12-18 00:00:00','2025-06-11 00:57:58','2025-06-11 00:57:58',3,84),(81,'2024-12-14 00:00:00','2025-06-11 00:57:58','2025-06-11 00:57:58',10,86),(82,'2024-12-19 00:00:00','2025-06-11 00:57:58','2025-06-11 00:57:58',8,87),(83,'2024-12-20 00:00:00','2025-06-11 00:57:58','2025-06-11 00:57:58',6,88),(84,'2024-12-14 00:00:00','2025-06-11 00:57:58','2025-06-11 00:57:58',7,89),(85,'2024-12-15 00:00:00','2025-06-11 00:57:58','2025-06-11 00:57:58',3,90),(86,'2024-12-16 00:00:00','2025-06-11 00:57:58','2025-06-11 00:57:58',8,91),(87,'2024-12-17 00:00:00','2025-06-11 00:57:58','2025-06-11 00:57:58',1,92),(88,'2024-12-17 00:00:00','2025-06-11 00:57:58','2025-06-11 00:57:58',5,93),(89,'2024-12-18 00:00:00','2025-06-11 00:57:58','2025-06-11 00:57:58',2,94),(90,'2024-12-15 00:00:00','2025-06-11 00:57:58','2025-06-11 00:57:58',4,95),(91,'2024-12-17 00:00:00','2025-06-11 00:57:58','2025-06-11 00:57:58',7,96),(92,'2024-12-17 00:00:00','2025-06-11 00:57:58','2025-06-11 00:57:58',3,97),(93,'2024-12-17 00:00:00','2025-06-11 00:57:58','2025-06-11 00:57:58',2,98),(94,'2024-12-16 00:00:00','2025-06-11 00:57:58','2025-06-11 00:57:58',4,99),(95,'2024-12-17 00:00:00','2025-06-11 00:57:58','2025-06-11 00:57:58',1,100),(96,'2024-12-19 00:00:00','2025-06-11 00:57:58','2025-06-11 00:57:58',1,101),(97,'2024-12-21 00:00:00','2025-06-11 00:57:58','2025-06-11 00:57:58',1,103),(98,'2024-12-20 00:00:00','2025-06-11 00:57:58','2025-06-11 00:57:58',6,104),(99,'2024-12-16 00:00:00','2025-06-11 00:57:58','2025-06-11 00:57:58',1,105),(100,'2024-12-20 00:00:00','2025-06-11 00:57:58','2025-06-11 00:57:58',1,106),(101,'2024-12-19 00:00:00','2025-06-11 00:57:58','2025-06-11 00:57:58',6,107),(102,'2024-12-17 00:00:00','2025-06-11 00:57:58','2025-06-11 00:57:58',9,108),(103,'2024-12-17 00:00:00','2025-06-11 00:57:58','2025-06-11 00:57:58',9,109),(104,'2024-12-17 00:00:00','2025-06-11 00:57:58','2025-06-11 00:57:58',9,110),(105,'2024-12-15 00:00:00','2025-06-11 00:57:58','2025-06-11 00:57:58',9,111),(106,'2024-12-19 00:00:00','2025-06-11 00:57:58','2025-06-11 00:57:58',2,112),(107,'2024-12-21 00:00:00','2025-06-11 00:57:58','2025-06-11 00:57:58',7,113),(108,'2024-12-20 00:00:00','2025-06-11 00:57:58','2025-06-11 00:57:58',7,114),(109,'2024-12-17 00:00:00','2025-06-11 00:57:58','2025-06-11 00:57:58',7,115),(110,'2024-12-17 00:00:00','2025-06-11 00:57:58','2025-06-11 00:57:58',9,116),(111,'2024-12-17 00:00:00','2025-06-11 00:57:58','2025-06-11 00:57:58',6,117),(112,'2024-12-16 00:00:00','2025-06-11 00:57:58','2025-06-11 00:57:58',9,118),(113,'2024-12-20 00:00:00','2025-06-11 00:57:58','2025-06-11 00:57:58',10,120),(114,'2024-12-16 00:00:00','2025-06-11 00:57:58','2025-06-11 00:57:58',8,121),(115,'2024-12-19 00:00:00','2025-06-11 00:57:58','2025-06-11 00:57:58',4,122),(116,'2024-12-20 00:00:00','2025-06-11 00:57:58','2025-06-11 00:57:58',9,123),(117,'2024-12-18 00:00:00','2025-06-11 00:57:58','2025-06-11 00:57:58',6,124),(118,'2024-12-22 00:00:00','2025-06-11 00:57:58','2025-06-11 00:57:58',8,125),(119,'2024-12-22 00:00:00','2025-06-11 00:57:58','2025-06-11 00:57:58',7,126),(120,'2024-12-17 00:00:00','2025-06-11 00:57:58','2025-06-11 00:57:58',5,127),(121,'2024-12-22 00:00:00','2025-06-11 00:57:58','2025-06-11 00:57:58',5,128),(122,'2024-12-18 00:00:00','2025-06-11 00:57:58','2025-06-11 00:57:58',8,129),(123,'2024-12-17 00:00:00','2025-06-11 00:57:58','2025-06-11 00:57:58',10,130),(124,'2024-12-17 00:00:00','2025-06-11 00:57:58','2025-06-11 00:57:58',5,131),(125,'2024-12-22 00:00:00','2025-06-11 00:57:58','2025-06-11 00:57:58',7,132),(126,'2024-12-23 00:00:00','2025-06-11 00:57:58','2025-06-11 00:57:58',9,133),(127,'2024-12-17 00:00:00','2025-06-11 00:57:58','2025-06-11 00:57:58',6,134),(128,'2024-12-19 00:00:00','2025-06-11 00:57:58','2025-06-11 00:57:58',7,135),(129,'2024-12-21 00:00:00','2025-06-11 00:57:58','2025-06-11 00:57:58',1,137),(130,'2024-12-21 00:00:00','2025-06-11 00:57:58','2025-06-11 00:57:58',9,138),(131,'2024-12-18 00:00:00','2025-06-11 00:57:58','2025-06-11 00:57:58',10,139),(132,'2024-12-20 00:00:00','2025-06-11 00:57:58','2025-06-11 00:57:58',10,140),(133,'2024-12-20 00:00:00','2025-06-11 00:57:58','2025-06-11 00:57:58',6,141),(134,'2024-12-22 00:00:00','2025-06-11 00:57:58','2025-06-11 00:57:58',6,142),(135,'2024-12-18 00:00:00','2025-06-11 00:57:58','2025-06-11 00:57:58',3,143),(136,'2024-12-19 00:00:00','2025-06-11 00:57:58','2025-06-11 00:57:58',7,144),(137,'2024-12-21 00:00:00','2025-06-11 00:57:58','2025-06-11 00:57:58',1,145),(138,'2024-12-25 00:00:00','2025-06-11 00:57:58','2025-06-11 00:57:58',7,146),(139,'2024-12-22 00:00:00','2025-06-11 00:57:58','2025-06-11 00:57:58',5,147),(140,'2024-12-23 00:00:00','2025-06-11 00:57:58','2025-06-11 00:57:58',2,148),(141,'2024-12-26 00:00:00','2025-06-11 00:57:58','2025-06-11 00:57:58',10,149),(142,'2024-12-21 00:00:00','2025-06-11 00:57:58','2025-06-11 00:57:58',7,150),(143,'2024-12-25 00:00:00','2025-06-11 00:57:58','2025-06-11 00:57:58',7,151),(144,'2024-12-26 00:00:00','2025-06-11 00:57:58','2025-06-11 00:57:58',1,152),(145,'2024-12-20 00:00:00','2025-06-11 00:57:58','2025-06-11 00:57:58',5,154),(146,'2024-12-24 00:00:00','2025-06-11 00:57:58','2025-06-11 00:57:58',6,155),(147,'2024-12-25 00:00:00','2025-06-11 00:57:58','2025-06-11 00:57:58',1,156),(148,'2024-12-25 00:00:00','2025-06-11 00:57:58','2025-06-11 00:57:58',10,157),(149,'2024-12-22 00:00:00','2025-06-11 00:57:58','2025-06-11 00:57:58',7,158),(150,'2024-12-26 00:00:00','2025-06-11 00:57:58','2025-06-11 00:57:58',5,159),(151,'2024-12-22 00:00:00','2025-06-11 00:57:58','2025-06-11 00:57:58',5,160),(152,'2024-12-26 00:00:00','2025-06-11 00:57:58','2025-06-11 00:57:58',8,161),(153,'2024-12-27 00:00:00','2025-06-11 00:57:58','2025-06-11 00:57:58',4,162),(154,'2024-12-25 00:00:00','2025-06-11 00:57:58','2025-06-11 00:57:58',7,163),(155,'2024-12-22 00:00:00','2025-06-11 00:57:58','2025-06-11 00:57:58',10,164),(156,'2024-12-24 00:00:00','2025-06-11 00:57:58','2025-06-11 00:57:58',7,165),(157,'2024-12-26 00:00:00','2025-06-11 00:57:58','2025-06-11 00:57:58',6,166),(158,'2024-12-27 00:00:00','2025-06-11 00:57:58','2025-06-11 00:57:58',5,167),(159,'2024-12-23 00:00:00','2025-06-11 00:57:58','2025-06-11 00:57:58',1,168),(160,'2024-12-24 00:00:00','2025-06-11 00:57:58','2025-06-11 00:57:58',3,169),(161,'2024-12-27 00:00:00','2025-06-11 00:57:58','2025-06-11 00:57:58',8,171),(162,'2024-12-24 00:00:00','2025-06-11 00:57:58','2025-06-11 00:57:58',6,172),(163,'2024-12-21 00:00:00','2025-06-11 00:57:58','2025-06-11 00:57:58',1,173),(164,'2024-12-24 00:00:00','2025-06-11 00:57:58','2025-06-11 00:57:58',3,174),(165,'2024-12-24 00:00:00','2025-06-11 00:57:58','2025-06-11 00:57:58',3,175),(166,'2024-12-26 00:00:00','2025-06-11 00:57:58','2025-06-11 00:57:58',10,176),(167,'2024-12-23 00:00:00','2025-06-11 00:57:58','2025-06-11 00:57:58',3,177),(168,'2024-12-27 00:00:00','2025-06-11 00:57:58','2025-06-11 00:57:58',4,178),(169,'2024-12-24 00:00:00','2025-06-11 00:57:58','2025-06-11 00:57:58',9,179),(170,'2024-12-26 00:00:00','2025-06-11 00:57:58','2025-06-11 00:57:58',4,180),(171,'2024-12-23 00:00:00','2025-06-11 00:57:58','2025-06-11 00:57:58',10,181),(172,'2024-12-27 00:00:00','2025-06-11 00:57:58','2025-06-11 00:57:58',4,182),(173,'2024-12-22 00:00:00','2025-06-11 00:57:58','2025-06-11 00:57:58',9,183),(174,'2024-12-26 00:00:00','2025-06-11 00:57:58','2025-06-11 00:57:58',8,184),(175,'2024-12-22 00:00:00','2025-06-11 00:57:58','2025-06-11 00:57:58',7,185),(176,'2024-12-28 00:00:00','2025-06-11 00:57:58','2025-06-11 00:57:58',6,186),(177,'2024-12-27 00:00:00','2025-06-11 00:57:58','2025-06-11 00:57:58',3,188),(178,'2024-12-28 00:00:00','2025-06-11 00:57:58','2025-06-11 00:57:58',4,189),(179,'2024-12-25 00:00:00','2025-06-11 00:57:58','2025-06-11 00:57:58',6,190),(180,'2024-12-25 00:00:00','2025-06-11 00:57:58','2025-06-11 00:57:58',9,191),(181,'2024-12-25 00:00:00','2025-06-11 00:57:58','2025-06-11 00:57:58',6,192),(182,'2024-12-25 00:00:00','2025-06-11 00:57:58','2025-06-11 00:57:58',1,193),(183,'2024-12-29 00:00:00','2025-06-11 00:57:58','2025-06-11 00:57:58',1,194),(184,'2024-12-29 00:00:00','2025-06-11 00:57:58','2025-06-11 00:57:58',2,195),(185,'2024-12-23 00:00:00','2025-06-11 00:57:58','2025-06-11 00:57:58',1,196),(186,'2024-12-29 00:00:00','2025-06-11 00:57:58','2025-06-11 00:57:58',6,197),(187,'2024-12-26 00:00:00','2025-06-11 00:57:58','2025-06-11 00:57:58',5,198),(188,'2024-12-28 00:00:00','2025-06-11 00:57:58','2025-06-11 00:57:58',5,199),(189,'2024-12-24 00:00:00','2025-06-11 00:57:58','2025-06-11 00:57:58',9,200),(190,'2024-12-27 00:00:00','2025-06-11 00:57:58','2025-06-11 00:57:58',6,201),(191,'2024-12-28 00:00:00','2025-06-11 00:57:58','2025-06-11 00:57:58',10,202),(192,'2024-12-28 00:00:00','2025-06-11 00:57:58','2025-06-11 00:57:58',7,203),(193,'2024-12-29 00:00:00','2025-06-11 00:57:58','2025-06-11 00:57:58',7,205),(194,'2024-12-28 00:00:00','2025-06-11 00:57:58','2025-06-11 00:57:58',10,206),(195,'2024-12-24 00:00:00','2025-06-11 00:57:58','2025-06-11 00:57:58',6,207),(196,'2024-12-24 00:00:00','2025-06-11 00:57:58','2025-06-11 00:57:58',1,208),(197,'2024-12-30 00:00:00','2025-06-11 00:57:58','2025-06-11 00:57:58',6,209),(198,'2024-12-28 00:00:00','2025-06-11 00:57:58','2025-06-11 00:57:58',8,210),(199,'2024-12-29 00:00:00','2025-06-11 00:57:58','2025-06-11 00:57:58',1,211),(200,'2024-12-27 00:00:00','2025-06-11 00:57:58','2025-06-11 00:57:58',3,212),(201,'2024-12-24 00:00:00','2025-06-11 00:57:58','2025-06-11 00:57:58',4,213),(202,'2024-12-25 00:00:00','2025-06-11 00:57:58','2025-06-11 00:57:58',7,214),(203,'2024-12-28 00:00:00','2025-06-11 00:57:58','2025-06-11 00:57:58',9,215),(204,'2024-12-29 00:00:00','2025-06-11 00:57:58','2025-06-11 00:57:58',1,216),(205,'2024-12-30 00:00:00','2025-06-11 00:57:58','2025-06-11 00:57:58',6,217),(206,'2024-12-24 00:00:00','2025-06-11 00:57:58','2025-06-11 00:57:58',1,218),(207,'2024-12-28 00:00:00','2025-06-11 00:57:58','2025-06-11 00:57:58',3,219),(208,'2024-12-27 00:00:00','2025-06-11 00:57:58','2025-06-11 00:57:58',9,220),(209,'2024-12-24 00:00:00','2025-06-11 00:57:58','2025-06-11 00:57:58',1,222),(210,'2024-12-26 00:00:00','2025-06-11 00:57:58','2025-06-11 00:57:58',9,223),(211,'2024-12-25 00:00:00','2025-06-11 00:57:58','2025-06-11 00:57:58',10,224),(212,'2024-12-30 00:00:00','2025-06-11 00:57:58','2025-06-11 00:57:58',3,225),(213,'2024-12-31 00:00:00','2025-06-11 00:57:58','2025-06-11 00:57:58',8,226),(214,'2024-12-27 00:00:00','2025-06-11 00:57:58','2025-06-11 00:57:58',5,227),(215,'2025-01-01 00:00:00','2025-06-11 00:57:58','2025-06-11 00:57:58',8,228),(216,'2025-01-02 00:00:00','2025-06-11 00:57:58','2025-06-11 00:57:58',5,229),(217,'2024-12-30 00:00:00','2025-06-11 00:57:58','2025-06-11 00:57:58',2,230),(218,'2025-01-02 00:00:00','2025-06-11 00:57:58','2025-06-11 00:57:58',6,231),(219,'2024-12-30 00:00:00','2025-06-11 00:57:58','2025-06-11 00:57:58',6,232),(220,'2025-01-01 00:00:00','2025-06-11 00:57:58','2025-06-11 00:57:58',3,233),(221,'2025-01-01 00:00:00','2025-06-11 00:57:58','2025-06-11 00:57:58',10,234),(222,'2024-12-27 00:00:00','2025-06-11 00:57:58','2025-06-11 00:57:58',4,235),(223,'2024-12-31 00:00:00','2025-06-11 00:57:58','2025-06-11 00:57:58',3,236),(224,'2025-01-01 00:00:00','2025-06-11 00:57:58','2025-06-11 00:57:58',1,237),(225,'2024-12-30 00:00:00','2025-06-11 00:57:58','2025-06-11 00:57:58',2,239),(226,'2024-12-30 00:00:00','2025-06-11 00:57:58','2025-06-11 00:57:58',10,240),(227,'2024-12-29 00:00:00','2025-06-11 00:57:58','2025-06-11 00:57:58',9,241),(228,'2024-12-28 00:00:00','2025-06-11 00:57:58','2025-06-11 00:57:58',7,242),(229,'2025-01-01 00:00:00','2025-06-11 00:57:58','2025-06-11 00:57:58',5,243),(230,'2025-01-02 00:00:00','2025-06-11 00:57:58','2025-06-11 00:57:58',8,244),(231,'2024-12-30 00:00:00','2025-06-11 00:57:58','2025-06-11 00:57:58',7,245),(232,'2024-12-30 00:00:00','2025-06-11 00:57:58','2025-06-11 00:57:58',5,246),(233,'2025-01-01 00:00:00','2025-06-11 00:57:58','2025-06-11 00:57:58',5,247),(234,'2024-12-31 00:00:00','2025-06-11 00:57:58','2025-06-11 00:57:58',7,248),(235,'2025-01-01 00:00:00','2025-06-11 00:57:58','2025-06-11 00:57:58',4,249),(236,'2025-01-01 00:00:00','2025-06-11 00:57:58','2025-06-11 00:57:58',8,250),(237,'2024-12-30 00:00:00','2025-06-11 00:57:58','2025-06-11 00:57:58',6,251),(238,'2025-01-01 00:00:00','2025-06-11 00:57:58','2025-06-11 00:57:58',10,252),(239,'2024-12-30 00:00:00','2025-06-11 00:57:58','2025-06-11 00:57:58',6,253),(240,'2025-01-02 00:00:00','2025-06-11 00:57:58','2025-06-11 00:57:58',8,254),(241,'2025-01-02 00:00:00','2025-06-11 00:57:58','2025-06-11 00:57:58',8,256),(242,'2025-01-04 00:00:00','2025-06-11 00:57:58','2025-06-11 00:57:58',1,257),(243,'2024-12-30 00:00:00','2025-06-11 00:57:58','2025-06-11 00:57:58',6,258),(244,'2024-12-31 00:00:00','2025-06-11 00:57:58','2025-06-11 00:57:58',9,259),(245,'2024-12-31 00:00:00','2025-06-11 00:57:58','2025-06-11 00:57:58',7,260),(246,'2025-01-01 00:00:00','2025-06-11 00:57:58','2025-06-11 00:57:58',4,261),(247,'2024-12-29 00:00:00','2025-06-11 00:57:58','2025-06-11 00:57:58',5,262),(248,'2025-01-02 00:00:00','2025-06-11 00:57:58','2025-06-11 00:57:58',8,263),(249,'2024-12-29 00:00:00','2025-06-11 00:57:58','2025-06-11 00:57:58',7,264),(250,'2025-01-03 00:00:00','2025-06-11 00:57:58','2025-06-11 00:57:58',6,265),(251,'2025-01-02 00:00:00','2025-06-11 00:57:58','2025-06-11 00:57:58',1,266),(252,'2025-01-04 00:00:00','2025-06-11 00:57:58','2025-06-11 00:57:58',3,267),(253,'2025-01-03 00:00:00','2025-06-11 00:57:58','2025-06-11 00:57:58',5,268),(254,'2025-01-01 00:00:00','2025-06-11 00:57:58','2025-06-11 00:57:58',2,269),(255,'2024-12-29 00:00:00','2025-06-11 00:57:58','2025-06-11 00:57:58',7,270),(256,'2024-12-30 00:00:00','2025-06-11 00:57:58','2025-06-11 00:57:58',4,271),(257,'2025-01-04 00:00:00','2025-06-11 00:57:58','2025-06-11 00:57:58',10,273),(258,'2025-01-03 00:00:00','2025-06-11 00:57:58','2025-06-11 00:57:58',4,274),(259,'2025-01-01 00:00:00','2025-06-11 00:57:58','2025-06-11 00:57:58',1,275),(260,'2025-01-05 00:00:00','2025-06-11 00:57:58','2025-06-11 00:57:58',3,276),(261,'2025-01-04 00:00:00','2025-06-11 00:57:58','2025-06-11 00:57:58',3,277),(262,'2025-01-01 00:00:00','2025-06-11 00:57:58','2025-06-11 00:57:58',7,278),(263,'2025-01-05 00:00:00','2025-06-11 00:57:58','2025-06-11 00:57:58',1,279),(264,'2025-01-01 00:00:00','2025-06-11 00:57:58','2025-06-11 00:57:58',4,280),(265,'2025-01-01 00:00:00','2025-06-11 00:57:58','2025-06-11 00:57:58',9,281),(266,'2025-01-01 00:00:00','2025-06-11 00:57:58','2025-06-11 00:57:58',7,282),(267,'2025-01-04 00:00:00','2025-06-11 00:57:58','2025-06-11 00:57:58',10,283),(268,'2025-01-04 00:00:00','2025-06-11 00:57:58','2025-06-11 00:57:58',3,284),(269,'2025-01-03 00:00:00','2025-06-11 00:57:58','2025-06-11 00:57:58',1,285),(270,'2025-01-03 00:00:00','2025-06-11 00:57:58','2025-06-11 00:57:58',1,286),(271,'2025-01-01 00:00:00','2025-06-11 00:57:58','2025-06-11 00:57:58',8,287),(272,'2025-01-01 00:00:00','2025-06-11 00:57:58','2025-06-11 00:57:58',1,288),(273,'2025-01-02 00:00:00','2025-06-11 00:57:58','2025-06-11 00:57:58',4,290),(274,'2024-12-31 00:00:00','2025-06-11 00:57:58','2025-06-11 00:57:58',10,291),(275,'2025-01-06 00:00:00','2025-06-11 00:57:58','2025-06-11 00:57:58',4,292),(276,'2025-01-04 00:00:00','2025-06-11 00:57:58','2025-06-11 00:57:58',9,293),(277,'2024-12-31 00:00:00','2025-06-11 00:57:58','2025-06-11 00:57:58',10,294),(278,'2025-01-04 00:00:00','2025-06-11 00:57:58','2025-06-11 00:57:58',3,295),(279,'2025-01-05 00:00:00','2025-06-11 00:57:58','2025-06-11 00:57:58',1,296),(280,'2025-01-02 00:00:00','2025-06-11 00:57:58','2025-06-11 00:57:58',4,297),(281,'2024-12-31 00:00:00','2025-06-11 00:57:58','2025-06-11 00:57:58',9,298),(282,'2025-01-03 00:00:00','2025-06-11 00:57:58','2025-06-11 00:57:58',3,299),(283,'2025-01-06 00:00:00','2025-06-11 00:57:58','2025-06-11 00:57:58',4,300),(284,'2025-01-02 00:00:00','2025-06-11 00:57:58','2025-06-11 00:57:58',5,301),(285,'2025-01-04 00:00:00','2025-06-11 00:57:58','2025-06-11 00:57:58',3,302),(286,'2025-01-04 00:00:00','2025-06-11 00:57:58','2025-06-11 00:57:58',6,303),(287,'2025-01-02 00:00:00','2025-06-11 00:57:58','2025-06-11 00:57:58',8,304),(288,'2025-01-04 00:00:00','2025-06-11 00:57:58','2025-06-11 00:57:58',3,305),(289,'2025-01-07 00:00:00','2025-06-11 00:57:58','2025-06-11 00:57:58',2,307),(290,'2025-01-06 00:00:00','2025-06-11 00:57:58','2025-06-11 00:57:58',5,308),(291,'2025-01-06 00:00:00','2025-06-11 00:57:58','2025-06-11 00:57:58',2,309),(292,'2025-01-08 00:00:00','2025-06-11 00:57:58','2025-06-11 00:57:58',9,310),(293,'2025-01-06 00:00:00','2025-06-11 00:57:58','2025-06-11 00:57:58',8,311),(294,'2025-01-04 00:00:00','2025-06-11 00:57:58','2025-06-11 00:57:58',3,312),(295,'2025-01-09 00:00:00','2025-06-11 00:57:58','2025-06-11 00:57:58',4,313),(296,'2025-01-09 00:00:00','2025-06-11 00:57:58','2025-06-11 00:57:58',8,314),(297,'2025-01-06 00:00:00','2025-06-11 00:57:58','2025-06-11 00:57:58',10,315),(298,'2025-01-08 00:00:00','2025-06-11 00:57:58','2025-06-11 00:57:58',10,316),(299,'2025-01-06 00:00:00','2025-06-11 00:57:58','2025-06-11 00:57:58',3,317),(300,'2025-01-05 00:00:00','2025-06-11 00:57:58','2025-06-11 00:57:58',6,318),(301,'2025-01-03 00:00:00','2025-06-11 00:57:58','2025-06-11 00:57:58',4,319),(302,'2025-01-08 00:00:00','2025-06-11 00:57:58','2025-06-11 00:57:58',3,320),(303,'2025-01-07 00:00:00','2025-06-11 00:57:58','2025-06-11 00:57:58',8,321),(304,'2025-01-10 00:00:00','2025-06-11 00:57:58','2025-06-11 00:57:58',10,322),(305,'2025-01-09 00:00:00','2025-06-11 00:57:58','2025-06-11 00:57:58',8,324),(306,'2025-01-08 00:00:00','2025-06-11 00:57:58','2025-06-11 00:57:58',2,325),(307,'2025-01-05 00:00:00','2025-06-11 00:57:58','2025-06-11 00:57:58',7,326),(308,'2025-01-09 00:00:00','2025-06-11 00:57:58','2025-06-11 00:57:58',3,327),(309,'2025-01-10 00:00:00','2025-06-11 00:57:58','2025-06-11 00:57:58',9,328),(310,'2025-01-06 00:00:00','2025-06-11 00:57:58','2025-06-11 00:57:58',7,329),(311,'2025-01-08 00:00:00','2025-06-11 00:57:58','2025-06-11 00:57:58',7,330),(312,'2025-01-06 00:00:00','2025-06-11 00:57:58','2025-06-11 00:57:58',8,331),(313,'2025-01-06 00:00:00','2025-06-11 00:57:58','2025-06-11 00:57:58',3,332),(314,'2025-01-06 00:00:00','2025-06-11 00:57:58','2025-06-11 00:57:58',9,333),(315,'2025-01-08 00:00:00','2025-06-11 00:57:58','2025-06-11 00:57:58',1,334),(316,'2025-01-05 00:00:00','2025-06-11 00:57:58','2025-06-11 00:57:58',8,335),(317,'2025-01-09 00:00:00','2025-06-11 00:57:58','2025-06-11 00:57:58',10,336),(318,'2025-01-07 00:00:00','2025-06-11 00:57:58','2025-06-11 00:57:58',1,337),(319,'2025-01-06 00:00:00','2025-06-11 00:57:58','2025-06-11 00:57:58',4,338),(320,'2025-01-08 00:00:00','2025-06-11 00:57:58','2025-06-11 00:57:58',2,339),(321,'2025-01-08 00:00:00','2025-06-11 00:57:58','2025-06-11 00:57:58',1,341),(322,'2025-01-06 00:00:00','2025-06-11 00:57:58','2025-06-11 00:57:58',6,342),(323,'2025-01-07 00:00:00','2025-06-11 00:57:58','2025-06-11 00:57:58',3,343),(324,'2025-01-10 00:00:00','2025-06-11 00:57:58','2025-06-11 00:57:58',2,344),(325,'2025-01-10 00:00:00','2025-06-11 00:57:58','2025-06-11 00:57:58',3,345),(326,'2025-01-08 00:00:00','2025-06-11 00:57:58','2025-06-11 00:57:58',6,346),(327,'2025-01-09 00:00:00','2025-06-11 00:57:58','2025-06-11 00:57:58',1,347),(328,'2025-01-09 00:00:00','2025-06-11 00:57:58','2025-06-11 00:57:58',5,348),(329,'2025-01-09 00:00:00','2025-06-11 00:57:58','2025-06-11 00:57:58',1,349),(330,'2025-01-08 00:00:00','2025-06-11 00:57:58','2025-06-11 00:57:58',9,350),(331,'2025-01-08 00:00:00','2025-06-11 00:57:58','2025-06-11 00:57:58',6,351),(332,'2025-01-05 00:00:00','2025-06-11 00:57:58','2025-06-11 00:57:58',2,352),(333,'2025-01-11 00:00:00','2025-06-11 00:57:58','2025-06-11 00:57:58',8,353),(334,'2025-01-08 00:00:00','2025-06-11 00:57:58','2025-06-11 00:57:58',8,354),(335,'2025-01-09 00:00:00','2025-06-11 00:57:58','2025-06-11 00:57:58',3,355),(336,'2025-01-06 00:00:00','2025-06-11 00:57:58','2025-06-11 00:57:58',3,356),(337,'2025-01-08 00:00:00','2025-06-11 00:57:58','2025-06-11 00:57:58',1,358),(338,'2025-01-09 00:00:00','2025-06-11 00:57:58','2025-06-11 00:57:58',4,359),(339,'2025-01-08 00:00:00','2025-06-11 00:57:58','2025-06-11 00:57:58',9,360),(340,'2025-01-11 00:00:00','2025-06-11 00:57:58','2025-06-11 00:57:58',4,361),(341,'2025-01-06 00:00:00','2025-06-11 00:57:58','2025-06-11 00:57:58',2,362),(342,'2025-01-11 00:00:00','2025-06-11 00:57:58','2025-06-11 00:57:58',10,363),(343,'2025-01-08 00:00:00','2025-06-11 00:57:58','2025-06-11 00:57:58',3,364),(344,'2025-01-09 00:00:00','2025-06-11 00:57:58','2025-06-11 00:57:58',7,365),(345,'2025-01-11 00:00:00','2025-06-11 00:57:58','2025-06-11 00:57:58',10,366),(346,'2025-01-10 00:00:00','2025-06-11 00:57:58','2025-06-11 00:57:58',4,367),(347,'2025-01-09 00:00:00','2025-06-11 00:57:58','2025-06-11 00:57:58',2,368),(348,'2025-01-10 00:00:00','2025-06-11 00:57:58','2025-06-11 00:57:58',7,369),(349,'2025-01-09 00:00:00','2025-06-11 00:57:58','2025-06-11 00:57:58',9,370),(350,'2025-01-11 00:00:00','2025-06-11 00:57:58','2025-06-11 00:57:58',5,371),(351,'2025-01-10 00:00:00','2025-06-11 00:57:58','2025-06-11 00:57:58',9,372),(352,'2025-01-10 00:00:00','2025-06-11 00:57:58','2025-06-11 00:57:58',6,373),(353,'2025-01-13 00:00:00','2025-06-11 00:57:58','2025-06-11 00:57:58',3,375),(354,'2025-01-07 00:00:00','2025-06-11 00:57:58','2025-06-11 00:57:58',5,376),(355,'2025-01-13 00:00:00','2025-06-11 00:57:58','2025-06-11 00:57:58',9,377),(356,'2025-01-11 00:00:00','2025-06-11 00:57:58','2025-06-11 00:57:58',4,378),(357,'2025-01-12 00:00:00','2025-06-11 00:57:58','2025-06-11 00:57:58',7,379),(358,'2025-01-08 00:00:00','2025-06-11 00:57:58','2025-06-11 00:57:58',4,380),(359,'2025-01-10 00:00:00','2025-06-11 00:57:58','2025-06-11 00:57:58',5,381),(360,'2025-01-08 00:00:00','2025-06-11 00:57:58','2025-06-11 00:57:58',3,382),(361,'2025-01-13 00:00:00','2025-06-11 00:57:58','2025-06-11 00:57:58',6,383),(362,'2025-01-11 00:00:00','2025-06-11 00:57:58','2025-06-11 00:57:58',1,384),(363,'2025-01-15 00:00:00','2025-06-11 00:57:58','2025-06-11 00:57:58',10,385),(364,'2025-01-10 00:00:00','2025-06-11 00:57:58','2025-06-11 00:57:58',6,386),(365,'2025-01-10 00:00:00','2025-06-11 00:57:58','2025-06-11 00:57:58',9,387),(366,'2025-01-11 00:00:00','2025-06-11 00:57:58','2025-06-11 00:57:58',2,388),(367,'2025-01-13 00:00:00','2025-06-11 00:57:58','2025-06-11 00:57:58',10,389),(368,'2025-01-16 00:00:00','2025-06-11 00:57:58','2025-06-11 00:57:58',5,390),(369,'2025-01-14 00:00:00','2025-06-11 00:57:58','2025-06-11 00:57:58',1,392),(370,'2025-01-15 00:00:00','2025-06-11 00:57:58','2025-06-11 00:57:58',9,393),(371,'2025-01-13 00:00:00','2025-06-11 00:57:58','2025-06-11 00:57:58',2,394),(372,'2025-01-16 00:00:00','2025-06-11 00:57:58','2025-06-11 00:57:58',5,395),(373,'2025-01-10 00:00:00','2025-06-11 00:57:58','2025-06-11 00:57:58',7,396),(374,'2025-01-13 00:00:00','2025-06-11 00:57:58','2025-06-11 00:57:58',6,397),(375,'2025-01-12 00:00:00','2025-06-11 00:57:58','2025-06-11 00:57:58',6,398),(376,'2025-01-14 00:00:00','2025-06-11 00:57:58','2025-06-11 00:57:58',9,399),(377,'2025-01-14 00:00:00','2025-06-11 00:57:58','2025-06-11 00:57:58',1,400),(378,'2025-01-11 00:00:00','2025-06-11 00:57:58','2025-06-11 00:57:58',6,401),(379,'2025-01-17 00:00:00','2025-06-11 00:57:58','2025-06-11 00:57:58',8,402),(380,'2025-01-14 00:00:00','2025-06-11 00:57:58','2025-06-11 00:57:58',6,403),(381,'2025-01-16 00:00:00','2025-06-11 00:57:58','2025-06-11 00:57:58',9,404),(382,'2025-01-14 00:00:00','2025-06-11 00:57:58','2025-06-11 00:57:58',7,405),(383,'2025-01-16 00:00:00','2025-06-11 00:57:58','2025-06-11 00:57:58',10,406),(384,'2025-01-17 00:00:00','2025-06-11 00:57:58','2025-06-11 00:57:58',5,407),(385,'2025-01-16 00:00:00','2025-06-11 00:57:58','2025-06-11 00:57:58',9,409),(386,'2025-01-15 00:00:00','2025-06-11 00:57:58','2025-06-11 00:57:58',7,410),(387,'2025-01-16 00:00:00','2025-06-11 00:57:58','2025-06-11 00:57:58',6,411),(388,'2025-01-15 00:00:00','2025-06-11 00:57:58','2025-06-11 00:57:58',1,412),(389,'2025-01-16 00:00:00','2025-06-11 00:57:58','2025-06-11 00:57:58',4,413),(390,'2025-01-11 00:00:00','2025-06-11 00:57:58','2025-06-11 00:57:58',10,414),(391,'2025-01-11 00:00:00','2025-06-11 00:57:58','2025-06-11 00:57:58',10,415),(392,'2025-01-13 00:00:00','2025-06-11 00:57:58','2025-06-11 00:57:58',7,416),(393,'2025-01-16 00:00:00','2025-06-11 00:57:58','2025-06-11 00:57:58',7,417),(394,'2025-01-15 00:00:00','2025-06-11 00:57:58','2025-06-11 00:57:58',2,418),(395,'2025-01-18 00:00:00','2025-06-11 00:57:58','2025-06-11 00:57:58',7,419),(396,'2025-01-16 00:00:00','2025-06-11 00:57:58','2025-06-11 00:57:58',3,420),(397,'2025-01-14 00:00:00','2025-06-11 00:57:58','2025-06-11 00:57:58',8,421),(398,'2025-01-12 00:00:00','2025-06-11 00:57:58','2025-06-11 00:57:58',1,422),(399,'2025-01-17 00:00:00','2025-06-11 00:57:58','2025-06-11 00:57:58',9,423),(400,'2025-01-13 00:00:00','2025-06-11 00:57:58','2025-06-11 00:57:58',1,424),(401,'2025-01-16 00:00:00','2025-06-11 00:57:58','2025-06-11 00:57:58',1,426),(402,'2025-01-16 00:00:00','2025-06-11 00:57:58','2025-06-11 00:57:58',1,427),(403,'2025-01-17 00:00:00','2025-06-11 00:57:58','2025-06-11 00:57:58',2,428),(404,'2025-01-15 00:00:00','2025-06-11 00:57:58','2025-06-11 00:57:58',10,429),(405,'2025-01-16 00:00:00','2025-06-11 00:57:58','2025-06-11 00:57:58',5,430),(406,'2025-01-16 00:00:00','2025-06-11 00:57:58','2025-06-11 00:57:58',9,431),(407,'2025-01-18 00:00:00','2025-06-11 00:57:58','2025-06-11 00:57:58',2,432),(408,'2025-01-19 00:00:00','2025-06-11 00:57:58','2025-06-11 00:57:58',8,433),(409,'2025-01-14 00:00:00','2025-06-11 00:57:58','2025-06-11 00:57:58',10,434),(410,'2025-01-15 00:00:00','2025-06-11 00:57:58','2025-06-11 00:57:58',5,435),(411,'2025-01-16 00:00:00','2025-06-11 00:57:58','2025-06-11 00:57:58',6,436),(412,'2025-01-15 00:00:00','2025-06-11 00:57:58','2025-06-11 00:57:58',4,437),(413,'2025-01-17 00:00:00','2025-06-11 00:57:58','2025-06-11 00:57:58',1,438),(414,'2025-01-16 00:00:00','2025-06-11 00:57:58','2025-06-11 00:57:58',9,439),(415,'2025-01-15 00:00:00','2025-06-11 00:57:58','2025-06-11 00:57:58',1,440),(416,'2025-01-19 00:00:00','2025-06-11 00:57:58','2025-06-11 00:57:58',8,441),(417,'2025-01-16 00:00:00','2025-06-11 00:57:58','2025-06-11 00:57:58',9,443),(418,'2025-01-17 00:00:00','2025-06-11 00:57:58','2025-06-11 00:57:58',5,444),(419,'2025-01-14 00:00:00','2025-06-11 00:57:58','2025-06-11 00:57:58',5,445),(420,'2025-01-13 00:00:00','2025-06-11 00:57:58','2025-06-11 00:57:58',3,446),(421,'2025-01-16 00:00:00','2025-06-11 00:57:58','2025-06-11 00:57:58',1,447),(422,'2025-01-18 00:00:00','2025-06-11 00:57:58','2025-06-11 00:57:58',6,448),(423,'2025-01-18 00:00:00','2025-06-11 00:57:58','2025-06-11 00:57:58',8,449),(424,'2025-01-19 00:00:00','2025-06-11 00:57:58','2025-06-11 00:57:58',2,450),(425,'2025-01-15 00:00:00','2025-06-11 00:57:58','2025-06-11 00:57:58',10,451),(426,'2025-01-18 00:00:00','2025-06-11 00:57:58','2025-06-11 00:57:58',2,452),(427,'2025-01-20 00:00:00','2025-06-11 00:57:58','2025-06-11 00:57:58',4,453),(428,'2025-01-15 00:00:00','2025-06-11 00:57:58','2025-06-11 00:57:58',10,454),(429,'2025-01-19 00:00:00','2025-06-11 00:57:58','2025-06-11 00:57:58',6,455),(430,'2025-01-14 00:00:00','2025-06-11 00:57:58','2025-06-11 00:57:58',2,456),(431,'2025-01-16 00:00:00','2025-06-11 00:57:58','2025-06-11 00:57:58',7,457),(432,'2025-01-16 00:00:00','2025-06-11 00:57:58','2025-06-11 00:57:58',6,458),(433,'2025-01-15 00:00:00','2025-06-11 00:57:58','2025-06-11 00:57:58',3,460),(434,'2025-01-18 00:00:00','2025-06-11 00:57:58','2025-06-11 00:57:58',8,461),(435,'2025-01-19 00:00:00','2025-06-11 00:57:58','2025-06-11 00:57:58',10,462),(436,'2025-01-16 00:00:00','2025-06-11 00:57:58','2025-06-11 00:57:58',10,463),(437,'2025-01-18 00:00:00','2025-06-11 00:57:58','2025-06-11 00:57:58',2,464),(438,'2025-01-19 00:00:00','2025-06-11 00:57:58','2025-06-11 00:57:58',10,465),(439,'2025-01-23 00:00:00','2025-06-11 00:57:58','2025-06-11 00:57:58',8,466),(440,'2025-01-19 00:00:00','2025-06-11 00:57:58','2025-06-11 00:57:58',3,467),(441,'2025-01-20 00:00:00','2025-06-11 00:57:58','2025-06-11 00:57:58',4,468),(442,'2025-01-20 00:00:00','2025-06-11 00:57:58','2025-06-11 00:57:58',2,469),(443,'2025-01-18 00:00:00','2025-06-11 00:57:58','2025-06-11 00:57:58',2,470),(444,'2025-01-21 00:00:00','2025-06-11 00:57:58','2025-06-11 00:57:58',3,471),(445,'2025-01-18 00:00:00','2025-06-11 00:57:58','2025-06-11 00:57:58',7,472),(446,'2025-01-21 00:00:00','2025-06-11 00:57:58','2025-06-11 00:57:58',5,473),(447,'2025-01-20 00:00:00','2025-06-11 00:57:58','2025-06-11 00:57:58',2,474),(448,'2025-01-18 00:00:00','2025-06-11 00:57:58','2025-06-11 00:57:58',1,475),(449,'2025-01-19 00:00:00','2025-06-11 00:57:58','2025-06-11 00:57:58',6,477),(450,'2025-01-17 00:00:00','2025-06-11 00:57:58','2025-06-11 00:57:58',2,478),(451,'2025-01-19 00:00:00','2025-06-11 00:57:58','2025-06-11 00:57:58',8,479),(452,'2025-01-23 00:00:00','2025-06-11 00:57:58','2025-06-11 00:57:58',7,480),(453,'2025-01-22 00:00:00','2025-06-11 00:57:58','2025-06-11 00:57:58',6,481),(454,'2025-01-18 00:00:00','2025-06-11 00:57:58','2025-06-11 00:57:58',6,482),(455,'2025-01-18 00:00:00','2025-06-11 00:57:58','2025-06-11 00:57:58',7,483),(456,'2025-01-18 00:00:00','2025-06-11 00:57:58','2025-06-11 00:57:58',6,484),(457,'2025-01-24 00:00:00','2025-06-11 00:57:58','2025-06-11 00:57:58',1,485),(458,'2025-01-18 00:00:00','2025-06-11 00:57:58','2025-06-11 00:57:58',6,486),(459,'2025-01-21 00:00:00','2025-06-11 00:57:58','2025-06-11 00:57:58',9,487),(460,'2025-01-21 00:00:00','2025-06-11 00:57:58','2025-06-11 00:57:58',10,488),(461,'2025-01-20 00:00:00','2025-06-11 00:57:58','2025-06-11 00:57:58',5,489),(462,'2025-01-20 00:00:00','2025-06-11 00:57:58','2025-06-11 00:57:58',9,490),(463,'2025-01-18 00:00:00','2025-06-11 00:57:58','2025-06-11 00:57:58',7,491),(464,'2025-01-20 00:00:00','2025-06-11 00:57:58','2025-06-11 00:57:58',8,492),(465,'2025-01-21 00:00:00','2025-06-11 00:57:58','2025-06-11 00:57:58',7,494),(466,'2025-01-24 00:00:00','2025-06-11 00:57:58','2025-06-11 00:57:58',6,495),(467,'2025-01-21 00:00:00','2025-06-11 00:57:58','2025-06-11 00:57:58',4,496),(468,'2025-01-22 00:00:00','2025-06-11 00:57:58','2025-06-11 00:57:58',6,497),(469,'2025-01-22 00:00:00','2025-06-11 00:57:58','2025-06-11 00:57:58',4,498),(470,'2025-01-20 00:00:00','2025-06-11 00:57:58','2025-06-11 00:57:58',3,499),(471,'2025-01-24 00:00:00','2025-06-11 00:57:58','2025-06-11 00:57:58',6,500),(472,'2025-01-23 00:00:00','2025-06-11 00:57:58','2025-06-11 00:57:58',1,501),(473,'2025-01-19 00:00:00','2025-06-11 00:57:58','2025-06-11 00:57:58',8,502),(474,'2025-01-21 00:00:00','2025-06-11 00:57:58','2025-06-11 00:57:58',6,503),(475,'2025-01-23 00:00:00','2025-06-11 00:57:58','2025-06-11 00:57:58',9,504),(476,'2025-01-24 00:00:00','2025-06-11 00:57:58','2025-06-11 00:57:58',3,505),(477,'2025-01-19 00:00:00','2025-06-11 00:57:58','2025-06-11 00:57:58',7,506),(478,'2025-01-22 00:00:00','2025-06-11 00:57:58','2025-06-11 00:57:58',7,507),(479,'2025-01-25 00:00:00','2025-06-11 00:57:58','2025-06-11 00:57:58',1,508),(480,'2025-01-20 00:00:00','2025-06-11 00:57:58','2025-06-11 00:57:58',1,509),(481,'2025-01-23 00:00:00','2025-06-11 00:57:58','2025-06-11 00:57:58',6,511),(482,'2025-01-22 00:00:00','2025-06-11 00:57:58','2025-06-11 00:57:58',4,512),(483,'2025-01-25 00:00:00','2025-06-11 00:57:58','2025-06-11 00:57:58',10,513),(484,'2025-01-25 00:00:00','2025-06-11 00:57:58','2025-06-11 00:57:58',5,514),(485,'2025-01-23 00:00:00','2025-06-11 00:57:58','2025-06-11 00:57:58',7,515),(486,'2025-01-23 00:00:00','2025-06-11 00:57:58','2025-06-11 00:57:58',9,516),(487,'2025-01-22 00:00:00','2025-06-11 00:57:58','2025-06-11 00:57:58',4,517),(488,'2025-01-23 00:00:00','2025-06-11 00:57:58','2025-06-11 00:57:58',8,518),(489,'2025-01-20 00:00:00','2025-06-11 00:57:58','2025-06-11 00:57:58',8,519),(490,'2025-01-20 00:00:00','2025-06-11 00:57:58','2025-06-11 00:57:58',5,520),(491,'2025-01-21 00:00:00','2025-06-11 00:57:58','2025-06-11 00:57:58',9,521),(492,'2025-01-25 00:00:00','2025-06-11 00:57:58','2025-06-11 00:57:58',6,522),(493,'2025-01-21 00:00:00','2025-06-11 00:57:58','2025-06-11 00:57:58',3,523),(494,'2025-01-23 00:00:00','2025-06-11 00:57:58','2025-06-11 00:57:58',2,524),(495,'2025-01-20 00:00:00','2025-06-11 00:57:58','2025-06-11 00:57:58',5,525),(496,'2025-01-25 00:00:00','2025-06-11 00:57:58','2025-06-11 00:57:58',4,526),(497,'2025-01-24 00:00:00','2025-06-11 00:57:58','2025-06-11 00:57:58',4,528),(498,'2025-01-21 00:00:00','2025-06-11 00:57:58','2025-06-11 00:57:58',1,529),(499,'2025-01-26 00:00:00','2025-06-11 00:57:58','2025-06-11 00:57:58',2,530),(500,'2025-01-25 00:00:00','2025-06-11 00:57:58','2025-06-11 00:57:58',4,531),(501,'2025-01-27 00:00:00','2025-06-11 00:57:58','2025-06-11 00:57:58',6,532),(502,'2025-01-23 00:00:00','2025-06-11 00:57:58','2025-06-11 00:57:58',10,533),(503,'2025-01-27 00:00:00','2025-06-11 00:57:58','2025-06-11 00:57:58',9,534),(504,'2025-01-21 00:00:00','2025-06-11 00:57:58','2025-06-11 00:57:58',2,535),(505,'2025-01-26 00:00:00','2025-06-11 00:57:58','2025-06-11 00:57:58',1,536),(506,'2025-01-24 00:00:00','2025-06-11 00:57:58','2025-06-11 00:57:58',6,537),(507,'2025-01-26 00:00:00','2025-06-11 00:57:58','2025-06-11 00:57:58',5,538),(508,'2025-01-24 00:00:00','2025-06-11 00:57:58','2025-06-11 00:57:58',10,539),(509,'2025-01-24 00:00:00','2025-06-11 00:57:58','2025-06-11 00:57:58',4,540),(510,'2025-01-26 00:00:00','2025-06-11 00:57:58','2025-06-11 00:57:58',1,541),(511,'2025-01-21 00:00:00','2025-06-11 00:57:58','2025-06-11 00:57:58',6,542),(512,'2025-01-22 00:00:00','2025-06-11 00:57:58','2025-06-11 00:57:58',6,543),(513,'2025-01-25 00:00:00','2025-06-11 00:57:58','2025-06-11 00:57:58',5,545),(514,'2025-01-25 00:00:00','2025-06-11 00:57:58','2025-06-11 00:57:58',8,546),(515,'2025-01-28 00:00:00','2025-06-11 00:57:58','2025-06-11 00:57:58',8,547),(516,'2025-01-29 00:00:00','2025-06-11 00:57:58','2025-06-11 00:57:58',5,548),(517,'2025-01-25 00:00:00','2025-06-11 00:57:58','2025-06-11 00:57:58',2,549),(518,'2025-01-29 00:00:00','2025-06-11 00:57:58','2025-06-11 00:57:58',5,550),(519,'2025-01-29 00:00:00','2025-06-11 00:57:58','2025-06-11 00:57:58',1,551),(520,'2025-01-28 00:00:00','2025-06-11 00:57:58','2025-06-11 00:57:58',9,552),(521,'2025-01-30 00:00:00','2025-06-11 00:57:58','2025-06-11 00:57:58',5,553),(522,'2025-01-25 00:00:00','2025-06-11 00:57:58','2025-06-11 00:57:58',5,554),(523,'2025-01-29 00:00:00','2025-06-11 00:57:58','2025-06-11 00:57:58',8,555),(524,'2025-01-25 00:00:00','2025-06-11 00:57:58','2025-06-11 00:57:58',8,556),(525,'2025-01-28 00:00:00','2025-06-11 00:57:58','2025-06-11 00:57:58',10,557),(526,'2025-01-29 00:00:00','2025-06-11 00:57:58','2025-06-11 00:57:58',1,558),(527,'2025-01-28 00:00:00','2025-06-11 00:57:58','2025-06-11 00:57:58',2,559),(528,'2025-01-27 00:00:00','2025-06-11 00:57:58','2025-06-11 00:57:58',1,560),(529,'2025-01-30 00:00:00','2025-06-11 00:57:58','2025-06-11 00:57:58',7,562),(530,'2025-01-27 00:00:00','2025-06-11 00:57:58','2025-06-11 00:57:58',1,563),(531,'2025-01-29 00:00:00','2025-06-11 00:57:58','2025-06-11 00:57:58',2,564),(532,'2025-01-28 00:00:00','2025-06-11 00:57:58','2025-06-11 00:57:58',2,565),(533,'2025-01-28 00:00:00','2025-06-11 00:57:58','2025-06-11 00:57:58',1,566),(534,'2025-01-25 00:00:00','2025-06-11 00:57:58','2025-06-11 00:57:58',10,567),(535,'2025-01-25 00:00:00','2025-06-11 00:57:58','2025-06-11 00:57:58',2,568),(536,'2025-01-29 00:00:00','2025-06-11 00:57:58','2025-06-11 00:57:58',8,569),(537,'2025-01-25 00:00:00','2025-06-11 00:57:58','2025-06-11 00:57:58',2,570),(538,'2025-01-31 00:00:00','2025-06-11 00:57:58','2025-06-11 00:57:58',5,571),(539,'2025-01-28 00:00:00','2025-06-11 00:57:58','2025-06-11 00:57:58',3,572),(540,'2025-01-27 00:00:00','2025-06-11 00:57:58','2025-06-11 00:57:58',7,573),(541,'2025-01-25 00:00:00','2025-06-11 00:57:58','2025-06-11 00:57:58',1,574),(542,'2025-01-26 00:00:00','2025-06-11 00:57:58','2025-06-11 00:57:58',1,575),(543,'2025-01-27 00:00:00','2025-06-11 00:57:58','2025-06-11 00:57:58',6,576),(544,'2025-01-27 00:00:00','2025-06-11 00:57:58','2025-06-11 00:57:58',5,577),(545,'2025-01-26 00:00:00','2025-06-11 00:57:58','2025-06-11 00:57:58',7,579),(546,'2025-01-31 00:00:00','2025-06-11 00:57:58','2025-06-11 00:57:58',6,580),(547,'2025-01-29 00:00:00','2025-06-11 00:57:58','2025-06-11 00:57:58',7,581),(548,'2025-01-29 00:00:00','2025-06-11 00:57:58','2025-06-11 00:57:58',4,582),(549,'2025-01-29 00:00:00','2025-06-11 00:57:58','2025-06-11 00:57:58',5,583),(550,'2025-01-31 00:00:00','2025-06-11 00:57:58','2025-06-11 00:57:58',4,584),(551,'2025-01-27 00:00:00','2025-06-11 00:57:58','2025-06-11 00:57:58',10,585),(552,'2025-01-30 00:00:00','2025-06-11 00:57:58','2025-06-11 00:57:58',4,586),(553,'2025-01-29 00:00:00','2025-06-11 00:57:58','2025-06-11 00:57:58',1,587),(554,'2025-01-27 00:00:00','2025-06-11 00:57:58','2025-06-11 00:57:58',2,588),(555,'2025-02-01 00:00:00','2025-06-11 00:57:58','2025-06-11 00:57:58',7,589),(556,'2025-01-30 00:00:00','2025-06-11 00:57:58','2025-06-11 00:57:58',10,590),(557,'2025-01-29 00:00:00','2025-06-11 00:57:58','2025-06-11 00:57:58',8,591),(558,'2025-01-30 00:00:00','2025-06-11 00:57:58','2025-06-11 00:57:58',7,592),(559,'2025-01-29 00:00:00','2025-06-11 00:57:58','2025-06-11 00:57:58',3,593),(560,'2025-01-28 00:00:00','2025-06-11 00:57:58','2025-06-11 00:57:58',5,594),(561,'2025-02-01 00:00:00','2025-06-11 00:57:58','2025-06-11 00:57:58',10,596),(562,'2025-01-28 00:00:00','2025-06-11 00:57:58','2025-06-11 00:57:58',1,597),(563,'2025-02-01 00:00:00','2025-06-11 00:57:58','2025-06-11 00:57:58',2,598),(564,'2025-01-28 00:00:00','2025-06-11 00:57:58','2025-06-11 00:57:58',4,599),(565,'2025-01-27 00:00:00','2025-06-11 00:57:58','2025-06-11 00:57:58',4,600),(566,'2025-02-02 00:00:00','2025-06-11 00:57:58','2025-06-11 00:57:58',8,601),(567,'2025-02-02 00:00:00','2025-06-11 00:57:58','2025-06-11 00:57:58',7,602),(568,'2025-02-01 00:00:00','2025-06-11 00:57:58','2025-06-11 00:57:58',9,603),(569,'2025-01-29 00:00:00','2025-06-11 00:57:58','2025-06-11 00:57:58',8,604),(570,'2025-02-01 00:00:00','2025-06-11 00:57:58','2025-06-11 00:57:58',5,605),(571,'2025-01-29 00:00:00','2025-06-11 00:57:58','2025-06-11 00:57:58',10,606),(572,'2025-01-29 00:00:00','2025-06-11 00:57:58','2025-06-11 00:57:58',9,607),(573,'2025-01-30 00:00:00','2025-06-11 00:57:58','2025-06-11 00:57:58',1,608),(574,'2025-01-29 00:00:00','2025-06-11 00:57:58','2025-06-11 00:57:58',4,609),(575,'2025-01-30 00:00:00','2025-06-11 00:57:58','2025-06-11 00:57:58',9,610),(576,'2025-02-02 00:00:00','2025-06-11 00:57:58','2025-06-11 00:57:58',4,611),(577,'2025-01-29 00:00:00','2025-06-11 00:57:58','2025-06-11 00:57:58',10,613),(578,'2025-01-30 00:00:00','2025-06-11 00:57:58','2025-06-11 00:57:58',4,614),(579,'2025-02-01 00:00:00','2025-06-11 00:57:58','2025-06-11 00:57:58',2,615),(580,'2025-02-02 00:00:00','2025-06-11 00:57:58','2025-06-11 00:57:58',7,616),(581,'2025-01-29 00:00:00','2025-06-11 00:57:58','2025-06-11 00:57:58',6,617),(582,'2025-02-01 00:00:00','2025-06-11 00:57:58','2025-06-11 00:57:58',8,618),(583,'2025-01-30 00:00:00','2025-06-11 00:57:58','2025-06-11 00:57:58',1,619),(584,'2025-02-03 00:00:00','2025-06-11 00:57:58','2025-06-11 00:57:58',7,620),(585,'2025-02-01 00:00:00','2025-06-11 00:57:58','2025-06-11 00:57:58',8,621),(586,'2025-01-29 00:00:00','2025-06-11 00:57:58','2025-06-11 00:57:58',7,622),(587,'2025-01-29 00:00:00','2025-06-11 00:57:58','2025-06-11 00:57:58',8,623),(588,'2025-01-31 00:00:00','2025-06-11 00:57:58','2025-06-11 00:57:58',3,624),(589,'2025-02-03 00:00:00','2025-06-11 00:57:58','2025-06-11 00:57:58',10,625),(590,'2025-02-05 00:00:00','2025-06-11 00:57:58','2025-06-11 00:57:58',6,626),(591,'2025-02-06 00:00:00','2025-06-11 00:57:58','2025-06-11 00:57:58',7,627),(592,'2025-02-02 00:00:00','2025-06-11 00:57:58','2025-06-11 00:57:58',7,628),(593,'2025-01-31 00:00:00','2025-06-11 00:57:58','2025-06-11 00:57:58',1,630),(594,'2025-01-31 00:00:00','2025-06-11 00:57:58','2025-06-11 00:57:58',3,631),(595,'2025-02-02 00:00:00','2025-06-11 00:57:58','2025-06-11 00:57:58',5,632),(596,'2025-02-06 00:00:00','2025-06-11 00:57:58','2025-06-11 00:57:58',2,633),(597,'2025-02-05 00:00:00','2025-06-11 00:57:58','2025-06-11 00:57:58',10,634),(598,'2025-02-02 00:00:00','2025-06-11 00:57:58','2025-06-11 00:57:58',4,635),(599,'2025-02-01 00:00:00','2025-06-11 00:57:58','2025-06-11 00:57:58',8,636),(600,'2025-02-01 00:00:00','2025-06-11 00:57:58','2025-06-11 00:57:58',8,637),(601,'2025-01-31 00:00:00','2025-06-11 00:57:58','2025-06-11 00:57:58',8,638),(602,'2025-02-05 00:00:00','2025-06-11 00:57:58','2025-06-11 00:57:58',2,639),(603,'2025-02-06 00:00:00','2025-06-11 00:57:58','2025-06-11 00:57:58',6,640),(604,'2025-02-05 00:00:00','2025-06-11 00:57:58','2025-06-11 00:57:58',2,641),(605,'2025-02-05 00:00:00','2025-06-11 00:57:58','2025-06-11 00:57:58',8,642),(606,'2025-02-03 00:00:00','2025-06-11 00:57:58','2025-06-11 00:57:58',1,643),(607,'2025-02-05 00:00:00','2025-06-11 00:57:58','2025-06-11 00:57:58',10,644),(608,'2025-02-04 00:00:00','2025-06-11 00:57:58','2025-06-11 00:57:58',9,645),(609,'2025-02-01 00:00:00','2025-06-11 00:57:58','2025-06-11 00:57:58',5,647),(610,'2025-02-03 00:00:00','2025-06-11 00:57:58','2025-06-11 00:57:58',1,648),(611,'2025-02-01 00:00:00','2025-06-11 00:57:58','2025-06-11 00:57:58',1,649),(612,'2025-02-04 00:00:00','2025-06-11 00:57:58','2025-06-11 00:57:58',3,650),(613,'2025-02-03 00:00:00','2025-06-11 00:57:58','2025-06-11 00:57:58',2,651),(614,'2025-02-03 00:00:00','2025-06-11 00:57:58','2025-06-11 00:57:58',7,652),(615,'2025-02-03 00:00:00','2025-06-11 00:57:58','2025-06-11 00:57:58',10,653),(616,'2025-02-04 00:00:00','2025-06-11 00:57:58','2025-06-11 00:57:58',4,654),(617,'2025-02-05 00:00:00','2025-06-11 00:57:58','2025-06-11 00:57:58',7,655),(618,'2025-02-07 00:00:00','2025-06-11 00:57:58','2025-06-11 00:57:58',6,656),(619,'2025-02-04 00:00:00','2025-06-11 00:57:58','2025-06-11 00:57:58',7,657),(620,'2025-02-08 00:00:00','2025-06-11 00:57:58','2025-06-11 00:57:58',10,658),(621,'2025-02-06 00:00:00','2025-06-11 00:57:58','2025-06-11 00:57:58',3,659),(622,'2025-02-05 00:00:00','2025-06-11 00:57:58','2025-06-11 00:57:58',5,660),(623,'2025-02-04 00:00:00','2025-06-11 00:57:58','2025-06-11 00:57:58',4,661),(624,'2025-02-04 00:00:00','2025-06-11 00:57:58','2025-06-11 00:57:58',6,662),(625,'2025-02-05 00:00:00','2025-06-11 00:57:58','2025-06-11 00:57:58',2,664),(626,'2025-02-03 00:00:00','2025-06-11 00:57:58','2025-06-11 00:57:58',3,665),(627,'2025-02-08 00:00:00','2025-06-11 00:57:58','2025-06-11 00:57:58',9,666),(628,'2025-02-07 00:00:00','2025-06-11 00:57:58','2025-06-11 00:57:58',3,667),(629,'2025-02-06 00:00:00','2025-06-11 00:57:58','2025-06-11 00:57:58',8,668),(630,'2025-02-03 00:00:00','2025-06-11 00:57:58','2025-06-11 00:57:58',3,669),(631,'2025-02-03 00:00:00','2025-06-11 00:57:58','2025-06-11 00:57:58',10,670),(632,'2025-02-07 00:00:00','2025-06-11 00:57:58','2025-06-11 00:57:58',7,671),(633,'2025-02-04 00:00:00','2025-06-11 00:57:58','2025-06-11 00:57:58',7,672),(634,'2025-02-05 00:00:00','2025-06-11 00:57:58','2025-06-11 00:57:58',10,673),(635,'2025-02-06 00:00:00','2025-06-11 00:57:58','2025-06-11 00:57:58',3,674),(636,'2025-02-07 00:00:00','2025-06-11 00:57:58','2025-06-11 00:57:58',6,675),(637,'2025-02-09 00:00:00','2025-06-11 00:57:58','2025-06-11 00:57:58',1,676),(638,'2025-02-07 00:00:00','2025-06-11 00:57:58','2025-06-11 00:57:58',1,677),(639,'2025-02-09 00:00:00','2025-06-11 00:57:58','2025-06-11 00:57:58',9,678),(640,'2025-02-07 00:00:00','2025-06-11 00:57:58','2025-06-11 00:57:58',6,679),(641,'2025-02-06 00:00:00','2025-06-11 00:57:58','2025-06-11 00:57:58',5,681),(642,'2025-02-03 00:00:00','2025-06-11 00:57:58','2025-06-11 00:57:58',6,682),(643,'2025-02-03 00:00:00','2025-06-11 00:57:58','2025-06-11 00:57:58',6,683),(644,'2025-02-08 00:00:00','2025-06-11 00:57:58','2025-06-11 00:57:58',1,684),(645,'2025-02-07 00:00:00','2025-06-11 00:57:58','2025-06-11 00:57:58',5,685),(646,'2025-02-03 00:00:00','2025-06-11 00:57:58','2025-06-11 00:57:58',3,686),(647,'2025-02-03 00:00:00','2025-06-11 00:57:58','2025-06-11 00:57:58',6,687),(648,'2025-02-07 00:00:00','2025-06-11 00:57:58','2025-06-11 00:57:58',3,688),(649,'2025-02-07 00:00:00','2025-06-11 00:57:58','2025-06-11 00:57:58',6,689),(650,'2025-02-07 00:00:00','2025-06-11 00:57:58','2025-06-11 00:57:58',1,690),(651,'2025-02-06 00:00:00','2025-06-11 00:57:58','2025-06-11 00:57:58',9,691),(652,'2025-02-05 00:00:00','2025-06-11 00:57:58','2025-06-11 00:57:58',3,692),(653,'2025-02-08 00:00:00','2025-06-11 00:57:58','2025-06-11 00:57:58',10,693),(654,'2025-02-07 00:00:00','2025-06-11 00:57:58','2025-06-11 00:57:58',7,694),(655,'2025-02-10 00:00:00','2025-06-11 00:57:58','2025-06-11 00:57:58',3,695),(656,'2025-02-06 00:00:00','2025-06-11 00:57:58','2025-06-11 00:57:58',8,696),(657,'2025-02-07 00:00:00','2025-06-11 00:57:58','2025-06-11 00:57:58',1,698),(658,'2025-02-07 00:00:00','2025-06-11 00:57:58','2025-06-11 00:57:58',2,699),(659,'2025-02-06 00:00:00','2025-06-11 00:57:58','2025-06-11 00:57:58',2,700),(660,'2025-02-07 00:00:00','2025-06-11 00:57:58','2025-06-11 00:57:58',8,701),(661,'2025-02-09 00:00:00','2025-06-11 00:57:58','2025-06-11 00:57:58',9,702),(662,'2025-02-08 00:00:00','2025-06-11 00:57:58','2025-06-11 00:57:58',10,703),(663,'2025-02-08 00:00:00','2025-06-11 00:57:58','2025-06-11 00:57:58',7,704),(664,'2025-02-11 00:00:00','2025-06-11 00:57:58','2025-06-11 00:57:58',7,705),(665,'2025-02-11 00:00:00','2025-06-11 00:57:58','2025-06-11 00:57:58',8,706),(666,'2025-02-10 00:00:00','2025-06-11 00:57:58','2025-06-11 00:57:58',5,707),(667,'2025-02-08 00:00:00','2025-06-11 00:57:58','2025-06-11 00:57:58',6,708),(668,'2025-02-09 00:00:00','2025-06-11 00:57:58','2025-06-11 00:57:58',3,709),(669,'2025-02-09 00:00:00','2025-06-11 00:57:58','2025-06-11 00:57:58',4,710),(670,'2025-02-13 00:00:00','2025-06-11 00:57:58','2025-06-11 00:57:58',8,711),(671,'2025-02-07 00:00:00','2025-06-11 00:57:58','2025-06-11 00:57:58',2,712),(672,'2025-02-12 00:00:00','2025-06-11 00:57:58','2025-06-11 00:57:58',8,713),(673,'2025-02-09 00:00:00','2025-06-11 00:57:58','2025-06-11 00:57:58',4,715),(674,'2025-02-13 00:00:00','2025-06-11 00:57:58','2025-06-11 00:57:58',2,716),(675,'2025-02-07 00:00:00','2025-06-11 00:57:58','2025-06-11 00:57:58',2,717),(676,'2025-02-07 00:00:00','2025-06-11 00:57:58','2025-06-11 00:57:58',3,718),(677,'2025-02-09 00:00:00','2025-06-11 00:57:58','2025-06-11 00:57:58',1,719),(678,'2025-02-13 00:00:00','2025-06-11 00:57:58','2025-06-11 00:57:58',3,720),(679,'2025-02-12 00:00:00','2025-06-11 00:57:58','2025-06-11 00:57:58',4,721),(680,'2025-02-12 00:00:00','2025-06-11 00:57:58','2025-06-11 00:57:58',8,722),(681,'2025-02-14 00:00:00','2025-06-11 00:57:58','2025-06-11 00:57:58',9,723),(682,'2025-02-11 00:00:00','2025-06-11 00:57:58','2025-06-11 00:57:58',4,724),(683,'2025-02-12 00:00:00','2025-06-11 00:57:58','2025-06-11 00:57:58',1,725),(684,'2025-02-10 00:00:00','2025-06-11 00:57:58','2025-06-11 00:57:58',8,726),(685,'2025-02-09 00:00:00','2025-06-11 00:57:58','2025-06-11 00:57:58',3,727),(686,'2025-02-09 00:00:00','2025-06-11 00:57:58','2025-06-11 00:57:58',5,728),(687,'2025-02-10 00:00:00','2025-06-11 00:57:58','2025-06-11 00:57:58',6,729),(688,'2025-02-14 00:00:00','2025-06-11 00:57:58','2025-06-11 00:57:58',4,730),(689,'2025-02-13 00:00:00','2025-06-11 00:57:58','2025-06-11 00:57:58',3,732),(690,'2025-02-11 00:00:00','2025-06-11 00:57:58','2025-06-11 00:57:58',9,733),(691,'2025-02-09 00:00:00','2025-06-11 00:57:58','2025-06-11 00:57:58',9,734),(692,'2025-02-12 00:00:00','2025-06-11 00:57:58','2025-06-11 00:57:58',3,735),(693,'2025-02-13 00:00:00','2025-06-11 00:57:58','2025-06-11 00:57:58',5,736),(694,'2025-02-11 00:00:00','2025-06-11 00:57:58','2025-06-11 00:57:58',4,737),(695,'2025-02-09 00:00:00','2025-06-11 00:57:58','2025-06-11 00:57:58',5,738),(696,'2025-02-09 00:00:00','2025-06-11 00:57:58','2025-06-11 00:57:58',10,739),(697,'2025-02-14 00:00:00','2025-06-11 00:57:58','2025-06-11 00:57:58',5,740),(698,'2025-02-12 00:00:00','2025-06-11 00:57:58','2025-06-11 00:57:58',9,741),(699,'2025-02-14 00:00:00','2025-06-11 00:57:58','2025-06-11 00:57:58',8,742),(700,'2025-02-09 00:00:00','2025-06-11 00:57:58','2025-06-11 00:57:58',1,743),(701,'2025-02-14 00:00:00','2025-06-11 00:57:58','2025-06-11 00:57:58',8,744),(702,'2025-02-12 00:00:00','2025-06-11 00:57:58','2025-06-11 00:57:58',7,745),(703,'2025-02-15 00:00:00','2025-06-11 00:57:58','2025-06-11 00:57:58',10,746),(704,'2025-02-14 00:00:00','2025-06-11 00:57:58','2025-06-11 00:57:58',5,747),(705,'2025-02-11 00:00:00','2025-06-11 00:57:58','2025-06-11 00:57:58',5,749),(706,'2025-02-15 00:00:00','2025-06-11 00:57:58','2025-06-11 00:57:58',8,750),(707,'2025-02-11 00:00:00','2025-06-11 00:57:58','2025-06-11 00:57:58',10,751),(708,'2025-02-14 00:00:00','2025-06-11 00:57:58','2025-06-11 00:57:58',2,752),(709,'2025-02-12 00:00:00','2025-06-11 00:57:58','2025-06-11 00:57:58',4,753),(710,'2025-02-15 00:00:00','2025-06-11 00:57:58','2025-06-11 00:57:58',10,754),(711,'2025-02-16 00:00:00','2025-06-11 00:57:58','2025-06-11 00:57:58',5,755),(712,'2025-02-12 00:00:00','2025-06-11 00:57:58','2025-06-11 00:57:58',9,756),(713,'2025-02-10 00:00:00','2025-06-11 00:57:58','2025-06-11 00:57:58',8,757),(714,'2025-02-15 00:00:00','2025-06-11 00:57:58','2025-06-11 00:57:58',2,758),(715,'2025-02-15 00:00:00','2025-06-11 00:57:58','2025-06-11 00:57:58',8,759),(716,'2025-02-15 00:00:00','2025-06-11 00:57:58','2025-06-11 00:57:58',6,760),(717,'2025-02-11 00:00:00','2025-06-11 00:57:58','2025-06-11 00:57:58',4,761),(718,'2025-02-13 00:00:00','2025-06-11 00:57:58','2025-06-11 00:57:58',6,762),(719,'2025-02-11 00:00:00','2025-06-11 00:57:58','2025-06-11 00:57:58',2,763),(720,'2025-02-15 00:00:00','2025-06-11 00:57:58','2025-06-11 00:57:58',3,764),(721,'2025-02-15 00:00:00','2025-06-11 00:57:58','2025-06-11 00:57:58',6,766),(722,'2025-02-12 00:00:00','2025-06-11 00:57:58','2025-06-11 00:57:58',2,767),(723,'2025-02-12 00:00:00','2025-06-11 00:57:58','2025-06-11 00:57:58',8,768),(724,'2025-02-12 00:00:00','2025-06-11 00:57:58','2025-06-11 00:57:58',9,769),(725,'2025-02-14 00:00:00','2025-06-11 00:57:58','2025-06-11 00:57:58',7,770),(726,'2025-02-17 00:00:00','2025-06-11 00:57:58','2025-06-11 00:57:58',8,771),(727,'2025-02-11 00:00:00','2025-06-11 00:57:58','2025-06-11 00:57:58',9,772),(728,'2025-02-14 00:00:00','2025-06-11 00:57:58','2025-06-11 00:57:58',7,773),(729,'2025-02-17 00:00:00','2025-06-11 00:57:58','2025-06-11 00:57:58',6,774),(730,'2025-02-16 00:00:00','2025-06-11 00:57:58','2025-06-11 00:57:58',4,775),(731,'2025-02-16 00:00:00','2025-06-11 00:57:58','2025-06-11 00:57:58',4,776),(732,'2025-02-14 00:00:00','2025-06-11 00:57:58','2025-06-11 00:57:58',5,777),(733,'2025-02-16 00:00:00','2025-06-11 00:57:58','2025-06-11 00:57:58',9,778),(734,'2025-02-13 00:00:00','2025-06-11 00:57:58','2025-06-11 00:57:58',4,779),(735,'2025-02-16 00:00:00','2025-06-11 00:57:58','2025-06-11 00:57:58',5,780),(736,'2025-02-12 00:00:00','2025-06-11 00:57:58','2025-06-11 00:57:58',3,781),(737,'2025-02-11 00:00:00','2025-06-11 00:57:58','2025-06-11 00:57:58',7,783),(738,'2025-02-12 00:00:00','2025-06-11 00:57:58','2025-06-11 00:57:58',8,784),(739,'2025-02-19 00:00:00','2025-06-11 00:57:58','2025-06-11 00:57:58',4,785),(740,'2025-02-17 00:00:00','2025-06-11 00:57:58','2025-06-11 00:57:58',2,786),(741,'2025-02-14 00:00:00','2025-06-11 00:57:58','2025-06-11 00:57:58',1,787),(742,'2025-02-18 00:00:00','2025-06-11 00:57:58','2025-06-11 00:57:58',3,788),(743,'2025-02-15 00:00:00','2025-06-11 00:57:58','2025-06-11 00:57:58',8,789),(744,'2025-02-16 00:00:00','2025-06-11 00:57:58','2025-06-11 00:57:58',8,790),(745,'2025-02-20 00:00:00','2025-06-11 00:57:58','2025-06-11 00:57:58',10,791),(746,'2025-02-19 00:00:00','2025-06-11 00:57:58','2025-06-11 00:57:58',6,792),(747,'2025-02-15 00:00:00','2025-06-11 00:57:58','2025-06-11 00:57:58',2,793),(748,'2025-02-15 00:00:00','2025-06-11 00:57:58','2025-06-11 00:57:58',9,794),(749,'2025-02-15 00:00:00','2025-06-11 00:57:58','2025-06-11 00:57:58',2,795),(750,'2025-02-19 00:00:00','2025-06-11 00:57:58','2025-06-11 00:57:58',6,796),(751,'2025-02-14 00:00:00','2025-06-11 00:57:58','2025-06-11 00:57:58',7,797),(752,'2025-02-20 00:00:00','2025-06-11 00:57:58','2025-06-11 00:57:58',10,798),(753,'2025-02-19 00:00:00','2025-06-11 00:57:58','2025-06-11 00:57:58',4,800),(754,'2025-02-17 00:00:00','2025-06-11 00:57:58','2025-06-11 00:57:58',9,801),(755,'2025-02-17 00:00:00','2025-06-11 00:57:58','2025-06-11 00:57:58',3,802),(756,'2025-02-21 00:00:00','2025-06-11 00:57:58','2025-06-11 00:57:58',5,803),(757,'2025-02-17 00:00:00','2025-06-11 00:57:58','2025-06-11 00:57:58',8,804),(758,'2025-02-17 00:00:00','2025-06-11 00:57:58','2025-06-11 00:57:58',4,805),(759,'2025-02-18 00:00:00','2025-06-11 00:57:58','2025-06-11 00:57:58',5,806),(760,'2025-02-18 00:00:00','2025-06-11 00:57:58','2025-06-11 00:57:58',7,807),(761,'2025-02-19 00:00:00','2025-06-11 00:57:58','2025-06-11 00:57:58',8,808),(762,'2025-02-18 00:00:00','2025-06-11 00:57:58','2025-06-11 00:57:58',10,809),(763,'2025-02-17 00:00:00','2025-06-11 00:57:58','2025-06-11 00:57:58',4,810),(764,'2025-02-20 00:00:00','2025-06-11 00:57:58','2025-06-11 00:57:58',4,811),(765,'2025-02-19 00:00:00','2025-06-11 00:57:58','2025-06-11 00:57:58',9,812),(766,'2025-02-15 00:00:00','2025-06-11 00:57:58','2025-06-11 00:57:58',3,813),(767,'2025-02-19 00:00:00','2025-06-11 00:57:58','2025-06-11 00:57:58',8,814),(768,'2025-02-18 00:00:00','2025-06-11 00:57:58','2025-06-11 00:57:58',2,815),(769,'2025-02-18 00:00:00','2025-06-11 00:57:58','2025-06-11 00:57:58',9,817),(770,'2025-02-21 00:00:00','2025-06-11 00:57:58','2025-06-11 00:57:58',9,818),(771,'2025-02-18 00:00:00','2025-06-11 00:57:58','2025-06-11 00:57:58',2,819),(772,'2025-02-17 00:00:00','2025-06-11 00:57:58','2025-06-11 00:57:58',3,820),(773,'2025-02-16 00:00:00','2025-06-11 00:57:58','2025-06-11 00:57:58',6,821),(774,'2025-02-20 00:00:00','2025-06-11 00:57:58','2025-06-11 00:57:58',7,822),(775,'2025-02-21 00:00:00','2025-06-11 00:57:58','2025-06-11 00:57:58',9,823),(776,'2025-02-18 00:00:00','2025-06-11 00:57:58','2025-06-11 00:57:58',2,824),(777,'2025-02-20 00:00:00','2025-06-11 00:57:58','2025-06-11 00:57:58',9,825),(778,'2025-02-17 00:00:00','2025-06-11 00:57:58','2025-06-11 00:57:58',3,826),(779,'2025-02-22 00:00:00','2025-06-11 00:57:58','2025-06-11 00:57:58',7,827),(780,'2025-02-22 00:00:00','2025-06-11 00:57:58','2025-06-11 00:57:58',2,828),(781,'2025-02-18 00:00:00','2025-06-11 00:57:58','2025-06-11 00:57:58',3,829),(782,'2025-02-18 00:00:00','2025-06-11 00:57:58','2025-06-11 00:57:58',1,830),(783,'2025-02-22 00:00:00','2025-06-11 00:57:58','2025-06-11 00:57:58',6,831),(784,'2025-02-18 00:00:00','2025-06-11 00:57:58','2025-06-11 00:57:58',8,832),(785,'2025-02-21 00:00:00','2025-06-11 00:57:58','2025-06-11 00:57:58',1,834),(786,'2025-02-23 00:00:00','2025-06-11 00:57:58','2025-06-11 00:57:58',5,835),(787,'2025-02-21 00:00:00','2025-06-11 00:57:58','2025-06-11 00:57:58',3,836),(788,'2025-02-21 00:00:00','2025-06-11 00:57:58','2025-06-11 00:57:58',10,837),(789,'2025-02-22 00:00:00','2025-06-11 00:57:58','2025-06-11 00:57:58',8,838),(790,'2025-02-18 00:00:00','2025-06-11 00:57:58','2025-06-11 00:57:58',4,839),(791,'2025-02-17 00:00:00','2025-06-11 00:57:58','2025-06-11 00:57:58',7,840),(792,'2025-02-19 00:00:00','2025-06-11 00:57:58','2025-06-11 00:57:58',6,841),(793,'2025-02-18 00:00:00','2025-06-11 00:57:58','2025-06-11 00:57:58',5,842),(794,'2025-02-18 00:00:00','2025-06-11 00:57:58','2025-06-11 00:57:58',7,843),(795,'2025-02-22 00:00:00','2025-06-11 00:57:58','2025-06-11 00:57:58',3,844),(796,'2025-02-17 00:00:00','2025-06-11 00:57:58','2025-06-11 00:57:58',7,845),(797,'2025-02-21 00:00:00','2025-06-11 00:57:58','2025-06-11 00:57:58',5,846),(798,'2025-02-21 00:00:00','2025-06-11 00:57:58','2025-06-11 00:57:58',5,847),(799,'2025-02-21 00:00:00','2025-06-11 00:57:58','2025-06-11 00:57:58',8,848),(800,'2025-02-23 00:00:00','2025-06-11 00:57:58','2025-06-11 00:57:58',4,849),(801,'2025-02-23 00:00:00','2025-06-11 00:57:58','2025-06-11 00:57:58',3,851),(802,'2025-02-20 00:00:00','2025-06-11 00:57:58','2025-06-11 00:57:58',10,852),(803,'2025-02-20 00:00:00','2025-06-11 00:57:58','2025-06-11 00:57:58',10,853),(804,'2025-02-18 00:00:00','2025-06-11 00:57:58','2025-06-11 00:57:58',10,854),(805,'2025-02-18 00:00:00','2025-06-11 00:57:58','2025-06-11 00:57:58',9,855),(806,'2025-02-23 00:00:00','2025-06-11 00:57:58','2025-06-11 00:57:58',5,856),(807,'2025-02-22 00:00:00','2025-06-11 00:57:58','2025-06-11 00:57:58',2,857),(808,'2025-02-21 00:00:00','2025-06-11 00:57:58','2025-06-11 00:57:58',6,858),(809,'2025-02-22 00:00:00','2025-06-11 00:57:58','2025-06-11 00:57:58',3,859),(810,'2025-02-23 00:00:00','2025-06-11 00:57:58','2025-06-11 00:57:58',5,860),(811,'2025-02-18 00:00:00','2025-06-11 00:57:58','2025-06-11 00:57:58',10,861),(812,'2025-02-23 00:00:00','2025-06-11 00:57:58','2025-06-11 00:57:58',6,862),(813,'2025-02-20 00:00:00','2025-06-11 00:57:58','2025-06-11 00:57:58',10,863),(814,'2025-02-21 00:00:00','2025-06-11 00:57:58','2025-06-11 00:57:58',5,864),(815,'2025-02-21 00:00:00','2025-06-11 00:57:58','2025-06-11 00:57:58',5,865),(816,'2025-02-23 00:00:00','2025-06-11 00:57:58','2025-06-11 00:57:58',2,866),(817,'2025-02-24 00:00:00','2025-06-11 00:57:58','2025-06-11 00:57:58',7,868),(818,'2025-02-22 00:00:00','2025-06-11 00:57:58','2025-06-11 00:57:58',2,869),(819,'2025-02-26 00:00:00','2025-06-11 00:57:58','2025-06-11 00:57:58',3,870),(820,'2025-02-21 00:00:00','2025-06-11 00:57:58','2025-06-11 00:57:58',3,871),(821,'2025-02-27 00:00:00','2025-06-11 00:57:58','2025-06-11 00:57:58',9,872),(822,'2025-02-21 00:00:00','2025-06-11 00:57:58','2025-06-11 00:57:58',6,873),(823,'2025-02-27 00:00:00','2025-06-11 00:57:58','2025-06-11 00:57:58',7,874),(824,'2025-02-22 00:00:00','2025-06-11 00:57:58','2025-06-11 00:57:58',7,875),(825,'2025-02-23 00:00:00','2025-06-11 00:57:58','2025-06-11 00:57:58',2,876),(826,'2025-02-24 00:00:00','2025-06-11 00:57:58','2025-06-11 00:57:58',2,877),(827,'2025-02-23 00:00:00','2025-06-11 00:57:58','2025-06-11 00:57:58',5,878),(828,'2025-02-25 00:00:00','2025-06-11 00:57:58','2025-06-11 00:57:58',10,879),(829,'2025-02-27 00:00:00','2025-06-11 00:57:58','2025-06-11 00:57:58',10,880),(830,'2025-02-28 00:00:00','2025-06-11 00:57:58','2025-06-11 00:57:58',9,881),(831,'2025-02-25 00:00:00','2025-06-11 00:57:58','2025-06-11 00:57:58',8,882),(832,'2025-02-27 00:00:00','2025-06-11 00:57:58','2025-06-11 00:57:58',2,883),(833,'2025-02-27 00:00:00','2025-06-11 00:57:58','2025-06-11 00:57:58',6,885),(834,'2025-02-22 00:00:00','2025-06-11 00:57:58','2025-06-11 00:57:58',8,886),(835,'2025-02-24 00:00:00','2025-06-11 00:57:58','2025-06-11 00:57:58',7,887),(836,'2025-02-24 00:00:00','2025-06-11 00:57:58','2025-06-11 00:57:58',10,888),(837,'2025-02-23 00:00:00','2025-06-11 00:57:58','2025-06-11 00:57:58',5,889),(838,'2025-02-23 00:00:00','2025-06-11 00:57:58','2025-06-11 00:57:58',1,890),(839,'2025-02-27 00:00:00','2025-06-11 00:57:58','2025-06-11 00:57:58',2,891),(840,'2025-02-25 00:00:00','2025-06-11 00:57:58','2025-06-11 00:57:58',3,892),(841,'2025-02-25 00:00:00','2025-06-11 00:57:58','2025-06-11 00:57:58',9,893),(842,'2025-02-26 00:00:00','2025-06-11 00:57:58','2025-06-11 00:57:58',5,894),(843,'2025-02-23 00:00:00','2025-06-11 00:57:58','2025-06-11 00:57:58',7,895),(844,'2025-02-23 00:00:00','2025-06-11 00:57:58','2025-06-11 00:57:58',1,896),(845,'2025-02-23 00:00:00','2025-06-11 00:57:58','2025-06-11 00:57:58',7,897),(846,'2025-03-01 00:00:00','2025-06-11 00:57:58','2025-06-11 00:57:58',9,898),(847,'2025-02-24 00:00:00','2025-06-11 00:57:58','2025-06-11 00:57:58',3,899),(848,'2025-02-27 00:00:00','2025-06-11 00:57:58','2025-06-11 00:57:58',1,900),(849,'2025-02-28 00:00:00','2025-06-11 00:57:58','2025-06-11 00:57:58',9,902),(850,'2025-02-24 00:00:00','2025-06-11 00:57:58','2025-06-11 00:57:58',1,903),(851,'2025-02-23 00:00:00','2025-06-11 00:57:58','2025-06-11 00:57:58',2,904),(852,'2025-02-25 00:00:00','2025-06-11 00:57:58','2025-06-11 00:57:58',8,905),(853,'2025-02-25 00:00:00','2025-06-11 00:57:58','2025-06-11 00:57:58',4,906),(854,'2025-02-24 00:00:00','2025-06-11 00:57:58','2025-06-11 00:57:58',5,907),(855,'2025-02-25 00:00:00','2025-06-11 00:57:58','2025-06-11 00:57:58',9,908),(856,'2025-03-01 00:00:00','2025-06-11 00:57:58','2025-06-11 00:57:58',2,909),(857,'2025-03-01 00:00:00','2025-06-11 00:57:58','2025-06-11 00:57:58',6,910),(858,'2025-02-28 00:00:00','2025-06-11 00:57:58','2025-06-11 00:57:58',2,911),(859,'2025-02-23 00:00:00','2025-06-11 00:57:58','2025-06-11 00:57:58',8,912),(860,'2025-02-24 00:00:00','2025-06-11 00:57:58','2025-06-11 00:57:58',5,913),(861,'2025-02-26 00:00:00','2025-06-11 00:57:58','2025-06-11 00:57:58',1,914),(862,'2025-02-28 00:00:00','2025-06-11 00:57:58','2025-06-11 00:57:58',1,915),(863,'2025-03-02 00:00:00','2025-06-11 00:57:58','2025-06-11 00:57:58',3,916),(864,'2025-02-28 00:00:00','2025-06-11 00:57:58','2025-06-11 00:57:58',4,917),(865,'2025-02-27 00:00:00','2025-06-11 00:57:58','2025-06-11 00:57:58',7,919),(866,'2025-02-27 00:00:00','2025-06-11 00:57:58','2025-06-11 00:57:58',6,920),(867,'2025-02-24 00:00:00','2025-06-11 00:57:58','2025-06-11 00:57:58',10,921),(868,'2025-02-27 00:00:00','2025-06-11 00:57:58','2025-06-11 00:57:58',4,922),(869,'2025-02-27 00:00:00','2025-06-11 00:57:58','2025-06-11 00:57:58',6,923),(870,'2025-02-25 00:00:00','2025-06-11 00:57:58','2025-06-11 00:57:58',9,924),(871,'2025-03-02 00:00:00','2025-06-11 00:57:58','2025-06-11 00:57:58',9,925),(872,'2025-02-25 00:00:00','2025-06-11 00:57:58','2025-06-11 00:57:58',1,926),(873,'2025-02-28 00:00:00','2025-06-11 00:57:58','2025-06-11 00:57:58',10,927),(874,'2025-03-01 00:00:00','2025-06-11 00:57:58','2025-06-11 00:57:58',3,928),(875,'2025-02-26 00:00:00','2025-06-11 00:57:58','2025-06-11 00:57:58',5,929),(876,'2025-03-02 00:00:00','2025-06-11 00:57:58','2025-06-11 00:57:58',1,930),(877,'2025-02-27 00:00:00','2025-06-11 00:57:58','2025-06-11 00:57:58',8,931),(878,'2025-02-28 00:00:00','2025-06-11 00:57:58','2025-06-11 00:57:58',8,932),(879,'2025-02-25 00:00:00','2025-06-11 00:57:58','2025-06-11 00:57:58',9,933),(880,'2025-02-25 00:00:00','2025-06-11 00:57:58','2025-06-11 00:57:58',4,934),(881,'2025-02-26 00:00:00','2025-06-11 00:57:58','2025-06-11 00:57:58',9,936),(882,'2025-02-27 00:00:00','2025-06-11 00:57:58','2025-06-11 00:57:58',5,937),(883,'2025-03-01 00:00:00','2025-06-11 00:57:58','2025-06-11 00:57:58',5,938);
/*!40000 ALTER TABLE `returns` ENABLE KEYS */;
UNLOCK TABLES;

--
-- Table structure for table `sessions`
--

DROP TABLE IF EXISTS `sessions`;
/*!40101 SET @saved_cs_client     = @@character_set_client */;
/*!40101 SET character_set_client = utf8 */;
CREATE TABLE `sessions` (
  `id` int(11) NOT NULL AUTO_INCREMENT,
  `bookcase` int(11) NOT NULL,
  `starting_corridor` int(11) DEFAULT NULL,
  `ending_corridor` int(11) DEFAULT NULL,
  `created_at` datetime NOT NULL,
  `updated_at` datetime NOT NULL,
  PRIMARY KEY (`id`)
) ENGINE=InnoDB AUTO_INCREMENT=11 DEFAULT CHARSET=utf8 COLLATE=utf8_general_ci;
/*!40101 SET character_set_client = @saved_cs_client */;

--
-- Dumping data for table `sessions`
--

LOCK TABLES `sessions` WRITE;
/*!40000 ALTER TABLE `sessions` DISABLE KEYS */;
INSERT INTO `sessions` VALUES (1,1,1,10,'2025-06-11 00:57:58','2025-06-11 00:57:58'),(2,2,11,20,'2025-06-11 00:57:58','2025-06-11 00:57:58'),(3,3,21,30,'2025-06-11 00:57:58','2025-06-11 00:57:58'),(4,4,31,40,'2025-06-11 00:57:58','2025-06-11 00:57:58'),(5,5,41,50,'2025-06-11 00:57:58','2025-06-11 00:57:58'),(6,6,51,60,'2025-06-11 00:57:58','2025-06-11 00:57:58'),(7,7,61,70,'2025-06-11 00:57:58','2025-06-11 00:57:58'),(8,8,71,80,'2025-06-11 00:57:58','2025-06-11 00:57:58'),(9,9,81,90,'2025-06-11 00:57:58','2025-06-11 00:57:58'),(10,10,91,100,'2025-06-11 00:57:58','2025-06-11 00:57:58');
/*!40000 ALTER TABLE `sessions` ENABLE KEYS */;
UNLOCK TABLES;

--
-- Table structure for table `volumes`
--

DROP TABLE IF EXISTS `volumes`;
/*!40101 SET @saved_cs_client     = @@character_set_client */;
/*!40101 SET character_set_client = utf8 */;
CREATE TABLE `volumes` (
  `id` int(11) NOT NULL AUTO_INCREMENT,
  `bought_date` date NOT NULL,
  `status` enum('alocado','perdido','guardado','nao alocavel') NOT NULL,
  `printing_year` smallint(5) unsigned NOT NULL,
  `condition` enum('Novo','Boas condições','Parcialmente danificado','Danificado','impréstimo inviável') NOT NULL,
  `created_at` datetime NOT NULL,
  `updated_at` datetime NOT NULL,
  `session_id` int(11) NOT NULL,
  `piece_id` int(11) NOT NULL,
  PRIMARY KEY (`id`),
  KEY `fk_volumes_sessions1_idx` (`session_id`),
  KEY `fk_volumes_pieces1_idx` (`piece_id`),
  CONSTRAINT `fk_volumes_pieces1` FOREIGN KEY (`piece_id`) REFERENCES `pieces` (`id`) ON DELETE NO ACTION ON UPDATE NO ACTION,
  CONSTRAINT `fk_volumes_sessions1` FOREIGN KEY (`session_id`) REFERENCES `sessions` (`id`) ON DELETE NO ACTION ON UPDATE NO ACTION
) ENGINE=InnoDB AUTO_INCREMENT=500 DEFAULT CHARSET=utf8 COLLATE=utf8_general_ci;
/*!40101 SET character_set_client = @saved_cs_client */;

--
-- Dumping data for table `volumes`
--

LOCK TABLES `volumes` WRITE;
/*!40000 ALTER TABLE `volumes` DISABLE KEYS */;
INSERT INTO `volumes` VALUES (1,'2021-05-10','alocado',2020,'Novo','2025-06-11 00:57:58','2025-06-11 00:57:58',1,1),(2,'2022-07-18','guardado',2021,'Boas condições','2025-06-11 00:57:58','2025-06-11 00:57:58',1,1),(3,'2023-09-05','nao alocavel',2022,'Parcialmente danificado','2025-06-11 00:57:58','2025-06-11 00:57:58',1,1),(4,'2020-03-12','alocado',2019,'Novo','2025-06-11 00:57:58','2025-06-11 00:57:58',2,2),(5,'2021-08-22','guardado',2020,'Boas condições','2025-06-11 00:57:58','2025-06-11 00:57:58',2,2),(6,'2022-11-14','perdido',2021,'Danificado','2025-06-11 00:57:58','2025-06-11 00:57:58',2,2),(7,'2019-02-28','alocado',2018,'Novo','2025-06-11 00:57:58','2025-06-11 00:57:58',3,3),(8,'2020-06-30','guardado',2019,'Boas condições','2025-06-11 00:57:58','2025-06-11 00:57:58',3,3),(9,'2021-10-09','nao alocavel',2020,'Parcialmente danificado','2025-06-11 00:57:58','2025-06-11 00:57:58',3,3),(10,'2022-01-15','alocado',2021,'Novo','2025-06-11 00:57:58','2025-06-11 00:57:58',4,4),(11,'2023-04-20','guardado',2022,'Boas condições','2025-06-11 00:57:58','2025-06-11 00:57:58',4,4),(12,'2024-07-12','perdido',2023,'Danificado','2025-06-11 00:57:58','2025-06-11 00:57:58',4,4),(13,'2020-09-01','alocado',2019,'Novo','2025-06-11 00:57:58','2025-06-11 00:57:58',5,5),(14,'2021-12-11','guardado',2020,'Boas condições','2025-06-11 00:57:58','2025-06-11 00:57:58',5,5),(15,'2022-03-25','nao alocavel',2021,'Parcialmente danificado','2025-06-11 00:57:58','2025-06-11 00:57:58',5,5),(16,'2021-07-08','alocado',2020,'Novo','2025-06-11 00:57:58','2025-06-11 00:57:58',6,6),(17,'2022-11-19','guardado',2021,'Boas condições','2025-06-11 00:57:58','2025-06-11 00:57:58',6,6),(18,'2023-02-14','perdido',2022,'Danificado','2025-06-11 00:57:58','2025-06-11 00:57:58',6,6),(19,'2019-05-20','alocado',2018,'Novo','2025-06-11 00:57:58','2025-06-11 00:57:58',7,7),(20,'2020-08-30','guardado',2019,'Boas condições','2025-06-11 00:57:58','2025-06-11 00:57:58',7,7),(21,'2021-12-05','nao alocavel',2020,'Parcialmente danificado','2025-06-11 00:57:58','2025-06-11 00:57:58',7,7),(22,'2022-03-17','alocado',2021,'Novo','2025-06-11 00:57:58','2025-06-11 00:57:58',8,8),(23,'2023-06-28','guardado',2022,'Boas condições','2025-06-11 00:57:58','2025-06-11 00:57:58',8,8),(24,'2024-10-02','perdido',2023,'Danificado','2025-06-11 00:57:58','2025-06-11 00:57:58',8,8),(25,'2020-11-11','alocado',2019,'Novo','2025-06-11 00:57:58','2025-06-11 00:57:58',9,9),(26,'2022-02-23','guardado',2021,'Boas condições','2025-06-11 00:57:58','2025-06-11 00:57:58',9,9),(27,'2023-05-09','nao alocavel',2022,'Parcialmente danificado','2025-06-11 00:57:58','2025-06-11 00:57:58',9,9),(28,'2021-01-05','alocado',2020,'Novo','2025-06-11 00:57:58','2025-06-11 00:57:58',10,10),(29,'2022-04-16','guardado',2021,'Boas condições','2025-06-11 00:57:58','2025-06-11 00:57:58',10,10),(30,'2023-08-21','perdido',2022,'Danificado','2025-06-11 00:57:58','2025-06-11 00:57:58',10,10),(31,'2019-10-14','alocado',2018,'Novo','2025-06-11 00:57:58','2025-06-11 00:57:58',1,11),(32,'2021-01-25','guardado',2019,'Boas condições','2025-06-11 00:57:58','2025-06-11 00:57:58',1,11),(33,'2022-05-10','nao alocavel',2020,'Parcialmente danificado','2025-06-11 00:57:58','2025-06-11 00:57:58',1,11),(34,'2020-06-07','alocado',2019,'Novo','2025-06-11 00:57:58','2025-06-11 00:57:58',2,12),(35,'2021-09-18','guardado',2020,'Boas condições','2025-06-11 00:57:58','2025-06-11 00:57:58',2,12),(36,'2022-12-29','perdido',2021,'Danificado','2025-06-11 00:57:58','2025-06-11 00:57:58',2,12),(37,'2021-02-13','alocado',2020,'Novo','2025-06-11 00:57:58','2025-06-11 00:57:58',3,13),(38,'2022-05-24','guardado',2021,'Boas condições','2025-06-11 00:57:58','2025-06-11 00:57:58',3,13),(39,'2023-09-06','nao alocavel',2022,'Parcialmente danificado','2025-06-11 00:57:58','2025-06-11 00:57:58',3,13),(40,'2022-04-01','alocado',2021,'Novo','2025-06-11 00:57:58','2025-06-11 00:57:58',4,14),(41,'2023-07-12','guardado',2022,'Boas condições','2025-06-11 00:57:58','2025-06-11 00:57:58',4,14),(42,'2024-10-23','perdido',2023,'Danificado','2025-06-11 00:57:58','2025-06-11 00:57:58',4,14),(43,'2020-08-19','alocado',2019,'Novo','2025-06-11 00:57:58','2025-06-11 00:57:58',5,15),(44,'2021-11-30','guardado',2020,'Boas condições','2025-06-11 00:57:58','2025-06-11 00:57:58',5,15),(45,'2023-03-15','nao alocavel',2021,'Parcialmente danificado','2025-06-11 00:57:58','2025-06-11 00:57:58',5,15),(46,'2021-05-03','alocado',2020,'Novo','2025-06-11 00:57:58','2025-06-11 00:57:58',6,16),(47,'2022-08-14','guardado',2021,'Boas condições','2025-06-11 00:57:58','2025-06-11 00:57:58',6,16),(48,'2023-11-29','perdido',2022,'Danificado','2025-06-11 00:57:58','2025-06-11 00:57:58',6,16),(49,'2019-03-22','alocado',2018,'Novo','2025-06-11 00:57:58','2025-06-11 00:57:58',7,17),(50,'2020-06-03','guardado',2019,'Boas condições','2025-06-11 00:57:58','2025-06-11 00:57:58',7,17),(51,'2021-09-16','nao alocavel',2020,'Parcialmente danificado','2025-06-11 00:57:58','2025-06-11 00:57:58',7,17),(52,'2022-02-27','alocado',2021,'Novo','2025-06-11 00:57:58','2025-06-11 00:57:58',8,18),(53,'2023-06-08','guardado',2022,'Boas condições','2025-06-11 00:57:58','2025-06-11 00:57:58',8,18),(54,'2024-09-19','perdido',2023,'Danificado','2025-06-11 00:57:58','2025-06-11 00:57:58',8,18),(55,'2020-12-11','alocado',2019,'Novo','2025-06-11 00:57:58','2025-06-11 00:57:58',9,19),(56,'2022-03-24','guardado',2021,'Boas condições','2025-06-11 00:57:58','2025-06-11 00:57:58',9,19),(57,'2023-07-05','nao alocavel',2022,'Parcialmente danificado','2025-06-11 00:57:58','2025-06-11 00:57:58',9,19),(58,'2021-01-29','alocado',2020,'Novo','2025-06-11 00:57:58','2025-06-11 00:57:58',10,20),(59,'2022-05-10','guardado',2021,'Boas condições','2025-06-11 00:57:58','2025-06-11 00:57:58',10,20),(60,'2023-08-22','perdido',2022,'Danificado','2025-06-11 00:57:58','2025-06-11 00:57:58',10,20),(61,'2019-06-15','alocado',2018,'Novo','2025-06-11 00:57:58','2025-06-11 00:57:58',1,21),(62,'2020-09-25','guardado',2019,'Boas condições','2025-06-11 00:57:58','2025-06-11 00:57:58',1,21),(63,'2022-01-07','nao alocavel',2020,'Parcialmente danificado','2025-06-11 00:57:58','2025-06-11 00:57:58',1,21),(64,'2020-07-18','alocado',2019,'Novo','2025-06-11 00:57:58','2025-06-11 00:57:58',2,22),(65,'2021-10-29','guardado',2020,'Boas condições','2025-06-11 00:57:58','2025-06-11 00:57:58',2,22),(66,'2023-02-10','perdido',2021,'Danificado','2025-06-11 00:57:58','2025-06-11 00:57:58',2,22),(67,'2021-03-05','alocado',2020,'Novo','2025-06-11 00:57:58','2025-06-11 00:57:58',3,23),(68,'2022-06-16','guardado',2021,'Boas condições','2025-06-11 00:57:58','2025-06-11 00:57:58',3,23),(69,'2023-09-27','nao alocavel',2022,'Parcialmente danificado','2025-06-11 00:57:58','2025-06-11 00:57:58',3,23),(70,'2022-05-12','alocado',2021,'Novo','2025-06-11 00:57:58','2025-06-11 00:57:58',4,24),(71,'2023-08-23','guardado',2022,'Boas condições','2025-06-11 00:57:58','2025-06-11 00:57:58',4,24),(72,'2024-11-03','perdido',2023,'Danificado','2025-06-11 00:57:58','2025-06-11 00:57:58',4,24),(73,'2020-09-20','alocado',2019,'Novo','2025-06-11 00:57:58','2025-06-11 00:57:58',5,25),(74,'2022-01-01','guardado',2020,'Boas condições','2025-06-11 00:57:58','2025-06-11 00:57:58',5,25),(75,'2023-04-12','nao alocavel',2021,'Parcialmente danificado','2025-06-11 00:57:58','2025-06-11 00:57:58',5,25),(76,'2021-06-11','alocado',2020,'Novo','2025-06-11 00:57:58','2025-06-11 00:57:58',6,26),(77,'2022-09-22','guardado',2021,'Boas condições','2025-06-11 00:57:58','2025-06-11 00:57:58',6,26),(78,'2023-12-05','perdido',2022,'Danificado','2025-06-11 00:57:58','2025-06-11 00:57:58',6,26),(79,'2019-07-01','alocado',2018,'Novo','2025-06-11 00:57:58','2025-06-11 00:57:58',7,27),(80,'2020-10-12','guardado',2019,'Boas condições','2025-06-11 00:57:58','2025-06-11 00:57:58',7,27),(81,'2022-02-23','nao alocavel',2020,'Parcialmente danificado','2025-06-11 00:57:58','2025-06-11 00:57:58',7,27),(82,'2022-03-13','alocado',2021,'Novo','2025-06-11 00:57:58','2025-06-11 00:57:58',8,28),(83,'2023-06-24','guardado',2022,'Boas condições','2025-06-11 00:57:58','2025-06-11 00:57:58',8,28),(84,'2024-10-05','perdido',2023,'Danificado','2025-06-11 00:57:58','2025-06-11 00:57:58',8,28),(85,'2020-11-02','alocado',2019,'Novo','2025-06-11 00:57:58','2025-06-11 00:57:58',9,29),(86,'2022-02-13','guardado',2021,'Boas condições','2025-06-11 00:57:58','2025-06-11 00:57:58',9,29),(87,'2023-05-26','nao alocavel',2022,'Parcialmente danificado','2025-06-11 00:57:58','2025-06-11 00:57:58',9,29),(88,'2021-01-17','alocado',2020,'Novo','2025-06-11 00:57:58','2025-06-11 00:57:58',10,30),(89,'2022-04-28','guardado',2021,'Boas condições','2025-06-11 00:57:58','2025-06-11 00:57:58',10,30),(90,'2023-08-09','perdido',2022,'Danificado','2025-06-11 00:57:58','2025-06-11 00:57:58',10,30),(91,'2025-09-01','perdido',1991,'Danificado','2025-06-11 00:57:58','2025-06-11 00:57:58',8,1),(92,'2021-07-21','guardado',1991,'Parcialmente danificado','2025-06-11 00:57:58','2025-06-11 00:57:58',3,1),(93,'2010-09-23','alocado',1991,'Danificado','2025-06-11 00:57:58','2025-06-11 00:57:58',8,1),(94,'2019-04-28','guardado',1991,'Parcialmente danificado','2025-06-11 00:57:58','2025-06-11 00:57:58',1,1),(95,'2006-10-15','alocado',1991,'Parcialmente danificado','2025-06-11 00:57:58','2025-06-11 00:57:58',8,1),(96,'2008-11-04','alocado',2008,'Parcialmente danificado','2025-06-11 00:57:58','2025-06-11 00:57:58',5,2),(97,'2009-09-20','alocado',2008,'Danificado','2025-06-11 00:57:58','2025-06-11 00:57:58',8,2),(98,'2021-01-06','alocado',2008,'Danificado','2025-06-11 00:57:58','2025-06-11 00:57:58',4,2),(99,'2015-03-18','perdido',2008,'Boas condições','2025-06-11 00:57:58','2025-06-11 00:57:58',1,2),(100,'2018-02-07','alocado',2008,'Parcialmente danificado','2025-06-11 00:57:58','2025-06-11 00:57:58',2,2),(101,'2015-11-14','alocado',2012,'Boas condições','2025-06-11 00:57:58','2025-06-11 00:57:58',8,3),(102,'2021-11-08','nao alocavel',2012,'Parcialmente danificado','2025-06-11 00:57:58','2025-06-11 00:57:58',6,3),(103,'2018-05-06','perdido',2012,'Danificado','2025-06-11 00:57:58','2025-06-11 00:57:58',6,3),(104,'2025-05-29','alocado',2012,'Parcialmente danificado','2025-06-11 00:57:58','2025-06-11 00:57:58',2,3),(105,'2019-05-24','alocado',2012,'Danificado','2025-06-11 00:57:58','2025-06-11 00:57:58',5,3),(106,'2025-06-14','nao alocavel',1996,'Parcialmente danificado','2025-06-11 00:57:58','2025-06-11 00:57:58',2,4),(107,'2022-02-20','nao alocavel',1996,'Parcialmente danificado','2025-06-11 00:57:58','2025-06-11 00:57:58',5,4),(108,'2025-06-05','perdido',1996,'Boas condições','2025-06-11 00:57:58','2025-06-11 00:57:58',2,4),(109,'2009-11-20','perdido',1996,'Parcialmente danificado','2025-06-11 00:57:58','2025-06-11 00:57:58',3,4),(110,'2019-08-12','alocado',1996,'Danificado','2025-06-11 00:57:58','2025-06-11 00:57:58',9,4),(111,'2003-10-26','guardado',2003,'Parcialmente danificado','2025-06-11 00:57:58','2025-06-11 00:57:58',3,5),(112,'2012-08-10','guardado',2003,'Danificado','2025-06-11 00:57:58','2025-06-11 00:57:58',4,5),(113,'2013-02-28','nao alocavel',2003,'Boas condições','2025-06-11 00:57:58','2025-06-11 00:57:58',2,5),(114,'2016-04-08','alocado',2003,'Novo','2025-06-11 00:57:58','2025-06-11 00:57:58',6,5),(115,'2008-11-17','perdido',2003,'Boas condições','2025-06-11 00:57:58','2025-06-11 00:57:58',3,5),(116,'2022-01-29','nao alocavel',1991,'Danificado','2025-06-11 00:57:58','2025-06-11 00:57:58',1,6),(117,'2009-06-06','guardado',1991,'Boas condições','2025-06-11 00:57:58','2025-06-11 00:57:58',8,6),(118,'2018-05-22','guardado',1991,'Danificado','2025-06-11 00:57:58','2025-06-11 00:57:58',4,6),(119,'2014-12-15','nao alocavel',1991,'Parcialmente danificado','2025-06-11 00:57:58','2025-06-11 00:57:58',8,6),(120,'1999-09-14','guardado',1991,'Danificado','2025-06-11 00:57:58','2025-06-11 00:57:58',8,6),(121,'2015-02-17','perdido',1998,'Boas condições','2025-06-11 00:57:58','2025-06-11 00:57:58',4,7),(122,'2025-02-14','nao alocavel',1998,'Parcialmente danificado','2025-06-11 00:57:58','2025-06-11 00:57:58',1,7),(123,'2019-07-23','guardado',1998,'Novo','2025-06-11 00:57:58','2025-06-11 00:57:58',9,7),(124,'2003-08-05','guardado',1998,'Novo','2025-06-11 00:57:58','2025-06-11 00:57:58',3,7),(125,'2010-03-28','perdido',1998,'Boas condições','2025-06-11 00:57:58','2025-06-11 00:57:58',7,7),(126,'2025-11-04','nao alocavel',1985,'Danificado','2025-06-11 00:57:58','2025-06-11 00:57:58',6,8),(127,'1986-03-13','perdido',1985,'Novo','2025-06-11 00:57:58','2025-06-11 00:57:58',7,8),(128,'2007-07-09','guardado',1985,'Boas condições','2025-06-11 00:57:58','2025-06-11 00:57:58',7,8),(129,'1988-08-30','guardado',1985,'Boas condições','2025-06-11 00:57:58','2025-06-11 00:57:58',1,8),(130,'1999-04-19','alocado',1985,'Parcialmente danificado','2025-06-11 00:57:58','2025-06-11 00:57:58',3,8),(131,'1989-09-19','guardado',1988,'Danificado','2025-06-11 00:57:58','2025-06-11 00:57:58',3,9),(132,'2022-01-14','perdido',1988,'Danificado','2025-06-11 00:57:58','2025-06-11 00:57:58',1,9),(133,'1991-07-22','alocado',1988,'Parcialmente danificado','2025-06-11 00:57:58','2025-06-11 00:57:58',4,9),(134,'2025-06-15','nao alocavel',1988,'Danificado','2025-06-11 00:57:58','2025-06-11 00:57:58',2,9),(135,'2022-10-25','guardado',1988,'Boas condições','2025-06-11 00:57:58','2025-06-11 00:57:58',5,9),(136,'1989-02-21','nao alocavel',1987,'Danificado','2025-06-11 00:57:58','2025-06-11 00:57:58',8,10),(137,'1989-10-26','alocado',1987,'Danificado','2025-06-11 00:57:58','2025-06-11 00:57:58',9,10),(138,'1987-09-27','nao alocavel',1987,'Boas condições','2025-06-11 00:57:58','2025-06-11 00:57:58',5,10),(139,'2006-04-03','alocado',1987,'Parcialmente danificado','2025-06-11 00:57:58','2025-06-11 00:57:58',4,10),(140,'2012-08-06','perdido',1987,'Boas condições','2025-06-11 00:57:58','2025-06-11 00:57:58',2,10),(141,'2021-02-02','alocado',2013,'Novo','2025-06-11 00:57:58','2025-06-11 00:57:58',7,11),(142,'2023-07-19','alocado',2013,'Danificado','2025-06-11 00:57:58','2025-06-11 00:57:58',6,11),(143,'2018-09-09','alocado',2013,'Parcialmente danificado','2025-06-11 00:57:58','2025-06-11 00:57:58',2,11),(144,'2020-09-25','nao alocavel',2013,'Novo','2025-06-11 00:57:58','2025-06-11 00:57:58',6,11),(145,'2015-12-29','alocado',2013,'Parcialmente danificado','2025-06-11 00:57:58','2025-06-11 00:57:58',9,11),(146,'2008-11-08','perdido',2001,'Danificado','2025-06-11 00:57:58','2025-06-11 00:57:58',3,12),(147,'2007-01-19','alocado',2001,'Danificado','2025-06-11 00:57:58','2025-06-11 00:57:58',1,12),(148,'2014-03-01','nao alocavel',2001,'Novo','2025-06-11 00:57:58','2025-06-11 00:57:58',4,12),(149,'2002-11-18','guardado',2001,'Parcialmente danificado','2025-06-11 00:57:58','2025-06-11 00:57:58',9,12),(150,'2018-11-12','perdido',2001,'Parcialmente danificado','2025-06-11 00:57:58','2025-06-11 00:57:58',1,12),(151,'2022-01-27','guardado',2021,'Parcialmente danificado','2025-06-11 00:57:58','2025-06-11 00:57:58',1,13),(152,'2025-11-09','guardado',2021,'Parcialmente danificado','2025-06-11 00:57:58','2025-06-11 00:57:58',2,13),(153,'2025-06-26','guardado',2021,'Danificado','2025-06-11 00:57:58','2025-06-11 00:57:58',7,13),(154,'2025-03-03','perdido',2021,'Danificado','2025-06-11 00:57:58','2025-06-11 00:57:58',6,13),(155,'2022-01-18','perdido',2021,'Danificado','2025-06-11 00:57:58','2025-06-11 00:57:58',6,13),(156,'2018-12-25','alocado',2013,'Danificado','2025-06-11 00:57:58','2025-06-11 00:57:58',2,14),(157,'2022-08-29','nao alocavel',2013,'Parcialmente danificado','2025-06-11 00:57:58','2025-06-11 00:57:58',6,14),(158,'2015-04-21','alocado',2013,'Parcialmente danificado','2025-06-11 00:57:58','2025-06-11 00:57:58',5,14),(159,'2019-11-16','perdido',2013,'Danificado','2025-06-11 00:57:58','2025-06-11 00:57:58',3,14),(160,'2022-12-16','guardado',2013,'Danificado','2025-06-11 00:57:58','2025-06-11 00:57:58',1,14),(161,'2021-07-06','guardado',2002,'Novo','2025-06-11 00:57:58','2025-06-11 00:57:58',2,15),(162,'2020-03-22','guardado',2002,'Boas condições','2025-06-11 00:57:58','2025-06-11 00:57:58',1,15),(163,'2008-05-28','perdido',2002,'Novo','2025-06-11 00:57:58','2025-06-11 00:57:58',3,15),(164,'2005-01-06','nao alocavel',2002,'Parcialmente danificado','2025-06-11 00:57:58','2025-06-11 00:57:58',6,15),(165,'2019-03-05','alocado',2002,'Boas condições','2025-06-11 00:57:58','2025-06-11 00:57:58',8,15),(166,'2019-09-09','perdido',2003,'Novo','2025-06-11 00:57:58','2025-06-11 00:57:58',3,16),(167,'2019-06-18','perdido',2003,'Parcialmente danificado','2025-06-11 00:57:58','2025-06-11 00:57:58',5,16),(168,'2014-03-13','alocado',2003,'Novo','2025-06-11 00:57:58','2025-06-11 00:57:58',3,16),(169,'2025-05-21','perdido',2003,'Novo','2025-06-11 00:57:58','2025-06-11 00:57:58',5,16),(170,'2014-09-04','perdido',2003,'Boas condições','2025-06-11 00:57:58','2025-06-11 00:57:58',5,16),(171,'2025-05-17','nao alocavel',2024,'Novo','2025-06-11 00:57:58','2025-06-11 00:57:58',3,17),(172,'2024-03-16','perdido',2024,'Boas condições','2025-06-11 00:57:58','2025-06-11 00:57:58',8,17),(173,'2024-03-30','guardado',2024,'Parcialmente danificado','2025-06-11 00:57:58','2025-06-11 00:57:58',2,17),(174,'2025-07-17','guardado',2024,'Parcialmente danificado','2025-06-11 00:57:58','2025-06-11 00:57:58',3,17),(175,'2025-12-29','nao alocavel',2024,'Parcialmente danificado','2025-06-11 00:57:58','2025-06-11 00:57:58',9,17),(176,'1999-06-12','nao alocavel',1994,'Boas condições','2025-06-11 00:57:58','2025-06-11 00:57:58',4,18),(177,'2016-02-29','alocado',1994,'Parcialmente danificado','2025-06-11 00:57:58','2025-06-11 00:57:58',9,18),(178,'2019-09-03','guardado',1994,'Danificado','2025-06-11 00:57:58','2025-06-11 00:57:58',9,18),(179,'1999-10-28','alocado',1994,'Novo','2025-06-11 00:57:58','2025-06-11 00:57:58',5,18),(180,'2011-11-11','perdido',1994,'Danificado','2025-06-11 00:57:58','2025-06-11 00:57:58',7,18),(181,'2016-10-29','nao alocavel',2016,'Parcialmente danificado','2025-06-11 00:57:58','2025-06-11 00:57:58',2,19),(182,'2021-01-17','perdido',2016,'Parcialmente danificado','2025-06-11 00:57:58','2025-06-11 00:57:58',3,19),(183,'2025-11-05','nao alocavel',2016,'Boas condições','2025-06-11 00:57:58','2025-06-11 00:57:58',7,19),(184,'2021-08-21','alocado',2016,'Novo','2025-06-11 00:57:58','2025-06-11 00:57:58',9,19),(185,'2017-09-18','guardado',2016,'Boas condições','2025-06-11 00:57:58','2025-06-11 00:57:58',3,19),(186,'2010-02-11','guardado',2000,'Parcialmente danificado','2025-06-11 00:57:58','2025-06-11 00:57:58',2,20),(187,'2011-03-29','nao alocavel',2000,'Parcialmente danificado','2025-06-11 00:57:58','2025-06-11 00:57:58',3,20),(188,'2013-08-01','alocado',2000,'Boas condições','2025-06-11 00:57:58','2025-06-11 00:57:58',3,20),(189,'2007-09-05','guardado',2000,'Novo','2025-06-11 00:57:58','2025-06-11 00:57:58',1,20),(190,'2003-08-23','alocado',2000,'Parcialmente danificado','2025-06-11 00:57:58','2025-06-11 00:57:58',4,20),(191,'2020-09-02','alocado',2016,'Danificado','2025-06-11 00:57:58','2025-06-11 00:57:58',9,21),(192,'2019-04-01','guardado',2016,'Danificado','2025-06-11 00:57:58','2025-06-11 00:57:58',4,21),(193,'2025-01-09','perdido',2016,'Parcialmente danificado','2025-06-11 00:57:58','2025-06-11 00:57:58',8,21),(194,'2016-10-25','alocado',2016,'Boas condições','2025-06-11 00:57:58','2025-06-11 00:57:58',8,21),(195,'2020-08-29','perdido',2016,'Danificado','2025-06-11 00:57:58','2025-06-11 00:57:58',4,21),(196,'2007-06-12','guardado',2001,'Parcialmente danificado','2025-06-11 00:57:58','2025-06-11 00:57:58',6,22),(197,'2018-11-20','nao alocavel',2001,'Parcialmente danificado','2025-06-11 00:57:58','2025-06-11 00:57:58',9,22),(198,'2005-10-06','guardado',2001,'Boas condições','2025-06-11 00:57:58','2025-06-11 00:57:58',8,22),(199,'2006-07-01','guardado',2001,'Danificado','2025-06-11 00:57:58','2025-06-11 00:57:58',4,22),(200,'2007-04-28','alocado',2001,'Novo','2025-06-11 00:57:58','2025-06-11 00:57:58',5,22),(201,'2023-05-20','perdido',2004,'Boas condições','2025-06-11 00:57:58','2025-06-11 00:57:58',3,23),(202,'2022-03-31','guardado',2004,'Parcialmente danificado','2025-06-11 00:57:58','2025-06-11 00:57:58',4,23),(203,'2021-02-11','nao alocavel',2004,'Danificado','2025-06-11 00:57:58','2025-06-11 00:57:58',9,23),(204,'2014-06-21','perdido',2004,'Parcialmente danificado','2025-06-11 00:57:58','2025-06-11 00:57:58',8,23),(205,'2004-07-08','alocado',2004,'Danificado','2025-06-11 00:57:58','2025-06-11 00:57:58',9,23),(206,'2014-05-27','nao alocavel',2009,'Parcialmente danificado','2025-06-11 00:57:58','2025-06-11 00:57:58',1,24),(207,'2010-02-19','guardado',2009,'Danificado','2025-06-11 00:57:58','2025-06-11 00:57:58',8,24),(208,'2015-05-30','alocado',2009,'Novo','2025-06-11 00:57:58','2025-06-11 00:57:58',7,24),(209,'2012-01-03','guardado',2009,'Parcialmente danificado','2025-06-11 00:57:58','2025-06-11 00:57:58',7,24),(210,'2017-03-17','alocado',2009,'Danificado','2025-06-11 00:57:58','2025-06-11 00:57:58',1,24),(211,'2022-04-20','nao alocavel',2016,'Parcialmente danificado','2025-06-11 00:57:58','2025-06-11 00:57:58',9,25),(212,'2019-03-28','alocado',2016,'Danificado','2025-06-11 00:57:58','2025-06-11 00:57:58',9,25),(213,'2021-01-18','guardado',2016,'Novo','2025-06-11 00:57:58','2025-06-11 00:57:58',3,25),(214,'2017-01-31','perdido',2016,'Parcialmente danificado','2025-06-11 00:57:58','2025-06-11 00:57:58',6,25),(215,'2022-04-03','guardado',2016,'Boas condições','2025-06-11 00:57:58','2025-06-11 00:57:58',4,25),(216,'2023-09-17','perdido',2018,'Novo','2025-06-11 00:57:58','2025-06-11 00:57:58',1,26),(217,'2018-06-09','nao alocavel',2018,'Parcialmente danificado','2025-06-11 00:57:58','2025-06-11 00:57:58',8,26),(218,'2023-10-29','perdido',2018,'Boas condições','2025-06-11 00:57:58','2025-06-11 00:57:58',9,26),(219,'2019-07-27','guardado',2018,'Parcialmente danificado','2025-06-11 00:57:58','2025-06-11 00:57:58',3,26),(220,'2022-05-29','guardado',2018,'Parcialmente danificado','2025-06-11 00:57:58','2025-06-11 00:57:58',9,26),(221,'2023-12-09','perdido',2012,'Parcialmente danificado','2025-06-11 00:57:58','2025-06-11 00:57:58',8,27),(222,'2012-05-16','guardado',2012,'Parcialmente danificado','2025-06-11 00:57:58','2025-06-11 00:57:58',2,27),(223,'2021-05-05','guardado',2012,'Novo','2025-06-11 00:57:58','2025-06-11 00:57:58',8,27),(224,'2017-12-15','nao alocavel',2012,'Novo','2025-06-11 00:57:58','2025-06-11 00:57:58',8,27),(225,'2015-10-28','perdido',2012,'Boas condições','2025-06-11 00:57:58','2025-06-11 00:57:58',4,27),(226,'2007-09-07','alocado',1982,'Boas condições','2025-06-11 00:57:58','2025-06-11 00:57:58',1,28),(227,'2001-10-13','guardado',1982,'Danificado','2025-06-11 00:57:58','2025-06-11 00:57:58',3,28),(228,'2000-07-10','nao alocavel',1982,'Danificado','2025-06-11 00:57:58','2025-06-11 00:57:58',9,28),(229,'2016-10-06','perdido',1982,'Novo','2025-06-11 00:57:58','2025-06-11 00:57:58',3,28),(230,'2005-04-08','nao alocavel',1982,'Parcialmente danificado','2025-06-11 00:57:58','2025-06-11 00:57:58',8,28),(231,'2021-06-14','guardado',2013,'Boas condições','2025-06-11 00:57:58','2025-06-11 00:57:58',8,29),(232,'2024-12-16','guardado',2013,'Parcialmente danificado','2025-06-11 00:57:58','2025-06-11 00:57:58',5,29),(233,'2023-11-11','nao alocavel',2013,'Boas condições','2025-06-11 00:57:58','2025-06-11 00:57:58',5,29),(234,'2025-07-08','guardado',2013,'Boas condições','2025-06-11 00:57:58','2025-06-11 00:57:58',5,29),(235,'2019-06-26','nao alocavel',2013,'Danificado','2025-06-11 00:57:58','2025-06-11 00:57:58',6,29),(236,'2017-10-28','guardado',2010,'Parcialmente danificado','2025-06-11 00:57:58','2025-06-11 00:57:58',2,30),(237,'2022-11-11','perdido',2010,'Danificado','2025-06-11 00:57:58','2025-06-11 00:57:58',6,30),(238,'2013-04-14','guardado',2010,'Novo','2025-06-11 00:57:58','2025-06-11 00:57:58',5,30),(239,'2011-10-10','guardado',2010,'Danificado','2025-06-11 00:57:58','2025-06-11 00:57:58',5,30),(240,'2020-09-29','nao alocavel',2010,'Boas condições','2025-06-11 00:57:58','2025-06-11 00:57:58',9,30),(241,'2022-03-19','guardado',1997,'Boas condições','2025-06-11 00:57:58','2025-06-11 00:57:58',2,31),(242,'2024-08-14','nao alocavel',1997,'Boas condições','2025-06-11 00:57:58','2025-06-11 00:57:58',1,31),(243,'2020-10-27','nao alocavel',1997,'Boas condições','2025-06-11 00:57:58','2025-06-11 00:57:58',1,31),(244,'2001-06-30','perdido',1997,'Parcialmente danificado','2025-06-11 00:57:58','2025-06-11 00:57:58',8,31),(245,'2001-07-06','nao alocavel',1997,'Novo','2025-06-11 00:57:58','2025-06-11 00:57:58',9,31),(246,'2008-04-02','perdido',1990,'Danificado','2025-06-11 00:57:58','2025-06-11 00:57:58',4,32),(247,'2023-11-28','guardado',1990,'Parcialmente danificado','2025-06-11 00:57:58','2025-06-11 00:57:58',5,32),(248,'2018-12-22','alocado',1990,'Novo','2025-06-11 00:57:58','2025-06-11 00:57:58',4,32),(249,'2014-01-02','alocado',1990,'Boas condições','2025-06-11 00:57:58','2025-06-11 00:57:58',7,32),(250,'1997-11-20','alocado',1990,'Danificado','2025-06-11 00:57:58','2025-06-11 00:57:58',8,32),(251,'2024-08-06','guardado',1991,'Novo','2025-06-11 00:57:58','2025-06-11 00:57:58',1,33),(252,'2004-05-20','alocado',1991,'Parcialmente danificado','2025-06-11 00:57:58','2025-06-11 00:57:58',5,33),(253,'2011-05-20','perdido',1991,'Boas condições','2025-06-11 00:57:58','2025-06-11 00:57:58',9,33),(254,'2011-12-30','guardado',1991,'Boas condições','2025-06-11 00:57:58','2025-06-11 00:57:58',2,33),(255,'2005-10-31','nao alocavel',1991,'Danificado','2025-06-11 00:57:58','2025-06-11 00:57:58',5,33),(256,'2025-04-06','alocado',2025,'Parcialmente danificado','2025-06-11 00:57:58','2025-06-11 00:57:58',5,34),(257,'2025-10-18','nao alocavel',2025,'Boas condições','2025-06-11 00:57:58','2025-06-11 00:57:58',7,34),(258,'2025-08-07','guardado',2025,'Novo','2025-06-11 00:57:58','2025-06-11 00:57:58',7,34),(259,'2025-12-09','alocado',2025,'Boas condições','2025-06-11 00:57:58','2025-06-11 00:57:58',3,34),(260,'2025-09-02','guardado',2025,'Boas condições','2025-06-11 00:57:58','2025-06-11 00:57:58',1,34),(261,'2013-03-16','nao alocavel',1996,'Danificado','2025-06-11 00:57:58','2025-06-11 00:57:58',5,35),(262,'2010-10-14','guardado',1996,'Novo','2025-06-11 00:57:58','2025-06-11 00:57:58',5,35),(263,'2025-04-27','guardado',1996,'Boas condições','2025-06-11 00:57:58','2025-06-11 00:57:58',1,35),(264,'2025-12-15','alocado',1996,'Danificado','2025-06-11 00:57:58','2025-06-11 00:57:58',5,35),(265,'2003-03-01','perdido',1996,'Parcialmente danificado','2025-06-11 00:57:58','2025-06-11 00:57:58',2,35),(266,'2023-04-23','guardado',2020,'Boas condições','2025-06-11 00:57:58','2025-06-11 00:57:58',4,36),(267,'2021-07-01','perdido',2020,'Boas condições','2025-06-11 00:57:58','2025-06-11 00:57:58',8,36),(268,'2024-03-10','perdido',2020,'Danificado','2025-06-11 00:57:58','2025-06-11 00:57:58',9,36),(269,'2022-06-13','nao alocavel',2020,'Novo','2025-06-11 00:57:58','2025-06-11 00:57:58',9,36),(270,'2025-01-03','guardado',2020,'Novo','2025-06-11 00:57:58','2025-06-11 00:57:58',2,36),(271,'2020-03-05','nao alocavel',1983,'Boas condições','2025-06-11 00:57:58','2025-06-11 00:57:58',3,37),(272,'1997-09-19','perdido',1983,'Novo','2025-06-11 00:57:58','2025-06-11 00:57:58',4,37),(273,'2015-02-27','perdido',1983,'Novo','2025-06-11 00:57:58','2025-06-11 00:57:58',9,37),(274,'2002-12-25','alocado',1983,'Danificado','2025-06-11 00:57:58','2025-06-11 00:57:58',3,37),(275,'2006-01-09','perdido',1983,'Danificado','2025-06-11 00:57:58','2025-06-11 00:57:58',1,37),(276,'2020-03-08','guardado',2015,'Novo','2025-06-11 00:57:58','2025-06-11 00:57:58',7,38),(277,'2017-11-08','alocado',2015,'Boas condições','2025-06-11 00:57:58','2025-06-11 00:57:58',2,38),(278,'2015-07-05','perdido',2015,'Parcialmente danificado','2025-06-11 00:57:58','2025-06-11 00:57:58',2,38),(279,'2021-01-25','alocado',2015,'Novo','2025-06-11 00:57:58','2025-06-11 00:57:58',8,38),(280,'2015-05-10','guardado',2015,'Danificado','2025-06-11 00:57:58','2025-06-11 00:57:58',3,38),(281,'2022-05-09','perdido',1988,'Parcialmente danificado','2025-06-11 00:57:58','2025-06-11 00:57:58',7,39),(282,'2008-02-13','perdido',1988,'Danificado','2025-06-11 00:57:58','2025-06-11 00:57:58',2,39),(283,'2018-08-16','nao alocavel',1988,'Parcialmente danificado','2025-06-11 00:57:58','2025-06-11 00:57:58',2,39),(284,'1996-01-03','perdido',1988,'Boas condições','2025-06-11 00:57:58','2025-06-11 00:57:58',4,39),(285,'2025-06-12','alocado',1988,'Novo','2025-06-11 00:57:58','2025-06-11 00:57:58',5,39),(286,'2024-02-09','perdido',2009,'Danificado','2025-06-11 00:57:58','2025-06-11 00:57:58',4,40),(287,'2014-07-21','perdido',2009,'Parcialmente danificado','2025-06-11 00:57:58','2025-06-11 00:57:58',3,40),(288,'2015-03-09','nao alocavel',2009,'Novo','2025-06-11 00:57:58','2025-06-11 00:57:58',1,40),(289,'2023-10-23','perdido',2009,'Novo','2025-06-11 00:57:58','2025-06-11 00:57:58',4,40),(290,'2013-08-16','alocado',2009,'Novo','2025-06-11 00:57:58','2025-06-11 00:57:58',1,40),(291,'2021-05-29','alocado',2008,'Boas condições','2025-06-11 00:57:58','2025-06-11 00:57:58',1,41),(292,'2017-01-08','perdido',2008,'Boas condições','2025-06-11 00:57:58','2025-06-11 00:57:58',9,41),(293,'2012-11-14','alocado',2008,'Boas condições','2025-06-11 00:57:58','2025-06-11 00:57:58',9,41),(294,'2014-06-27','nao alocavel',2008,'Parcialmente danificado','2025-06-11 00:57:58','2025-06-11 00:57:58',6,41),(295,'2013-04-24','guardado',2008,'Boas condições','2025-06-11 00:57:58','2025-06-11 00:57:58',9,41),(296,'2012-07-20','guardado',1994,'Parcialmente danificado','2025-06-11 00:57:58','2025-06-11 00:57:58',1,42),(297,'2018-12-22','nao alocavel',1994,'Danificado','2025-06-11 00:57:58','2025-06-11 00:57:58',9,42),(298,'2016-03-26','alocado',1994,'Parcialmente danificado','2025-06-11 00:57:58','2025-06-11 00:57:58',7,42),(299,'2017-07-11','guardado',1994,'Danificado','2025-06-11 00:57:58','2025-06-11 00:57:58',7,42),(300,'2000-09-10','guardado',1994,'Danificado','2025-06-11 00:57:58','2025-06-11 00:57:58',3,42),(301,'2024-08-15','nao alocavel',2014,'Boas condições','2025-06-11 00:57:58','2025-06-11 00:57:58',5,43),(302,'2017-03-28','perdido',2014,'Novo','2025-06-11 00:57:58','2025-06-11 00:57:58',9,43),(303,'2023-04-04','perdido',2014,'Boas condições','2025-06-11 00:57:58','2025-06-11 00:57:58',7,43),(304,'2019-06-13','guardado',2014,'Boas condições','2025-06-11 00:57:58','2025-06-11 00:57:58',6,43),(305,'2015-10-10','perdido',2014,'Parcialmente danificado','2025-06-11 00:57:58','2025-06-11 00:57:58',2,43),(306,'2018-04-10','alocado',2014,'Parcialmente danificado','2025-06-11 00:57:58','2025-06-11 00:57:58',7,44),(307,'2014-11-20','alocado',2014,'Boas condições','2025-06-11 00:57:58','2025-06-11 00:57:58',9,44),(308,'2018-11-13','perdido',2014,'Boas condições','2025-06-11 00:57:58','2025-06-11 00:57:58',6,44),(309,'2020-10-19','alocado',2014,'Boas condições','2025-06-11 00:57:58','2025-06-11 00:57:58',4,44),(310,'2016-08-19','perdido',2014,'Boas condições','2025-06-11 00:57:58','2025-06-11 00:57:58',4,44),(311,'2025-07-11','nao alocavel',2005,'Parcialmente danificado','2025-06-11 00:57:58','2025-06-11 00:57:58',5,45),(312,'2013-07-16','perdido',2005,'Parcialmente danificado','2025-06-11 00:57:58','2025-06-11 00:57:58',5,45),(313,'2010-11-13','guardado',2005,'Danificado','2025-06-11 00:57:58','2025-06-11 00:57:58',8,45),(314,'2007-03-19','perdido',2005,'Parcialmente danificado','2025-06-11 00:57:58','2025-06-11 00:57:58',4,45),(315,'2013-04-25','guardado',2005,'Danificado','2025-06-11 00:57:58','2025-06-11 00:57:58',1,45),(316,'2025-09-09','nao alocavel',2016,'Boas condições','2025-06-11 00:57:58','2025-06-11 00:57:58',1,46),(317,'2018-12-04','perdido',2016,'Parcialmente danificado','2025-06-11 00:57:58','2025-06-11 00:57:58',3,46),(318,'2018-03-14','guardado',2016,'Boas condições','2025-06-11 00:57:58','2025-06-11 00:57:58',7,46),(319,'2022-05-22','nao alocavel',2016,'Danificado','2025-06-11 00:57:58','2025-06-11 00:57:58',9,46),(320,'2023-05-05','guardado',2016,'Parcialmente danificado','2025-06-11 00:57:58','2025-06-11 00:57:58',8,46),(321,'2025-02-23','perdido',2021,'Danificado','2025-06-11 00:57:58','2025-06-11 00:57:58',3,47),(322,'2025-02-09','guardado',2021,'Boas condições','2025-06-11 00:57:58','2025-06-11 00:57:58',3,47),(323,'2025-01-15','perdido',2021,'Boas condições','2025-06-11 00:57:58','2025-06-11 00:57:58',9,47),(324,'2024-08-07','alocado',2021,'Novo','2025-06-11 00:57:58','2025-06-11 00:57:58',2,47),(325,'2025-08-03','alocado',2021,'Novo','2025-06-11 00:57:58','2025-06-11 00:57:58',7,47),(326,'2025-10-17','nao alocavel',1988,'Novo','2025-06-11 00:57:58','2025-06-11 00:57:58',3,48),(327,'1988-05-29','nao alocavel',1988,'Danificado','2025-06-11 00:57:58','2025-06-11 00:57:58',6,48),(328,'1990-09-17','perdido',1988,'Danificado','2025-06-11 00:57:58','2025-06-11 00:57:58',1,48),(329,'1988-04-18','perdido',1988,'Novo','2025-06-11 00:57:58','2025-06-11 00:57:58',1,48),(330,'2011-09-30','guardado',1988,'Parcialmente danificado','2025-06-11 00:57:58','2025-06-11 00:57:58',1,48),(331,'2021-08-28','nao alocavel',2012,'Novo','2025-06-11 00:57:58','2025-06-11 00:57:58',2,49),(332,'2023-10-05','nao alocavel',2012,'Boas condições','2025-06-11 00:57:58','2025-06-11 00:57:58',4,49),(333,'2025-11-25','guardado',2012,'Parcialmente danificado','2025-06-11 00:57:58','2025-06-11 00:57:58',5,49),(334,'2020-11-25','alocado',2012,'Parcialmente danificado','2025-06-11 00:57:58','2025-06-11 00:57:58',7,49),(335,'2022-04-18','nao alocavel',2012,'Boas condições','2025-06-11 00:57:58','2025-06-11 00:57:58',5,49),(336,'2023-06-15','alocado',2023,'Novo','2025-06-11 00:57:58','2025-06-11 00:57:58',7,50),(337,'2025-02-15','perdido',2023,'Danificado','2025-06-11 00:57:58','2025-06-11 00:57:58',1,50),(338,'2023-01-20','nao alocavel',2023,'Novo','2025-06-11 00:57:58','2025-06-11 00:57:58',8,50),(339,'2025-06-07','guardado',2023,'Novo','2025-06-11 00:57:58','2025-06-11 00:57:58',9,50),(340,'2023-03-29','nao alocavel',2023,'Boas condições','2025-06-11 00:57:58','2025-06-11 00:57:58',8,50),(341,'2018-03-10','guardado',2015,'Boas condições','2025-06-11 00:57:58','2025-06-11 00:57:58',1,51),(342,'2019-04-15','guardado',2016,'Boas condições','2025-06-11 00:57:58','2025-06-11 00:57:58',2,51),(343,'2020-05-20','alocado',2017,'Parcialmente danificado','2025-06-11 00:57:58','2025-06-11 00:57:58',3,51),(344,'2021-06-25','guardado',2018,'Boas condições','2025-06-11 00:57:58','2025-06-11 00:57:58',1,51),(345,'2022-07-30','guardado',2019,'Novo','2025-06-11 00:57:58','2025-06-11 00:57:58',2,51),(346,'2017-08-05','alocado',2014,'Parcialmente danificado','2025-06-11 00:57:58','2025-06-11 00:57:58',3,52),(347,'2018-09-10','guardado',2015,'Boas condições','2025-06-11 00:57:58','2025-06-11 00:57:58',1,52),(348,'2019-10-15','guardado',2016,'Boas condições','2025-06-11 00:57:58','2025-06-11 00:57:58',2,52),(349,'2020-11-20','guardado',2017,'Boas condições','2025-06-11 00:57:58','2025-06-11 00:57:58',3,52),(350,'2021-12-25','guardado',2018,'Novo','2025-06-11 00:57:58','2025-06-11 00:57:58',1,52),(351,'2019-01-10','guardado',2017,'Boas condições','2025-06-11 00:57:58','2025-06-11 00:57:58',2,53),(352,'2020-02-14','alocado',2018,'Parcialmente danificado','2025-06-11 00:57:58','2025-06-11 00:57:58',3,53),(353,'2021-03-18','guardado',2019,'Boas condições','2025-06-11 00:57:58','2025-06-11 00:57:58',1,53),(354,'2022-04-22','guardado',2020,'Novo','2025-06-11 00:57:58','2025-06-11 00:57:58',2,53),(355,'2023-05-26','guardado',2021,'Novo','2025-06-11 00:57:58','2025-06-11 00:57:58',3,53),(356,'2018-06-30','guardado',2015,'Boas condições','2025-06-11 00:57:58','2025-06-11 00:57:58',1,54),(357,'2019-07-04','guardado',2016,'Boas condições','2025-06-11 00:57:58','2025-06-11 00:57:58',2,54),(358,'2020-08-08','alocado',2017,'Parcialmente danificado','2025-06-11 00:57:58','2025-06-11 00:57:58',3,54),(359,'2021-09-12','guardado',2018,'Boas condições','2025-06-11 00:57:58','2025-06-11 00:57:58',1,54),(360,'2022-10-16','guardado',2019,'Novo','2025-06-11 00:57:58','2025-06-11 00:57:58',2,54),(361,'2017-11-20','alocado',2014,'Parcialmente danificado','2025-06-11 00:57:58','2025-06-11 00:57:58',3,55),(362,'2018-12-24','guardado',2015,'Boas condições','2025-06-11 00:57:58','2025-06-11 00:57:58',1,55),(363,'2019-01-28','guardado',2016,'Boas condições','2025-06-11 00:57:58','2025-06-11 00:57:58',2,55),(364,'2020-02-01','guardado',2017,'Boas condições','2025-06-11 00:57:58','2025-06-11 00:57:58',3,55),(365,'2021-03-07','guardado',2018,'Novo','2025-06-11 00:57:58','2025-06-11 00:57:58',1,55),(366,'2022-04-11','guardado',2019,'Novo','2025-06-11 00:57:58','2025-06-11 00:57:58',2,55),(367,'2023-05-15','guardado',2020,'Novo','2025-06-11 00:57:58','2025-06-11 00:57:58',3,56),(368,'2018-06-19','guardado',2015,'Boas condições','2025-06-11 00:57:58','2025-06-11 00:57:58',1,56),(369,'2019-07-23','guardado',2016,'Boas condições','2025-06-11 00:57:58','2025-06-11 00:57:58',2,56),(370,'2020-08-27','alocado',2017,'Parcialmente danificado','2025-06-11 00:57:58','2025-06-11 00:57:58',3,56),(371,'2021-09-30','guardado',2018,'Boas condições','2025-06-11 00:57:58','2025-06-11 00:57:58',1,56),(372,'2022-10-04','guardado',2019,'Novo','2025-06-11 00:57:58','2025-06-11 00:57:58',2,56),(373,'2017-11-08','alocado',2014,'Parcialmente danificado','2025-06-11 00:57:58','2025-06-11 00:57:58',3,57),(374,'2018-12-12','guardado',2015,'Boas condições','2025-06-11 00:57:58','2025-06-11 00:57:58',1,57),(375,'2019-01-16','guardado',2016,'Boas condições','2025-06-11 00:57:58','2025-06-11 00:57:58',2,57),(376,'2020-02-20','guardado',2017,'Boas condições','2025-06-11 00:57:58','2025-06-11 00:57:58',3,57),(377,'2021-03-24','guardado',2018,'Novo','2025-06-11 00:57:58','2025-06-11 00:57:58',1,57),(378,'2022-04-28','guardado',2019,'Novo','2025-06-11 00:57:58','2025-06-11 00:57:58',2,57),(379,'2023-05-02','guardado',2020,'Novo','2025-06-11 00:57:58','2025-06-11 00:57:58',3,58),(380,'2018-06-06','guardado',2015,'Boas condições','2025-06-11 00:57:58','2025-06-11 00:57:58',1,58),(381,'2019-07-10','guardado',2016,'Boas condições','2025-06-11 00:57:58','2025-06-11 00:57:58',2,58),(382,'2020-08-14','alocado',2017,'Parcialmente danificado','2025-06-11 00:57:58','2025-06-11 00:57:58',3,58),(383,'2021-09-18','guardado',2018,'Boas condições','2025-06-11 00:57:58','2025-06-11 00:57:58',1,58),(384,'2022-10-22','guardado',2019,'Novo','2025-06-11 00:57:58','2025-06-11 00:57:58',2,58),(385,'2017-11-26','alocado',2014,'Parcialmente danificado','2025-06-11 00:57:58','2025-06-11 00:57:58',3,59),(386,'2018-12-30','guardado',2015,'Boas condições','2025-06-11 00:57:58','2025-06-11 00:57:58',1,59),(387,'2019-01-03','guardado',2016,'Boas condições','2025-06-11 00:57:58','2025-06-11 00:57:58',2,59),(388,'2020-02-07','guardado',2017,'Boas condições','2025-06-11 00:57:58','2025-06-11 00:57:58',3,59),(389,'2021-03-11','guardado',2018,'Novo','2025-06-11 00:57:58','2025-06-11 00:57:58',1,59),(390,'2022-04-15','guardado',2019,'Novo','2025-06-11 00:57:58','2025-06-11 00:57:58',2,59),(391,'2023-05-19','guardado',2020,'Novo','2025-06-11 00:57:58','2025-06-11 00:57:58',3,60),(392,'2018-06-23','guardado',2015,'Boas condições','2025-06-11 00:57:58','2025-06-11 00:57:58',1,60),(393,'2019-07-27','guardado',2016,'Boas condições','2025-06-11 00:57:58','2025-06-11 00:57:58',2,60),(394,'2020-08-31','alocado',2017,'Parcialmente danificado','2025-06-11 00:57:58','2025-06-11 00:57:58',3,60),(395,'2021-09-04','guardado',2018,'Boas condições','2025-06-11 00:57:58','2025-06-11 00:57:58',1,60),(396,'2022-10-08','guardado',2019,'Novo','2025-06-11 00:57:58','2025-06-11 00:57:58',2,60),(397,'2017-11-12','alocado',2014,'Parcialmente danificado','2025-06-11 00:57:58','2025-06-11 00:57:58',3,61),(398,'2018-12-16','guardado',2015,'Boas condições','2025-06-11 00:57:58','2025-06-11 00:57:58',1,61),(399,'2019-01-20','guardado',2016,'Boas condições','2025-06-11 00:57:58','2025-06-11 00:57:58',2,61),(400,'2020-02-24','guardado',2017,'Boas condições','2025-06-11 00:57:58','2025-06-11 00:57:58',3,61),(401,'2021-03-30','guardado',2018,'Novo','2025-06-11 00:57:58','2025-06-11 00:57:58',1,61),(402,'2022-04-03','guardado',2019,'Novo','2025-06-11 00:57:58','2025-06-11 00:57:58',2,61),(403,'2023-05-07','guardado',2020,'Novo','2025-06-11 00:57:58','2025-06-11 00:57:58',3,62),(404,'2018-06-11','guardado',2015,'Boas condições','2025-06-11 00:57:58','2025-06-11 00:57:58',1,62),(405,'2019-07-15','guardado',2016,'Boas condições','2025-06-11 00:57:58','2025-06-11 00:57:58',2,62),(406,'2020-08-19','alocado',2017,'Parcialmente danificado','2025-06-11 00:57:58','2025-06-11 00:57:58',3,62),(407,'2021-09-23','guardado',2018,'Boas condições','2025-06-11 00:57:58','2025-06-11 00:57:58',1,62),(408,'2022-10-27','guardado',2019,'Novo','2025-06-11 00:57:58','2025-06-11 00:57:58',2,62),(409,'2017-11-01','alocado',2014,'Parcialmente danificado','2025-06-11 00:57:58','2025-06-11 00:57:58',3,63),(410,'2018-12-05','guardado',2015,'Boas condições','2025-06-11 00:57:58','2025-06-11 00:57:58',1,63),(411,'2019-01-09','guardado',2016,'Boas condições','2025-06-11 00:57:58','2025-06-11 00:57:58',2,63),(412,'2020-02-13','guardado',2017,'Boas condições','2025-06-11 00:57:58','2025-06-11 00:57:58',3,63),(413,'2021-03-17','guardado',2018,'Novo','2025-06-11 00:57:58','2025-06-11 00:57:58',1,63),(414,'2022-04-21','guardado',2019,'Novo','2025-06-11 00:57:58','2025-06-11 00:57:58',2,63),(415,'2023-05-25','guardado',2020,'Novo','2025-06-11 00:57:58','2025-06-11 00:57:58',3,64),(416,'2018-06-29','guardado',2015,'Boas condições','2025-06-11 00:57:58','2025-06-11 00:57:58',1,64),(417,'2019-07-03','guardado',2016,'Boas condições','2025-06-11 00:57:58','2025-06-11 00:57:58',2,64),(418,'2020-08-07','alocado',2017,'Parcialmente danificado','2025-06-11 00:57:58','2025-06-11 00:57:58',3,64),(419,'2021-09-11','guardado',2018,'Boas condições','2025-06-11 00:57:58','2025-06-11 00:57:58',1,64),(420,'2022-10-15','guardado',2019,'Novo','2025-06-11 00:57:58','2025-06-11 00:57:58',2,64),(421,'2017-11-19','alocado',2014,'Parcialmente danificado','2025-06-11 00:57:58','2025-06-11 00:57:58',3,65),(422,'2018-12-23','guardado',2015,'Boas condições','2025-06-11 00:57:58','2025-06-11 00:57:58',1,65),(423,'2019-01-27','guardado',2016,'Boas condições','2025-06-11 00:57:58','2025-06-11 00:57:58',2,65),(424,'2020-02-01','guardado',2017,'Boas condições','2025-06-11 00:57:58','2025-06-11 00:57:58',3,65),(425,'2021-03-07','guardado',2018,'Novo','2025-06-11 00:57:58','2025-06-11 00:57:58',1,65),(426,'2022-04-11','guardado',2019,'Novo','2025-06-11 00:57:58','2025-06-11 00:57:58',2,65),(427,'2023-05-15','guardado',2020,'Novo','2025-06-11 00:57:58','2025-06-11 00:57:58',3,66),(428,'2018-06-19','guardado',2015,'Boas condições','2025-06-11 00:57:58','2025-06-11 00:57:58',1,66),(429,'2019-07-23','guardado',2016,'Boas condições','2025-06-11 00:57:58','2025-06-11 00:57:58',2,66),(430,'2020-08-27','alocado',2017,'Parcialmente danificado','2025-06-11 00:57:58','2025-06-11 00:57:58',3,66),(431,'2021-09-30','guardado',2018,'Boas condições','2025-06-11 00:57:58','2025-06-11 00:57:58',1,66),(432,'2022-10-04','guardado',2019,'Novo','2025-06-11 00:57:58','2025-06-11 00:57:58',2,66),(433,'2017-11-08','alocado',2014,'Parcialmente danificado','2025-06-11 00:57:58','2025-06-11 00:57:58',3,67),(434,'2018-12-12','guardado',2015,'Boas condições','2025-06-11 00:57:58','2025-06-11 00:57:58',1,67),(435,'2019-01-16','guardado',2016,'Boas condições','2025-06-11 00:57:58','2025-06-11 00:57:58',2,67),(436,'2020-02-20','guardado',2017,'Boas condições','2025-06-11 00:57:58','2025-06-11 00:57:58',3,67),(437,'2021-03-24','guardado',2018,'Novo','2025-06-11 00:57:58','2025-06-11 00:57:58',1,67),(438,'2022-04-28','guardado',2019,'Novo','2025-06-11 00:57:58','2025-06-11 00:57:58',2,67),(439,'2023-05-02','guardado',2020,'Novo','2025-06-11 00:57:58','2025-06-11 00:57:58',3,68),(440,'2018-06-06','guardado',2015,'Boas condições','2025-06-11 00:57:58','2025-06-11 00:57:58',1,68),(441,'2019-07-10','guardado',2016,'Boas condições','2025-06-11 00:57:58','2025-06-11 00:57:58',2,68),(442,'2020-08-14','alocado',2017,'Parcialmente danificado','2025-06-11 00:57:58','2025-06-11 00:57:58',3,68),(443,'2021-09-18','guardado',2018,'Boas condições','2025-06-11 00:57:58','2025-06-11 00:57:58',1,68),(444,'2022-10-22','guardado',2019,'Novo','2025-06-11 00:57:58','2025-06-11 00:57:58',2,68),(445,'2017-11-26','alocado',2014,'Parcialmente danificado','2025-06-11 00:57:58','2025-06-11 00:57:58',3,69),(446,'2018-12-30','guardado',2015,'Boas condições','2025-06-11 00:57:58','2025-06-11 00:57:58',1,69),(447,'2019-01-03','guardado',2016,'Boas condições','2025-06-11 00:57:58','2025-06-11 00:57:58',2,69),(448,'2020-02-07','guardado',2017,'Boas condições','2025-06-11 00:57:58','2025-06-11 00:57:58',3,69),(449,'2021-03-11','guardado',2018,'Novo','2025-06-11 00:57:58','2025-06-11 00:57:58',1,69),(450,'2022-04-15','guardado',2019,'Novo','2025-06-11 00:57:58','2025-06-11 00:57:58',2,69),(451,'2023-05-19','guardado',2020,'Novo','2025-06-11 00:57:58','2025-06-11 00:57:58',3,70),(452,'2018-06-23','guardado',2015,'Boas condições','2025-06-11 00:57:58','2025-06-11 00:57:58',1,70),(453,'2019-07-27','guardado',2016,'Boas condições','2025-06-11 00:57:58','2025-06-11 00:57:58',2,70),(454,'2020-08-31','alocado',2017,'Parcialmente danificado','2025-06-11 00:57:58','2025-06-11 00:57:58',3,70),(455,'2021-09-04','guardado',2018,'Boas condições','2025-06-11 00:57:58','2025-06-11 00:57:58',1,70),(456,'2022-10-08','guardado',2019,'Novo','2025-06-11 00:57:58','2025-06-11 00:57:58',2,70),(457,'2017-11-12','alocado',2014,'Parcialmente danificado','2025-06-11 00:57:58','2025-06-11 00:57:58',3,71),(458,'2018-12-16','guardado',2015,'Boas condições','2025-06-11 00:57:58','2025-06-11 00:57:58',1,71),(459,'2019-01-20','guardado',2016,'Boas condições','2025-06-11 00:57:58','2025-06-11 00:57:58',2,71),(460,'2020-02-24','guardado',2017,'Boas condições','2025-06-11 00:57:58','2025-06-11 00:57:58',3,71),(461,'2021-03-30','guardado',2018,'Novo','2025-06-11 00:57:58','2025-06-11 00:57:58',1,71),(462,'2022-04-03','guardado',2019,'Novo','2025-06-11 00:57:58','2025-06-11 00:57:58',2,71),(463,'2023-05-07','guardado',2020,'Novo','2025-06-11 00:57:58','2025-06-11 00:57:58',3,72),(464,'2018-06-11','guardado',2015,'Boas condições','2025-06-11 00:57:58','2025-06-11 00:57:58',1,72),(465,'2019-07-15','guardado',2016,'Boas condições','2025-06-11 00:57:58','2025-06-11 00:57:58',2,72),(466,'2020-08-19','alocado',2017,'Parcialmente danificado','2025-06-11 00:57:58','2025-06-11 00:57:58',3,72),(467,'2021-09-23','guardado',2018,'Boas condições','2025-06-11 00:57:58','2025-06-11 00:57:58',1,72),(468,'2022-10-27','guardado',2019,'Novo','2025-06-11 00:57:58','2025-06-11 00:57:58',2,72),(469,'2017-11-01','alocado',2014,'Parcialmente danificado','2025-06-11 00:57:58','2025-06-11 00:57:58',3,73),(470,'2018-12-05','guardado',2015,'Boas condições','2025-06-11 00:57:58','2025-06-11 00:57:58',1,73),(471,'2019-01-09','guardado',2016,'Boas condições','2025-06-11 00:57:58','2025-06-11 00:57:58',2,73),(472,'2020-02-13','guardado',2017,'Boas condições','2025-06-11 00:57:58','2025-06-11 00:57:58',3,73),(473,'2021-03-17','guardado',2018,'Novo','2025-06-11 00:57:58','2025-06-11 00:57:58',1,73),(474,'2022-04-21','guardado',2019,'Novo','2025-06-11 00:57:58','2025-06-11 00:57:58',2,73),(475,'2023-05-25','guardado',2020,'Novo','2025-06-11 00:57:58','2025-06-11 00:57:58',3,74),(476,'2018-06-29','guardado',2015,'Boas condições','2025-06-11 00:57:58','2025-06-11 00:57:58',1,74),(477,'2019-07-03','guardado',2016,'Boas condições','2025-06-11 00:57:58','2025-06-11 00:57:58',2,74),(478,'2020-08-07','alocado',2017,'Parcialmente danificado','2025-06-11 00:57:58','2025-06-11 00:57:58',3,74),(479,'2021-09-11','guardado',2018,'Boas condições','2025-06-11 00:57:58','2025-06-11 00:57:58',1,74),(480,'2022-10-15','guardado',2019,'Novo','2025-06-11 00:57:58','2025-06-11 00:57:58',2,74),(481,'2017-11-19','alocado',2014,'Parcialmente danificado','2025-06-11 00:57:58','2025-06-11 00:57:58',3,75),(482,'2018-12-23','guardado',2015,'Boas condições','2025-06-11 00:57:58','2025-06-11 00:57:58',1,75),(483,'2019-01-27','guardado',2016,'Boas condições','2025-06-11 00:57:58','2025-06-11 00:57:58',2,75),(484,'2020-02-01','guardado',2017,'Boas condições','2025-06-11 00:57:58','2025-06-11 00:57:58',3,75),(485,'2021-03-07','guardado',2018,'Novo','2025-06-11 00:57:58','2025-06-11 00:57:58',1,75),(486,'2022-04-11','guardado',2019,'Novo','2025-06-11 00:57:58','2025-06-11 00:57:58',2,75),(487,'2023-05-15','guardado',2020,'Novo','2025-06-11 00:57:58','2025-06-11 00:57:58',3,76),(488,'2018-06-19','guardado',2015,'Boas condições','2025-06-11 00:57:58','2025-06-11 00:57:58',1,76),(489,'2019-07-23','guardado',2016,'Boas condições','2025-06-11 00:57:58','2025-06-11 00:57:58',2,76),(490,'2020-08-27','alocado',2017,'Parcialmente danificado','2025-06-11 00:57:58','2025-06-11 00:57:58',3,76),(491,'2021-09-30','guardado',2018,'Boas condições','2025-06-11 00:57:58','2025-06-11 00:57:58',1,76),(492,'2022-10-04','guardado',2019,'Novo','2025-06-11 00:57:58','2025-06-11 00:57:58',2,76),(493,'2017-11-08','alocado',2014,'Parcialmente danificado','2025-06-11 00:57:58','2025-06-11 00:57:58',3,77),(494,'2018-12-12','guardado',2015,'Boas condições','2025-06-11 00:57:58','2025-06-11 00:57:58',1,77),(495,'2019-01-16','guardado',2016,'Boas condições','2025-06-11 00:57:58','2025-06-11 00:57:58',2,77),(496,'2020-02-20','guardado',2017,'Boas condições','2025-06-11 00:57:58','2025-06-11 00:57:58',3,77),(497,'2021-03-24','guardado',2018,'Novo','2025-06-11 00:57:58','2025-06-11 00:57:58',1,77),(498,'2022-04-28','guardado',2019,'Novo','2025-06-11 00:57:58','2025-06-11 00:57:58',2,77),(499,'2023-05-02','guardado',2020,'Novo','2025-06-11 00:57:58','2025-06-11 00:57:58',3,78);
/*!40000 ALTER TABLE `volumes` ENABLE KEYS */;
UNLOCK TABLES;

--
-- Table structure for table `volumes_rentals`
--

DROP TABLE IF EXISTS `volumes_rentals`;
/*!40101 SET @saved_cs_client     = @@character_set_client */;
/*!40101 SET character_set_client = utf8 */;
CREATE TABLE `volumes_rentals` (
  `rental_id` int(11) NOT NULL,
  `volume_id` int(11) NOT NULL,
  `status` enum('emprestado','devolvido','atrasado','perdido') NOT NULL DEFAULT 'emprestado',
  PRIMARY KEY (`rental_id`,`volume_id`),
  KEY `fk_rentals_has_volumes_volumes1_idx` (`volume_id`),
  KEY `fk_rentals_has_volumes_rentals1_idx` (`rental_id`),
  CONSTRAINT `fk_rentals_has_volumes_rentals1` FOREIGN KEY (`rental_id`) REFERENCES `rentals` (`id`) ON DELETE NO ACTION ON UPDATE NO ACTION,
  CONSTRAINT `fk_rentals_has_volumes_volumes1` FOREIGN KEY (`volume_id`) REFERENCES `volumes` (`id`) ON DELETE NO ACTION ON UPDATE NO ACTION
) ENGINE=InnoDB DEFAULT CHARSET=armscii8 COLLATE=armscii8_general_ci;
/*!40101 SET character_set_client = @saved_cs_client */;

--
-- Dumping data for table `volumes_rentals`
--

LOCK TABLES `volumes_rentals` WRITE;
/*!40000 ALTER TABLE `volumes_rentals` DISABLE KEYS */;
INSERT INTO `volumes_rentals` VALUES (1,59,'atrasado'),(1,246,'atrasado'),(1,425,'atrasado'),(2,162,'atrasado'),(2,280,'atrasado'),(2,404,'atrasado'),(2,469,'atrasado'),(3,347,'atrasado'),(4,111,'atrasado'),(4,335,'atrasado'),(5,85,'atrasado'),(5,114,'atrasado'),(5,311,'atrasado'),(5,494,'atrasado'),(6,156,'atrasado'),(6,373,'atrasado'),(7,130,'atrasado'),(7,153,'atrasado'),(7,232,'atrasado'),(7,398,'atrasado'),(8,305,'atrasado'),(9,254,'atrasado'),(9,273,'atrasado'),(9,391,'atrasado'),(10,280,'atrasado'),(11,72,'atrasado'),(12,193,'atrasado'),(12,214,'atrasado'),(13,273,'atrasado'),(13,385,'atrasado'),(14,377,'atrasado'),(15,195,'atrasado'),(15,223,'atrasado'),(15,237,'atrasado'),(15,319,'atrasado'),(16,80,'atrasado'),(16,203,'atrasado'),(16,206,'atrasado'),(16,467,'atrasado'),(16,491,'atrasado'),(17,92,'atrasado'),(17,112,'atrasado'),(17,448,'atrasado'),(17,477,'atrasado'),(18,23,'atrasado'),(18,114,'atrasado'),(18,242,'atrasado'),(18,284,'atrasado'),(18,467,'atrasado'),(19,130,'atrasado'),(19,344,'atrasado'),(19,493,'atrasado'),(20,401,'atrasado'),(21,13,'atrasado'),(21,32,'atrasado'),(21,251,'atrasado'),(21,343,'atrasado'),(21,407,'atrasado'),(22,1,'atrasado'),(22,344,'atrasado'),(22,365,'atrasado'),(22,412,'atrasado'),(22,417,'atrasado'),(23,213,'atrasado'),(23,253,'atrasado'),(23,476,'atrasado'),(24,200,'atrasado'),(24,438,'atrasado'),(25,201,'atrasado'),(26,82,'atrasado'),(26,219,'atrasado'),(26,359,'atrasado'),(26,415,'atrasado'),(27,396,'atrasado'),(27,496,'atrasado'),(28,50,'atrasado'),(28,85,'atrasado'),(28,290,'atrasado'),(28,329,'atrasado'),(29,10,'atrasado'),(29,59,'atrasado'),(29,357,'atrasado'),(30,256,'atrasado'),(31,107,'atrasado'),(31,160,'atrasado'),(31,482,'atrasado'),(32,143,'atrasado'),(32,281,'atrasado'),(32,480,'atrasado'),(32,482,'atrasado'),(33,263,'atrasado'),(33,344,'atrasado'),(34,63,'atrasado'),(34,73,'atrasado'),(34,263,'atrasado'),(34,289,'atrasado'),(34,455,'atrasado'),(35,133,'atrasado'),(35,210,'atrasado'),(35,244,'atrasado'),(35,303,'atrasado'),(35,476,'atrasado'),(36,50,'atrasado'),(36,93,'atrasado'),(36,192,'atrasado'),(36,386,'atrasado'),(36,445,'atrasado'),(37,33,'atrasado'),(37,136,'atrasado'),(37,257,'atrasado'),(37,337,'atrasado'),(37,461,'atrasado'),(38,97,'atrasado'),(38,161,'atrasado'),(38,174,'atrasado'),(38,367,'atrasado'),(38,411,'atrasado'),(39,15,'atrasado'),(39,45,'atrasado'),(39,72,'atrasado'),(39,145,'atrasado'),(40,68,'atrasado'),(40,374,'atrasado'),(40,387,'atrasado'),(41,442,'atrasado'),(42,120,'atrasado'),(42,259,'atrasado'),(43,315,'atrasado'),(43,347,'atrasado'),(44,276,'atrasado'),(44,480,'atrasado'),(44,498,'atrasado'),(45,116,'atrasado'),(45,266,'atrasado'),(46,237,'atrasado'),(46,257,'atrasado'),(46,364,'atrasado'),(47,352,'atrasado'),(47,384,'atrasado'),(47,443,'atrasado'),(48,43,'atrasado'),(48,44,'atrasado'),(48,53,'atrasado'),(48,388,'atrasado'),(48,478,'atrasado'),(49,236,'atrasado'),(50,68,'atrasado'),(50,77,'atrasado'),(51,193,'atrasado'),(51,215,'atrasado'),(52,158,'atrasado'),(52,190,'atrasado'),(52,265,'atrasado'),(52,400,'atrasado'),(52,455,'atrasado'),(53,278,'atrasado'),(54,26,'atrasado'),(54,69,'atrasado'),(54,134,'atrasado'),(54,186,'atrasado'),(54,459,'atrasado'),(55,113,'atrasado'),(55,138,'atrasado'),(55,362,'atrasado'),(55,412,'atrasado'),(56,304,'atrasado'),(56,355,'atrasado'),(56,374,'atrasado'),(56,424,'atrasado'),(56,482,'atrasado'),(57,212,'atrasado'),(57,345,'atrasado'),(57,432,'atrasado'),(58,391,'atrasado'),(59,53,'atrasado'),(59,192,'atrasado'),(59,212,'atrasado'),(59,407,'atrasado'),(60,25,'atrasado'),(60,401,'atrasado'),(60,420,'atrasado'),(61,431,'atrasado'),(62,280,'atrasado'),(62,401,'atrasado'),(63,4,'atrasado'),(63,12,'atrasado'),(63,18,'atrasado'),(63,137,'atrasado'),(64,267,'atrasado'),(64,284,'atrasado'),(64,366,'atrasado'),(64,395,'atrasado'),(64,421,'atrasado'),(65,87,'atrasado'),(65,195,'atrasado'),(66,156,'atrasado'),(66,450,'atrasado'),(67,226,'atrasado'),(68,154,'atrasado'),(68,279,'atrasado'),(68,345,'atrasado'),(68,394,'atrasado'),(69,232,'atrasado'),(69,475,'atrasado'),(70,9,'atrasado'),(70,172,'atrasado'),(70,291,'atrasado'),(70,420,'atrasado'),(71,364,'atrasado'),(72,288,'atrasado'),(72,341,'atrasado'),(73,339,'atrasado'),(73,407,'atrasado'),(74,288,'atrasado'),(74,312,'atrasado'),(74,394,'atrasado'),(74,408,'atrasado'),(74,463,'atrasado'),(75,30,'atrasado'),(75,69,'atrasado'),(75,338,'atrasado'),(76,162,'atrasado'),(76,184,'atrasado'),(76,200,'atrasado'),(76,273,'atrasado'),(77,479,'atrasado'),(78,83,'atrasado'),(78,237,'atrasado'),(78,411,'atrasado'),(78,419,'atrasado'),(78,442,'atrasado'),(79,6,'atrasado'),(79,83,'atrasado'),(79,113,'atrasado'),(79,259,'atrasado'),(80,56,'atrasado'),(80,267,'atrasado'),(81,10,'atrasado'),(81,198,'atrasado'),(81,218,'atrasado'),(81,446,'atrasado'),(82,243,'atrasado'),(82,431,'atrasado'),(82,457,'atrasado'),(83,410,'atrasado'),(84,227,'atrasado'),(85,14,'atrasado'),(85,265,'atrasado'),(85,334,'atrasado'),(85,432,'atrasado'),(86,21,'atrasado'),(86,55,'atrasado'),(86,119,'atrasado'),(86,147,'atrasado'),(86,399,'atrasado'),(87,110,'atrasado'),(87,138,'atrasado'),(87,224,'atrasado'),(87,244,'atrasado'),(88,372,'atrasado'),(88,400,'atrasado'),(88,490,'atrasado'),(89,68,'atrasado'),(89,154,'atrasado'),(89,305,'atrasado'),(89,310,'atrasado'),(89,339,'atrasado'),(90,109,'atrasado'),(90,163,'atrasado'),(90,373,'atrasado'),(91,243,'atrasado'),(91,355,'atrasado'),(92,471,'atrasado'),(92,489,'atrasado'),(93,25,'atrasado'),(93,47,'atrasado'),(93,253,'atrasado'),(93,391,'atrasado'),(93,418,'atrasado'),(94,225,'atrasado'),(94,297,'atrasado'),(94,396,'atrasado'),(95,149,'atrasado'),(95,153,'atrasado'),(95,241,'atrasado'),(95,407,'atrasado'),(96,33,'atrasado'),(96,51,'atrasado'),(96,256,'atrasado'),(97,122,'atrasado'),(97,207,'atrasado'),(97,249,'atrasado'),(97,478,'atrasado'),(97,486,'atrasado'),(98,310,'atrasado'),(99,119,'atrasado'),(99,382,'atrasado'),(100,43,'atrasado'),(100,156,'atrasado'),(100,210,'atrasado'),(100,489,'atrasado'),(101,163,'atrasado'),(101,196,'atrasado'),(102,91,'atrasado'),(102,122,'atrasado'),(102,211,'atrasado'),(102,495,'atrasado'),(103,140,'atrasado'),(103,248,'atrasado'),(103,358,'atrasado'),(103,399,'atrasado'),(103,428,'atrasado'),(104,106,'atrasado'),(104,126,'atrasado'),(104,139,'atrasado'),(104,325,'atrasado'),(104,485,'atrasado'),(105,276,'atrasado'),(106,109,'atrasado'),(106,376,'atrasado'),(107,339,'atrasado'),(108,78,'atrasado'),(108,145,'atrasado'),(108,223,'atrasado'),(109,57,'atrasado'),(110,154,'atrasado'),(110,231,'atrasado'),(111,130,'atrasado'),(112,14,'atrasado'),(112,122,'atrasado'),(112,208,'atrasado'),(112,224,'atrasado'),(112,415,'atrasado'),(113,10,'atrasado'),(113,136,'atrasado'),(113,439,'atrasado'),(114,186,'atrasado'),(114,232,'atrasado'),(114,383,'atrasado'),(114,487,'atrasado'),(114,497,'atrasado'),(115,9,'atrasado'),(115,96,'atrasado'),(115,369,'atrasado'),(115,427,'atrasado'),(116,123,'atrasado'),(116,364,'atrasado'),(116,450,'atrasado'),(117,13,'atrasado'),(117,90,'atrasado'),(117,190,'atrasado'),(117,371,'atrasado'),(117,495,'atrasado'),(118,276,'atrasado'),(118,318,'atrasado'),(119,1,'atrasado'),(119,146,'atrasado'),(119,316,'atrasado'),(120,74,'atrasado'),(120,261,'atrasado'),(121,79,'atrasado'),(121,151,'atrasado'),(121,243,'atrasado'),(121,293,'atrasado'),(121,483,'atrasado'),(122,127,'atrasado'),(122,177,'atrasado'),(122,469,'atrasado'),(123,47,'atrasado'),(123,241,'atrasado'),(123,338,'atrasado'),(123,455,'atrasado'),(123,458,'atrasado'),(124,214,'atrasado'),(124,333,'atrasado'),(124,400,'atrasado'),(124,428,'atrasado'),(125,161,'atrasado'),(125,227,'atrasado'),(125,252,'atrasado'),(125,388,'atrasado'),(126,38,'atrasado'),(126,274,'atrasado'),(126,454,'atrasado'),(126,478,'atrasado'),(127,241,'atrasado'),(127,460,'atrasado'),(128,6,'atrasado'),(128,31,'atrasado'),(128,145,'atrasado'),(129,17,'atrasado'),(130,230,'atrasado'),(130,282,'atrasado'),(130,425,'atrasado'),(130,483,'atrasado'),(131,179,'atrasado'),(131,321,'atrasado'),(131,422,'atrasado'),(131,499,'atrasado'),(132,46,'atrasado'),(132,219,'atrasado'),(132,382,'atrasado'),(132,434,'atrasado'),(132,457,'atrasado'),(133,121,'atrasado'),(133,191,'atrasado'),(133,223,'atrasado'),(133,334,'atrasado'),(133,355,'atrasado'),(134,239,'atrasado'),(134,243,'atrasado'),(135,366,'atrasado'),(136,78,'atrasado'),(136,134,'atrasado'),(136,145,'atrasado'),(137,132,'atrasado'),(137,178,'atrasado'),(137,214,'atrasado'),(137,282,'atrasado'),(138,63,'atrasado'),(138,111,'atrasado'),(138,346,'atrasado'),(138,387,'atrasado'),(138,403,'atrasado'),(139,49,'atrasado'),(139,476,'atrasado'),(139,491,'atrasado'),(140,14,'atrasado'),(140,246,'atrasado'),(140,322,'atrasado'),(140,466,'atrasado'),(140,476,'atrasado'),(141,170,'atrasado'),(141,407,'atrasado'),(141,414,'atrasado'),(141,450,'atrasado'),(141,488,'atrasado'),(142,256,'atrasado'),(142,437,'atrasado'),(142,455,'atrasado'),(143,178,'atrasado'),(143,209,'atrasado'),(143,231,'atrasado'),(144,2,'atrasado'),(144,168,'atrasado'),(144,212,'atrasado'),(144,478,'atrasado'),(145,196,'atrasado'),(145,497,'atrasado'),(146,85,'atrasado'),(146,109,'atrasado'),(146,439,'atrasado'),(147,432,'atrasado'),(148,21,'atrasado'),(148,87,'atrasado'),(148,182,'atrasado'),(148,433,'atrasado'),(149,162,'atrasado'),(149,280,'atrasado'),(150,237,'atrasado'),(150,285,'atrasado'),(151,89,'atrasado'),(151,140,'atrasado'),(151,210,'atrasado'),(151,316,'atrasado'),(151,472,'atrasado'),(152,20,'atrasado'),(152,117,'atrasado'),(152,296,'atrasado'),(152,420,'atrasado'),(153,249,'atrasado'),(153,313,'atrasado'),(153,368,'atrasado'),(154,172,'atrasado'),(154,221,'atrasado'),(154,330,'atrasado'),(154,384,'atrasado'),(154,417,'atrasado'),(155,93,'atrasado'),(155,105,'atrasado'),(155,159,'atrasado'),(155,408,'atrasado'),(155,452,'atrasado'),(156,73,'atrasado'),(156,164,'atrasado'),(157,295,'atrasado'),(157,393,'atrasado'),(157,436,'atrasado'),(158,134,'atrasado'),(158,391,'atrasado'),(159,189,'atrasado'),(160,46,'atrasado'),(160,260,'atrasado'),(160,350,'atrasado'),(161,298,'atrasado'),(162,420,'atrasado'),(163,18,'atrasado'),(163,20,'atrasado'),(163,188,'atrasado'),(164,53,'atrasado'),(164,291,'atrasado'),(164,333,'atrasado'),(164,437,'atrasado'),(164,442,'atrasado'),(165,2,'atrasado'),(165,371,'atrasado'),(165,425,'atrasado'),(165,439,'atrasado'),(166,208,'atrasado'),(166,243,'atrasado'),(167,82,'atrasado'),(167,192,'atrasado'),(167,264,'atrasado'),(168,64,'atrasado'),(168,297,'atrasado'),(168,435,'atrasado'),(168,474,'atrasado'),(169,231,'atrasado'),(169,337,'atrasado'),(169,440,'atrasado'),(170,238,'atrasado'),(170,389,'atrasado'),(170,434,'atrasado'),(171,453,'atrasado'),(171,496,'atrasado'),(172,250,'atrasado'),(172,363,'atrasado'),(172,467,'atrasado'),(172,496,'atrasado'),(173,433,'atrasado'),(174,78,'atrasado'),(174,131,'atrasado'),(174,334,'atrasado'),(174,471,'atrasado'),(175,136,'atrasado'),(175,195,'atrasado'),(175,405,'atrasado'),(175,443,'atrasado'),(175,444,'atrasado'),(176,224,'atrasado'),(176,487,'atrasado'),(177,69,'atrasado'),(177,243,'atrasado'),(177,336,'atrasado'),(178,101,'atrasado'),(178,143,'atrasado'),(178,263,'atrasado'),(179,205,'atrasado'),(179,298,'atrasado'),(179,410,'atrasado'),(180,197,'atrasado'),(180,335,'atrasado'),(180,356,'atrasado'),(181,161,'atrasado'),(181,163,'atrasado'),(181,293,'atrasado'),(181,453,'atrasado'),(182,107,'atrasado'),(182,479,'atrasado'),(183,220,'atrasado'),(183,289,'atrasado'),(183,294,'atrasado'),(184,15,'atrasado'),(184,139,'atrasado'),(184,219,'atrasado'),(184,253,'atrasado'),(184,405,'atrasado'),(185,221,'atrasado'),(185,275,'atrasado'),(185,322,'atrasado'),(185,400,'atrasado'),(185,478,'atrasado'),(186,401,'atrasado'),(187,105,'atrasado'),(187,122,'atrasado'),(187,197,'atrasado'),(187,247,'atrasado'),(187,250,'atrasado'),(188,91,'atrasado'),(188,142,'atrasado'),(188,245,'atrasado'),(189,67,'atrasado'),(189,111,'atrasado'),(189,402,'atrasado'),(189,408,'atrasado'),(190,81,'atrasado'),(190,165,'atrasado'),(190,389,'atrasado'),(191,5,'atrasado'),(191,387,'atrasado'),(192,16,'atrasado'),(192,296,'atrasado'),(192,419,'atrasado'),(193,6,'atrasado'),(193,119,'atrasado'),(193,120,'atrasado'),(193,458,'atrasado'),(194,251,'atrasado'),(194,461,'atrasado'),(195,185,'atrasado'),(195,315,'atrasado'),(195,467,'atrasado'),(196,97,'atrasado'),(196,123,'atrasado'),(196,136,'atrasado'),(196,334,'atrasado'),(196,458,'atrasado'),(197,8,'atrasado'),(198,50,'atrasado'),(198,61,'atrasado'),(199,190,'atrasado'),(199,305,'atrasado'),(199,390,'atrasado'),(199,417,'atrasado'),(200,162,'atrasado'),(200,273,'atrasado'),(200,326,'atrasado'),(201,1,'atrasado'),(201,4,'atrasado'),(201,164,'atrasado'),(201,192,'atrasado'),(201,284,'atrasado'),(202,55,'atrasado'),(202,408,'atrasado'),(202,419,'atrasado'),(203,108,'atrasado'),(203,240,'atrasado'),(203,252,'atrasado'),(203,281,'atrasado'),(203,394,'atrasado'),(204,184,'atrasado'),(205,43,'atrasado'),(205,470,'atrasado'),(205,474,'atrasado'),(206,2,'atrasado'),(206,263,'atrasado'),(206,347,'atrasado'),(207,157,'atrasado'),(208,13,'atrasado'),(208,57,'atrasado'),(208,106,'atrasado'),(208,300,'atrasado'),(208,333,'atrasado'),(209,104,'atrasado'),(209,341,'atrasado'),(210,111,'atrasado'),(211,60,'atrasado'),(211,188,'atrasado'),(211,239,'atrasado'),(211,396,'atrasado'),(211,464,'atrasado'),(212,45,'atrasado'),(212,347,'atrasado'),(212,375,'atrasado'),(212,389,'atrasado'),(213,45,'atrasado'),(213,157,'atrasado'),(213,191,'atrasado'),(213,428,'atrasado'),(214,221,'atrasado'),(214,292,'atrasado'),(214,343,'atrasado'),(214,435,'atrasado'),(214,484,'atrasado'),(215,145,'atrasado'),(215,200,'atrasado'),(215,355,'atrasado'),(215,400,'atrasado'),(216,62,'atrasado'),(217,177,'atrasado'),(217,225,'atrasado'),(217,272,'atrasado'),(217,355,'atrasado'),(218,149,'atrasado'),(218,172,'atrasado'),(218,411,'atrasado'),(218,465,'atrasado'),(219,21,'atrasado'),(219,100,'atrasado'),(219,113,'atrasado'),(219,190,'atrasado'),(219,306,'atrasado'),(220,59,'atrasado'),(220,336,'atrasado'),(220,430,'atrasado'),(220,453,'atrasado'),(221,79,'atrasado'),(221,81,'atrasado'),(221,184,'atrasado'),(221,277,'atrasado'),(221,462,'atrasado'),(222,204,'atrasado'),(222,380,'atrasado'),(222,451,'atrasado'),(223,452,'atrasado'),(224,4,'atrasado'),(224,166,'atrasado'),(224,194,'atrasado'),(224,490,'atrasado'),(225,172,'atrasado'),(225,357,'atrasado'),(225,365,'atrasado'),(226,79,'atrasado'),(226,103,'atrasado'),(226,154,'atrasado'),(226,342,'atrasado'),(226,356,'atrasado'),(227,399,'atrasado'),(228,254,'atrasado'),(229,134,'atrasado'),(230,96,'atrasado'),(230,232,'atrasado'),(230,330,'atrasado'),(230,424,'atrasado'),(230,458,'atrasado'),(231,11,'atrasado'),(231,151,'atrasado'),(231,257,'atrasado'),(231,371,'atrasado'),(232,186,'atrasado'),(232,194,'atrasado'),(232,264,'atrasado'),(232,348,'atrasado'),(233,63,'atrasado'),(233,66,'atrasado'),(233,281,'atrasado'),(233,393,'atrasado'),(234,34,'atrasado'),(234,81,'atrasado'),(234,264,'atrasado'),(234,392,'atrasado'),(235,136,'atrasado'),(235,216,'atrasado'),(235,246,'atrasado'),(235,354,'atrasado'),(235,439,'atrasado'),(236,393,'atrasado'),(236,401,'atrasado'),(236,425,'atrasado'),(237,35,'atrasado'),(237,482,'atrasado'),(238,287,'atrasado'),(238,378,'atrasado'),(238,403,'atrasado'),(238,416,'atrasado'),(239,97,'atrasado'),(239,112,'atrasado'),(239,486,'atrasado'),(240,4,'atrasado'),(240,185,'atrasado'),(240,381,'atrasado'),(240,424,'atrasado'),(241,87,'atrasado'),(241,238,'atrasado'),(241,415,'atrasado'),(242,158,'atrasado'),(242,366,'atrasado'),(243,116,'atrasado'),(243,215,'atrasado'),(243,313,'atrasado'),(243,385,'atrasado'),(243,471,'atrasado'),(244,61,'atrasado'),(244,75,'atrasado'),(244,384,'atrasado'),(245,361,'atrasado'),(246,35,'atrasado'),(246,204,'atrasado'),(246,289,'atrasado'),(247,219,'atrasado'),(247,275,'atrasado'),(247,330,'atrasado'),(247,417,'atrasado'),(247,479,'atrasado'),(248,4,'atrasado'),(248,49,'atrasado'),(248,248,'atrasado'),(248,317,'atrasado'),(249,44,'atrasado'),(249,405,'atrasado'),(250,191,'atrasado'),(250,466,'atrasado'),(251,16,'atrasado'),(251,70,'atrasado'),(251,78,'atrasado'),(251,455,'atrasado'),(252,349,'atrasado'),(253,85,'atrasado'),(253,463,'atrasado'),(254,116,'atrasado'),(254,254,'atrasado'),(254,312,'atrasado'),(254,313,'atrasado'),(255,84,'atrasado'),(255,136,'atrasado'),(255,329,'atrasado'),(256,53,'atrasado'),(256,224,'atrasado'),(257,82,'atrasado'),(257,191,'atrasado'),(257,256,'atrasado'),(257,355,'atrasado'),(257,413,'atrasado'),(258,133,'atrasado'),(259,16,'atrasado'),(259,141,'atrasado'),(259,230,'atrasado'),(259,288,'atrasado'),(259,431,'atrasado'),(260,104,'atrasado'),(260,479,'atrasado'),(261,1,'atrasado'),(261,48,'atrasado'),(261,331,'atrasado'),(261,379,'atrasado'),(261,490,'atrasado'),(262,304,'atrasado'),(262,435,'atrasado'),(263,121,'atrasado'),(263,203,'atrasado'),(264,48,'atrasado'),(264,388,'atrasado'),(265,49,'atrasado'),(265,198,'atrasado'),(265,371,'atrasado'),(265,418,'atrasado'),(265,499,'atrasado'),(266,261,'atrasado'),(266,282,'atrasado'),(266,332,'atrasado'),(267,161,'atrasado'),(267,376,'atrasado'),(267,396,'atrasado'),(267,459,'atrasado'),(268,242,'atrasado'),(268,280,'atrasado'),(269,203,'atrasado'),(270,397,'atrasado'),(271,3,'atrasado'),(271,42,'atrasado'),(271,158,'atrasado'),(271,172,'atrasado'),(271,424,'atrasado'),(272,79,'atrasado'),(272,140,'atrasado'),(272,265,'atrasado'),(272,472,'atrasado'),(273,219,'atrasado'),(273,363,'atrasado'),(273,462,'atrasado'),(274,14,'atrasado'),(274,342,'atrasado'),(274,442,'atrasado'),(275,320,'atrasado'),(276,3,'atrasado'),(276,6,'atrasado'),(276,189,'atrasado'),(276,339,'atrasado'),(277,78,'atrasado'),(277,119,'atrasado'),(277,186,'atrasado'),(277,207,'atrasado'),(278,70,'atrasado'),(278,286,'atrasado'),(278,377,'atrasado'),(278,434,'atrasado'),(278,449,'atrasado'),(279,214,'atrasado'),(279,440,'atrasado'),(279,441,'atrasado'),(280,65,'atrasado'),(280,328,'atrasado'),(280,365,'atrasado'),(281,341,'atrasado'),(281,373,'atrasado'),(282,145,'atrasado'),(282,163,'atrasado'),(282,261,'atrasado'),(282,289,'atrasado'),(283,9,'atrasado'),(283,52,'atrasado'),(283,141,'atrasado'),(283,483,'atrasado'),(284,119,'atrasado'),(284,334,'atrasado'),(285,5,'atrasado'),(285,353,'atrasado'),(286,167,'atrasado'),(286,191,'atrasado'),(286,223,'atrasado'),(286,459,'atrasado'),(287,104,'atrasado'),(287,404,'atrasado'),(288,92,'atrasado'),(288,116,'atrasado'),(288,154,'atrasado'),(288,286,'atrasado'),(288,338,'atrasado'),(289,53,'atrasado'),(289,59,'atrasado'),(289,268,'atrasado'),(289,395,'atrasado'),(289,474,'atrasado'),(290,302,'atrasado'),(291,185,'atrasado'),(292,11,'atrasado'),(292,15,'atrasado'),(292,18,'atrasado'),(292,160,'atrasado'),(292,191,'atrasado'),(293,60,'atrasado'),(293,100,'atrasado'),(293,103,'atrasado'),(293,364,'atrasado'),(294,118,'atrasado'),(294,162,'atrasado'),(294,190,'atrasado'),(295,453,'atrasado'),(295,474,'atrasado'),(296,228,'atrasado'),(296,433,'atrasado'),(296,448,'atrasado'),(297,9,'atrasado'),(297,116,'atrasado'),(297,330,'atrasado'),(297,371,'atrasado'),(297,475,'atrasado'),(298,107,'atrasado'),(298,210,'atrasado'),(299,428,'atrasado'),(300,484,'atrasado'),(301,212,'atrasado'),(301,475,'atrasado'),(302,68,'atrasado'),(302,106,'atrasado'),(302,178,'atrasado'),(302,312,'atrasado'),(302,415,'atrasado'),(303,223,'atrasado'),(303,272,'atrasado'),(304,459,'atrasado'),(305,6,'atrasado'),(305,130,'atrasado'),(306,76,'atrasado'),(306,436,'atrasado'),(307,84,'atrasado'),(307,114,'atrasado'),(307,279,'atrasado'),(307,396,'atrasado'),(308,151,'atrasado'),(308,180,'atrasado'),(308,337,'atrasado'),(308,405,'atrasado'),(309,157,'atrasado'),(309,365,'atrasado'),(310,277,'atrasado'),(311,65,'atrasado'),(311,99,'atrasado'),(311,288,'atrasado'),(311,320,'atrasado'),(311,328,'atrasado'),(312,8,'atrasado'),(313,487,'atrasado'),(314,269,'atrasado'),(314,276,'atrasado'),(315,38,'atrasado'),(315,63,'atrasado'),(315,78,'atrasado'),(315,334,'atrasado'),(316,127,'atrasado'),(316,142,'atrasado'),(316,283,'atrasado'),(317,180,'atrasado'),(317,185,'atrasado'),(317,243,'atrasado'),(317,290,'atrasado'),(317,308,'atrasado'),(318,186,'atrasado'),(319,17,'atrasado'),(319,134,'atrasado'),(319,192,'atrasado'),(320,371,'atrasado'),(320,444,'atrasado'),(320,450,'atrasado'),(321,187,'atrasado'),(321,204,'atrasado'),(321,342,'atrasado'),(321,376,'atrasado'),(321,413,'atrasado'),(322,149,'atrasado'),(322,328,'atrasado'),(323,10,'atrasado'),(323,100,'atrasado'),(323,136,'atrasado'),(323,266,'atrasado'),(323,490,'atrasado'),(324,248,'atrasado'),(324,277,'atrasado'),(324,397,'atrasado'),(324,413,'atrasado'),(324,414,'atrasado'),(325,365,'atrasado'),(326,157,'atrasado'),(326,169,'atrasado'),(326,413,'atrasado'),(327,67,'atrasado'),(327,332,'atrasado'),(328,347,'atrasado'),(328,479,'atrasado'),(329,33,'atrasado'),(329,134,'atrasado'),(329,234,'atrasado'),(329,354,'atrasado'),(329,417,'atrasado'),(330,174,'atrasado'),(330,291,'atrasado'),(330,409,'atrasado'),(331,3,'atrasado'),(331,386,'atrasado'),(331,498,'atrasado'),(332,264,'atrasado'),(332,273,'atrasado'),(332,414,'atrasado'),(333,48,'atrasado'),(334,390,'atrasado'),(335,143,'atrasado'),(335,172,'atrasado'),(335,303,'atrasado'),(335,325,'atrasado'),(336,279,'atrasado'),(336,396,'atrasado'),(336,410,'atrasado'),(337,150,'atrasado'),(337,152,'atrasado'),(338,89,'atrasado'),(338,144,'atrasado'),(338,319,'atrasado'),(338,358,'atrasado'),(338,384,'atrasado'),(339,252,'atrasado'),(339,400,'atrasado'),(339,464,'atrasado'),(340,103,'atrasado'),(340,125,'atrasado'),(340,232,'atrasado'),(340,478,'atrasado'),(341,398,'atrasado'),(342,326,'atrasado'),(343,414,'atrasado'),(344,232,'atrasado'),(344,461,'atrasado'),(345,21,'atrasado'),(345,137,'atrasado'),(345,155,'atrasado'),(345,165,'atrasado'),(345,170,'atrasado'),(346,211,'atrasado'),(346,266,'atrasado'),(346,448,'atrasado'),(347,216,'atrasado'),(348,88,'atrasado'),(349,431,'atrasado'),(350,323,'atrasado'),(351,20,'atrasado'),(352,325,'atrasado'),(353,196,'atrasado'),(354,117,'atrasado'),(354,265,'atrasado'),(354,362,'atrasado'),(355,486,'atrasado'),(356,209,'atrasado'),(356,249,'atrasado'),(357,104,'atrasado'),(357,106,'atrasado'),(358,261,'atrasado'),(358,442,'atrasado'),(359,91,'atrasado'),(359,154,'atrasado'),(359,262,'atrasado'),(359,473,'atrasado'),(360,423,'atrasado'),(361,14,'atrasado'),(361,17,'atrasado'),(361,246,'atrasado'),(362,177,'atrasado'),(362,312,'atrasado'),(362,329,'atrasado'),(363,140,'atrasado'),(363,156,'atrasado'),(363,240,'atrasado'),(363,370,'atrasado'),(363,488,'atrasado'),(364,138,'atrasado'),(364,185,'atrasado'),(364,192,'atrasado'),(364,210,'atrasado'),(364,401,'atrasado'),(365,451,'atrasado'),(365,471,'atrasado'),(365,499,'atrasado'),(366,101,'atrasado'),(366,227,'atrasado'),(366,312,'atrasado'),(367,282,'atrasado'),(367,447,'atrasado'),(367,475,'atrasado'),(368,6,'atrasado'),(368,235,'atrasado'),(368,242,'atrasado'),(369,265,'atrasado'),(369,297,'atrasado'),(369,352,'atrasado'),(369,401,'atrasado'),(369,452,'atrasado'),(370,40,'atrasado'),(370,240,'atrasado'),(370,266,'atrasado'),(370,356,'atrasado'),(370,390,'atrasado'),(371,147,'atrasado'),(371,278,'atrasado'),(371,296,'atrasado'),(371,425,'atrasado'),(372,253,'atrasado'),(372,314,'atrasado'),(372,376,'atrasado'),(373,47,'atrasado'),(373,64,'atrasado'),(373,138,'atrasado'),(373,426,'atrasado'),(373,464,'atrasado'),(374,11,'atrasado'),(374,65,'atrasado'),(374,348,'atrasado'),(375,36,'atrasado'),(375,163,'atrasado'),(375,254,'atrasado'),(375,351,'atrasado'),(375,472,'atrasado'),(376,67,'atrasado'),(376,251,'atrasado'),(376,294,'atrasado'),(376,299,'atrasado'),(376,411,'atrasado'),(377,69,'atrasado'),(377,273,'atrasado'),(377,280,'atrasado'),(377,309,'atrasado'),(378,409,'atrasado'),(379,258,'atrasado'),(380,96,'atrasado'),(380,134,'atrasado'),(380,475,'atrasado'),(381,28,'atrasado'),(382,477,'atrasado'),(383,289,'atrasado'),(383,325,'atrasado'),(384,463,'atrasado'),(385,187,'atrasado'),(386,113,'atrasado'),(386,228,'atrasado'),(387,274,'atrasado'),(387,437,'atrasado'),(387,444,'atrasado'),(388,32,'atrasado'),(388,121,'atrasado'),(388,271,'atrasado'),(388,370,'atrasado'),(389,94,'atrasado'),(389,230,'atrasado'),(389,331,'atrasado'),(390,221,'atrasado'),(390,447,'atrasado'),(391,222,'atrasado'),(392,23,'atrasado'),(392,232,'atrasado'),(393,260,'atrasado'),(393,367,'atrasado'),(393,385,'atrasado'),(393,387,'atrasado'),(394,87,'atrasado'),(394,264,'atrasado'),(394,485,'atrasado'),(395,203,'atrasado'),(395,315,'atrasado'),(395,318,'atrasado'),(396,39,'atrasado'),(396,157,'atrasado'),(396,277,'atrasado'),(397,168,'atrasado'),(397,337,'atrasado'),(397,370,'atrasado'),(398,20,'atrasado'),(398,42,'atrasado'),(399,318,'atrasado'),(400,59,'atrasado'),(400,317,'atrasado'),(400,368,'atrasado'),(401,73,'atrasado'),(401,175,'atrasado'),(401,192,'atrasado'),(401,237,'atrasado'),(401,304,'atrasado'),(402,337,'atrasado'),(403,196,'atrasado'),(404,67,'atrasado'),(404,180,'atrasado'),(404,257,'atrasado'),(404,283,'atrasado'),(404,336,'atrasado'),(405,182,'atrasado'),(405,204,'atrasado'),(405,404,'atrasado'),(406,218,'atrasado'),(406,226,'atrasado'),(406,246,'atrasado'),(406,371,'atrasado'),(406,438,'atrasado'),(407,61,'atrasado'),(407,74,'atrasado'),(407,261,'atrasado'),(407,376,'atrasado'),(408,47,'atrasado'),(408,64,'atrasado'),(408,355,'atrasado'),(408,382,'atrasado'),(409,113,'atrasado'),(409,347,'atrasado'),(410,16,'atrasado'),(411,92,'atrasado'),(411,190,'atrasado'),(412,11,'atrasado'),(412,59,'atrasado'),(412,91,'atrasado'),(412,179,'atrasado'),(412,366,'atrasado'),(413,126,'atrasado'),(413,175,'atrasado'),(414,1,'atrasado'),(414,313,'atrasado'),(414,359,'atrasado'),(415,233,'atrasado'),(416,31,'atrasado'),(416,124,'atrasado'),(416,213,'atrasado'),(417,20,'atrasado'),(417,191,'atrasado'),(417,247,'atrasado'),(417,404,'atrasado'),(418,32,'atrasado'),(418,316,'atrasado'),(418,489,'atrasado'),(419,116,'atrasado'),(419,122,'atrasado'),(419,345,'atrasado'),(419,354,'atrasado'),(420,182,'atrasado'),(420,311,'atrasado'),(420,318,'atrasado'),(420,358,'atrasado'),(420,435,'atrasado'),(421,150,'atrasado'),(421,295,'atrasado'),(421,299,'atrasado'),(421,350,'atrasado'),(421,468,'atrasado'),(422,98,'atrasado'),(422,221,'atrasado'),(422,296,'atrasado'),(422,372,'atrasado'),(422,434,'atrasado'),(423,109,'atrasado'),(423,351,'atrasado'),(423,380,'atrasado'),(424,150,'atrasado'),(424,151,'atrasado'),(424,445,'atrasado'),(425,13,'atrasado'),(425,252,'atrasado'),(426,25,'atrasado'),(426,64,'atrasado'),(426,274,'atrasado'),(427,55,'atrasado'),(427,210,'atrasado'),(427,231,'atrasado'),(427,322,'atrasado'),(428,29,'atrasado'),(428,191,'atrasado'),(429,348,'atrasado'),(430,89,'atrasado'),(430,91,'atrasado'),(430,269,'atrasado'),(430,271,'atrasado'),(430,272,'atrasado'),(431,113,'atrasado'),(431,214,'atrasado'),(431,418,'atrasado'),(431,473,'atrasado'),(432,254,'atrasado'),(433,258,'atrasado'),(433,412,'atrasado'),(434,48,'atrasado'),(434,56,'atrasado'),(434,154,'atrasado'),(434,244,'atrasado'),(435,138,'atrasado'),(435,245,'atrasado'),(435,247,'atrasado'),(435,429,'atrasado'),(436,50,'atrasado'),(436,392,'atrasado'),(436,457,'atrasado'),(437,216,'atrasado'),(438,33,'atrasado'),(438,54,'atrasado'),(438,188,'atrasado'),(438,217,'atrasado'),(438,492,'atrasado'),(439,142,'atrasado'),(440,154,'atrasado'),(441,91,'atrasado'),(441,126,'atrasado'),(441,371,'atrasado'),(441,493,'atrasado'),(442,73,'atrasado'),(442,98,'atrasado'),(442,144,'atrasado'),(442,342,'atrasado'),(442,418,'atrasado'),(443,48,'atrasado'),(443,143,'atrasado'),(443,179,'atrasado'),(443,206,'atrasado'),(443,425,'atrasado'),(444,95,'atrasado'),(444,123,'atrasado'),(444,157,'atrasado'),(444,162,'atrasado'),(444,492,'atrasado'),(445,94,'atrasado'),(445,265,'atrasado'),(445,367,'atrasado'),(446,86,'atrasado'),(446,139,'atrasado'),(446,150,'atrasado'),(446,333,'atrasado'),(446,356,'atrasado'),(447,82,'atrasado'),(448,132,'atrasado'),(448,281,'atrasado'),(448,285,'atrasado'),(448,399,'atrasado'),(449,130,'atrasado'),(449,335,'atrasado'),(449,381,'atrasado'),(450,6,'atrasado'),(450,58,'atrasado'),(451,78,'atrasado'),(451,216,'atrasado'),(451,296,'atrasado'),(451,382,'atrasado'),(452,35,'atrasado'),(452,134,'atrasado'),(452,388,'atrasado'),(452,460,'atrasado'),(453,111,'atrasado'),(453,260,'atrasado'),(454,321,'atrasado'),(454,359,'atrasado'),(454,432,'atrasado'),(455,145,'atrasado'),(455,317,'atrasado'),(455,393,'atrasado'),(456,50,'atrasado'),(457,324,'atrasado'),(458,215,'atrasado'),(458,233,'atrasado'),(458,449,'atrasado'),(458,465,'atrasado'),(459,307,'atrasado'),(460,80,'atrasado'),(460,84,'atrasado'),(460,411,'atrasado'),(461,68,'atrasado'),(461,122,'atrasado'),(461,329,'atrasado'),(461,450,'atrasado'),(462,303,'atrasado'),(462,406,'atrasado'),(463,28,'atrasado'),(463,88,'atrasado'),(463,172,'atrasado'),(463,298,'atrasado'),(463,402,'atrasado'),(464,134,'atrasado'),(465,248,'atrasado'),(466,365,'atrasado'),(467,133,'atrasado'),(468,3,'atrasado'),(469,60,'atrasado'),(469,65,'atrasado'),(470,279,'atrasado'),(470,306,'atrasado'),(471,196,'atrasado'),(471,227,'atrasado'),(472,17,'atrasado'),(472,260,'atrasado'),(472,384,'atrasado'),(472,408,'atrasado'),(473,321,'atrasado'),(473,446,'atrasado'),(473,460,'atrasado'),(474,136,'atrasado'),(474,203,'atrasado'),(475,74,'atrasado'),(476,315,'atrasado'),(476,326,'atrasado'),(477,148,'atrasado'),(478,4,'atrasado'),(478,60,'atrasado'),(478,493,'atrasado'),(479,100,'atrasado'),(479,305,'atrasado'),(479,418,'atrasado'),(479,477,'atrasado'),(480,471,'atrasado'),(481,166,'atrasado'),(482,173,'atrasado'),(482,182,'atrasado'),(482,227,'atrasado'),(482,353,'atrasado'),(482,476,'atrasado'),(483,4,'atrasado'),(483,37,'atrasado'),(483,308,'atrasado'),(483,418,'atrasado'),(484,151,'atrasado'),(485,168,'atrasado'),(485,361,'atrasado'),(486,186,'atrasado'),(486,272,'atrasado'),(486,382,'atrasado'),(486,396,'atrasado'),(487,50,'atrasado'),(487,80,'atrasado'),(487,113,'atrasado'),(487,280,'atrasado'),(487,301,'atrasado'),(488,29,'atrasado'),(488,118,'atrasado'),(488,139,'atrasado'),(488,263,'atrasado'),(488,315,'atrasado'),(489,433,'atrasado'),(489,488,'atrasado'),(490,3,'atrasado'),(490,122,'atrasado'),(490,183,'atrasado'),(491,306,'atrasado'),(491,377,'atrasado'),(492,313,'atrasado'),(492,388,'atrasado'),(492,468,'atrasado'),(493,280,'atrasado'),(494,60,'atrasado'),(494,304,'atrasado'),(494,410,'atrasado'),(494,426,'atrasado'),(495,72,'atrasado'),(495,235,'atrasado'),(495,324,'atrasado'),(496,279,'atrasado'),(496,366,'atrasado'),(497,380,'atrasado'),(498,8,'atrasado'),(499,177,'atrasado'),(500,2,'atrasado'),(501,122,'atrasado'),(502,149,'atrasado'),(502,269,'atrasado'),(502,296,'atrasado'),(502,348,'atrasado'),(503,173,'atrasado'),(503,194,'atrasado'),(503,248,'atrasado'),(503,378,'atrasado'),(504,335,'atrasado'),(504,446,'atrasado'),(505,54,'atrasado'),(505,98,'atrasado'),(505,422,'atrasado'),(505,486,'atrasado'),(506,193,'atrasado'),(506,306,'atrasado'),(507,249,'atrasado'),(508,233,'atrasado'),(509,39,'atrasado'),(509,125,'atrasado'),(509,163,'atrasado'),(509,370,'atrasado'),(509,499,'atrasado'),(510,225,'atrasado'),(511,393,'atrasado'),(512,224,'atrasado'),(513,59,'atrasado'),(513,270,'atrasado'),(513,460,'atrasado'),(514,148,'atrasado'),(514,161,'atrasado'),(514,383,'atrasado'),(514,436,'atrasado'),(515,44,'atrasado'),(515,88,'atrasado'),(515,130,'atrasado'),(515,232,'atrasado'),(515,263,'atrasado'),(516,124,'atrasado'),(516,175,'atrasado'),(516,457,'atrasado'),(516,475,'atrasado'),(517,471,'atrasado'),(518,210,'atrasado'),(518,257,'atrasado'),(518,495,'atrasado'),(519,169,'atrasado'),(519,220,'atrasado'),(519,283,'atrasado'),(519,288,'atrasado'),(520,336,'atrasado'),(521,79,'atrasado'),(521,87,'atrasado'),(521,315,'atrasado'),(521,393,'atrasado'),(521,446,'atrasado'),(522,1,'atrasado'),(522,160,'atrasado'),(522,429,'atrasado'),(523,2,'atrasado'),(523,294,'atrasado'),(523,348,'atrasado'),(523,371,'atrasado'),(523,392,'atrasado'),(524,122,'atrasado'),(524,215,'atrasado'),(524,240,'atrasado'),(524,297,'atrasado'),(524,452,'atrasado'),(525,145,'atrasado'),(525,330,'atrasado'),(525,379,'atrasado'),(525,421,'atrasado'),(526,8,'atrasado'),(526,138,'atrasado'),(526,469,'atrasado'),(527,157,'atrasado'),(527,390,'atrasado'),(527,437,'atrasado'),(528,78,'atrasado'),(528,126,'atrasado'),(528,195,'atrasado'),(528,303,'atrasado'),(529,164,'atrasado'),(530,381,'atrasado'),(530,403,'atrasado'),(530,408,'atrasado'),(530,464,'atrasado'),(531,268,'atrasado'),(532,35,'atrasado'),(532,76,'atrasado'),(532,110,'atrasado'),(532,145,'atrasado'),(532,267,'atrasado'),(533,97,'atrasado'),(533,368,'atrasado'),(533,382,'atrasado'),(533,448,'atrasado'),(534,178,'atrasado'),(534,205,'atrasado'),(534,362,'atrasado'),(535,64,'atrasado'),(535,101,'atrasado'),(535,131,'atrasado'),(535,414,'atrasado'),(536,73,'atrasado'),(536,75,'atrasado'),(536,347,'atrasado'),(536,477,'atrasado'),(537,167,'atrasado'),(537,187,'atrasado'),(537,235,'atrasado'),(538,116,'atrasado'),(538,170,'atrasado'),(538,195,'atrasado'),(538,465,'atrasado'),(539,195,'atrasado'),(540,314,'atrasado'),(541,333,'atrasado'),(542,258,'atrasado'),(542,399,'atrasado'),(543,67,'atrasado'),(543,109,'atrasado'),(544,405,'atrasado'),(545,281,'atrasado'),(545,346,'atrasado'),(545,364,'atrasado'),(545,373,'atrasado'),(546,53,'atrasado'),(546,184,'atrasado'),(546,186,'atrasado'),(546,291,'atrasado'),(546,303,'atrasado'),(547,284,'atrasado'),(548,210,'atrasado'),(548,314,'atrasado'),(548,356,'atrasado'),(549,58,'atrasado'),(549,79,'atrasado'),(549,165,'atrasado'),(550,47,'atrasado'),(550,325,'atrasado'),(550,360,'atrasado'),(550,412,'atrasado'),(551,73,'atrasado'),(551,269,'atrasado'),(551,291,'atrasado'),(551,325,'atrasado'),(551,412,'atrasado'),(552,435,'atrasado'),(552,445,'atrasado'),(553,75,'atrasado'),(553,149,'atrasado'),(553,238,'atrasado'),(553,367,'atrasado'),(553,478,'atrasado'),(554,135,'atrasado'),(554,401,'atrasado'),(555,46,'atrasado'),(555,94,'atrasado'),(555,198,'atrasado'),(556,10,'atrasado'),(556,30,'atrasado'),(556,206,'atrasado'),(556,286,'atrasado'),(556,425,'atrasado'),(557,286,'atrasado'),(558,116,'atrasado'),(558,253,'atrasado'),(558,416,'atrasado'),(559,291,'atrasado'),(559,307,'atrasado'),(559,342,'atrasado'),(559,370,'atrasado'),(560,10,'atrasado'),(560,37,'atrasado'),(560,133,'atrasado'),(561,59,'atrasado'),(561,75,'atrasado'),(561,335,'atrasado'),(561,481,'atrasado'),(562,34,'atrasado'),(562,231,'atrasado'),(562,492,'atrasado'),(563,147,'atrasado'),(563,303,'atrasado'),(564,19,'atrasado'),(564,213,'atrasado'),(564,426,'atrasado'),(565,62,'atrasado'),(565,113,'atrasado'),(565,152,'atrasado'),(565,463,'atrasado'),(566,40,'atrasado'),(566,286,'atrasado'),(566,307,'atrasado'),(566,398,'atrasado'),(567,52,'atrasado'),(568,222,'atrasado'),(568,365,'atrasado'),(568,399,'atrasado'),(569,8,'atrasado'),(569,185,'atrasado'),(569,225,'atrasado'),(569,287,'atrasado'),(570,363,'atrasado'),(570,382,'atrasado'),(571,19,'atrasado'),(572,40,'atrasado'),(572,90,'atrasado'),(572,104,'atrasado'),(572,387,'atrasado'),(573,250,'atrasado'),(574,130,'atrasado'),(574,234,'atrasado'),(574,317,'atrasado'),(574,356,'atrasado'),(574,453,'atrasado'),(575,123,'atrasado'),(575,200,'atrasado'),(575,376,'atrasado'),(575,424,'atrasado'),(576,215,'atrasado'),(576,216,'atrasado'),(576,274,'atrasado'),(576,298,'atrasado'),(577,187,'atrasado'),(577,444,'atrasado'),(578,184,'atrasado'),(578,215,'atrasado'),(579,4,'atrasado'),(579,431,'atrasado'),(580,5,'atrasado'),(580,92,'atrasado'),(580,173,'atrasado'),(580,388,'atrasado'),(580,457,'atrasado'),(581,5,'atrasado'),(582,458,'atrasado'),(583,93,'atrasado'),(583,122,'atrasado'),(583,127,'atrasado'),(583,425,'atrasado'),(583,477,'atrasado'),(584,468,'atrasado'),(585,39,'atrasado'),(585,175,'atrasado'),(585,278,'atrasado'),(585,329,'atrasado'),(586,97,'atrasado'),(586,271,'atrasado'),(586,367,'atrasado'),(587,183,'atrasado'),(587,265,'atrasado'),(587,314,'atrasado'),(587,332,'atrasado'),(587,490,'atrasado'),(588,37,'atrasado'),(588,54,'atrasado'),(588,212,'atrasado'),(588,384,'atrasado'),(589,94,'atrasado'),(589,268,'atrasado'),(590,158,'atrasado'),(590,275,'atrasado'),(590,412,'atrasado'),(591,231,'atrasado'),(591,421,'atrasado'),(592,87,'atrasado'),(592,103,'atrasado'),(592,175,'atrasado'),(592,281,'atrasado'),(592,447,'atrasado'),(593,200,'atrasado'),(593,329,'atrasado'),(593,345,'atrasado'),(594,237,'atrasado'),(594,315,'atrasado'),(594,344,'atrasado'),(595,343,'atrasado'),(595,495,'atrasado'),(596,91,'atrasado'),(596,153,'atrasado'),(597,14,'atrasado'),(597,262,'atrasado'),(597,457,'atrasado'),(597,470,'atrasado'),(597,491,'atrasado'),(598,270,'atrasado'),(598,489,'atrasado'),(599,36,'atrasado'),(600,183,'atrasado'),(601,13,'atrasado'),(601,44,'atrasado'),(601,227,'atrasado'),(601,440,'atrasado'),(602,153,'atrasado'),(602,189,'atrasado'),(602,376,'atrasado'),(603,220,'atrasado'),(604,29,'atrasado'),(604,37,'atrasado'),(604,46,'atrasado'),(604,57,'atrasado'),(605,38,'atrasado'),(605,157,'atrasado'),(605,328,'atrasado'),(605,345,'atrasado'),(605,460,'atrasado'),(606,164,'atrasado'),(606,297,'atrasado'),(606,349,'atrasado'),(606,451,'atrasado'),(607,371,'atrasado'),(607,425,'atrasado'),(608,333,'atrasado'),(608,337,'atrasado'),(609,248,'atrasado'),(610,119,'atrasado'),(610,461,'atrasado'),(610,465,'atrasado'),(610,487,'atrasado'),(611,112,'atrasado'),(611,137,'atrasado'),(611,229,'atrasado'),(611,374,'atrasado'),(612,41,'atrasado'),(613,133,'atrasado'),(613,363,'atrasado'),(613,447,'atrasado'),(613,455,'atrasado'),(614,40,'atrasado'),(614,145,'atrasado'),(614,192,'atrasado'),(614,412,'atrasado'),(614,484,'atrasado'),(615,223,'atrasado'),(615,273,'atrasado'),(615,279,'atrasado'),(615,335,'atrasado'),(616,168,'atrasado'),(616,347,'atrasado'),(616,393,'atrasado'),(617,97,'atrasado'),(617,118,'atrasado'),(618,70,'atrasado'),(618,118,'atrasado'),(618,275,'atrasado'),(619,465,'atrasado'),(619,489,'atrasado'),(619,495,'atrasado'),(620,93,'atrasado'),(620,143,'atrasado'),(620,174,'atrasado'),(621,136,'atrasado'),(621,231,'atrasado'),(621,345,'atrasado'),(622,100,'atrasado'),(622,176,'atrasado'),(622,259,'atrasado'),(622,403,'atrasado'),(623,28,'atrasado'),(623,224,'atrasado'),(623,339,'atrasado'),(624,139,'atrasado'),(624,219,'atrasado'),(624,343,'atrasado'),(624,423,'atrasado'),(624,479,'atrasado'),(625,105,'atrasado'),(625,289,'atrasado'),(626,238,'atrasado'),(627,40,'atrasado'),(627,57,'atrasado'),(627,63,'atrasado'),(628,3,'atrasado'),(628,89,'atrasado'),(628,189,'atrasado'),(628,453,'atrasado'),(629,68,'atrasado'),(629,221,'atrasado'),(629,428,'atrasado'),(629,492,'atrasado'),(629,495,'atrasado'),(630,360,'atrasado'),(631,222,'atrasado'),(632,165,'atrasado'),(632,306,'atrasado'),(632,334,'atrasado'),(632,448,'atrasado'),(633,260,'atrasado'),(633,276,'atrasado'),(634,277,'atrasado'),(635,15,'atrasado'),(635,192,'atrasado'),(635,199,'atrasado'),(635,374,'atrasado'),(636,165,'atrasado'),(636,281,'atrasado'),(636,351,'atrasado'),(636,433,'atrasado'),(637,492,'atrasado'),(638,31,'atrasado'),(638,407,'atrasado'),(638,446,'atrasado'),(639,264,'atrasado'),(640,113,'atrasado'),(640,176,'atrasado'),(640,256,'atrasado'),(640,463,'atrasado'),(641,186,'atrasado'),(641,216,'atrasado'),(642,32,'atrasado'),(642,216,'atrasado'),(642,263,'atrasado'),(642,297,'atrasado'),(642,377,'atrasado'),(643,14,'atrasado'),(643,40,'atrasado'),(643,104,'atrasado'),(643,130,'atrasado'),(643,171,'atrasado'),(644,349,'atrasado'),(644,369,'atrasado'),(644,400,'atrasado'),(644,410,'atrasado'),(644,414,'atrasado'),(645,97,'atrasado'),(645,293,'atrasado'),(646,84,'atrasado'),(646,177,'atrasado'),(646,297,'atrasado'),(647,321,'atrasado'),(648,55,'atrasado'),(648,119,'atrasado'),(648,225,'atrasado'),(649,218,'atrasado'),(650,8,'atrasado'),(650,25,'atrasado'),(650,106,'atrasado'),(651,397,'atrasado'),(652,165,'atrasado'),(652,176,'atrasado'),(652,372,'atrasado'),(652,404,'atrasado'),(652,465,'atrasado'),(653,150,'atrasado'),(653,193,'atrasado'),(653,334,'atrasado'),(653,456,'atrasado'),(654,50,'atrasado'),(654,219,'atrasado'),(654,226,'atrasado'),(654,230,'atrasado'),(654,232,'atrasado'),(655,6,'atrasado'),(655,411,'atrasado'),(655,472,'atrasado'),(656,41,'atrasado'),(656,166,'atrasado'),(656,253,'atrasado'),(656,368,'atrasado'),(656,488,'atrasado'),(657,222,'atrasado'),(657,346,'atrasado'),(657,431,'atrasado'),(658,16,'atrasado'),(658,364,'atrasado'),(658,379,'atrasado'),(659,13,'atrasado'),(659,201,'atrasado'),(660,171,'atrasado'),(660,232,'atrasado'),(661,301,'atrasado'),(661,416,'atrasado'),(662,73,'atrasado'),(662,76,'atrasado'),(662,93,'atrasado'),(662,175,'atrasado'),(662,270,'atrasado'),(663,412,'atrasado'),(664,366,'atrasado'),(665,25,'atrasado'),(665,125,'atrasado'),(665,237,'atrasado'),(665,248,'atrasado'),(665,440,'atrasado'),(666,42,'atrasado'),(666,88,'atrasado'),(666,283,'atrasado'),(666,389,'atrasado'),(666,469,'atrasado'),(667,123,'atrasado'),(667,225,'atrasado'),(667,336,'atrasado'),(667,348,'atrasado'),(667,404,'atrasado'),(668,373,'atrasado'),(669,308,'atrasado'),(669,437,'atrasado'),(670,322,'atrasado'),(670,360,'atrasado'),(670,421,'atrasado'),(670,473,'atrasado'),(671,29,'atrasado'),(671,63,'atrasado'),(672,13,'atrasado'),(672,195,'atrasado'),(672,427,'atrasado'),(673,205,'atrasado'),(673,370,'atrasado'),(673,403,'atrasado'),(674,242,'atrasado'),(675,10,'atrasado'),(675,17,'atrasado'),(675,162,'atrasado'),(675,432,'atrasado'),(676,159,'atrasado'),(676,189,'atrasado'),(676,248,'atrasado'),(676,251,'atrasado'),(676,318,'atrasado'),(677,259,'atrasado'),(677,476,'atrasado'),(678,205,'atrasado'),(678,321,'atrasado'),(678,381,'atrasado'),(678,454,'atrasado'),(678,475,'atrasado'),(679,117,'atrasado'),(679,145,'atrasado'),(679,270,'atrasado'),(679,272,'atrasado'),(679,398,'atrasado'),(680,107,'atrasado'),(681,65,'atrasado'),(681,488,'atrasado'),(682,319,'atrasado'),(683,268,'atrasado'),(683,335,'atrasado'),(683,382,'atrasado'),(683,388,'atrasado'),(684,224,'atrasado'),(684,441,'atrasado'),(684,474,'atrasado'),(685,322,'atrasado'),(685,406,'atrasado'),(686,147,'atrasado'),(686,189,'atrasado'),(686,345,'atrasado'),(686,403,'atrasado'),(686,468,'atrasado'),(687,46,'atrasado'),(687,224,'atrasado'),(687,416,'atrasado'),(688,244,'atrasado'),(688,367,'atrasado'),(688,445,'atrasado'),(688,452,'atrasado'),(689,37,'atrasado'),(690,361,'atrasado'),(690,366,'atrasado'),(690,439,'atrasado'),(691,463,'atrasado'),(691,495,'atrasado'),(692,406,'atrasado'),(693,82,'atrasado'),(693,132,'atrasado'),(694,493,'atrasado'),(695,249,'atrasado'),(696,192,'atrasado'),(696,413,'atrasado'),(697,444,'atrasado'),(698,193,'atrasado'),(698,243,'atrasado'),(698,339,'atrasado'),(698,341,'atrasado'),(698,361,'atrasado'),(699,113,'atrasado'),(699,424,'atrasado'),(699,429,'atrasado'),(700,151,'atrasado'),(700,252,'atrasado'),(700,332,'atrasado'),(700,356,'atrasado'),(700,434,'atrasado'),(701,4,'atrasado'),(701,464,'atrasado'),(701,470,'atrasado'),(702,439,'atrasado'),(703,215,'atrasado'),(703,344,'atrasado'),(704,252,'atrasado'),(705,146,'atrasado'),(705,285,'atrasado'),(705,381,'atrasado'),(705,452,'atrasado'),(705,496,'atrasado'),(706,333,'atrasado'),(706,484,'atrasado'),(707,67,'atrasado'),(707,350,'atrasado'),(707,377,'atrasado'),(708,26,'atrasado'),(708,28,'atrasado'),(708,104,'atrasado'),(708,215,'atrasado'),(708,362,'atrasado'),(709,253,'atrasado'),(709,405,'atrasado'),(709,422,'atrasado'),(709,493,'atrasado'),(710,78,'atrasado'),(710,168,'atrasado'),(710,195,'atrasado'),(710,209,'atrasado'),(710,394,'atrasado'),(711,106,'atrasado'),(711,333,'atrasado'),(711,404,'atrasado'),(711,434,'atrasado'),(712,316,'atrasado'),(712,380,'atrasado'),(713,377,'atrasado'),(714,186,'atrasado'),(714,225,'atrasado'),(714,383,'atrasado'),(714,420,'atrasado'),(715,159,'atrasado'),(715,263,'atrasado'),(715,314,'atrasado'),(715,341,'atrasado'),(716,25,'atrasado'),(716,349,'atrasado'),(717,137,'atrasado'),(717,234,'atrasado'),(717,292,'atrasado'),(717,372,'atrasado'),(717,386,'atrasado'),(718,53,'atrasado'),(718,240,'atrasado'),(719,194,'atrasado'),(719,220,'atrasado'),(720,211,'atrasado'),(720,212,'atrasado'),(720,318,'atrasado'),(721,278,'atrasado'),(722,92,'atrasado'),(722,103,'atrasado'),(722,298,'atrasado'),(723,133,'atrasado'),(723,150,'atrasado'),(723,226,'atrasado'),(723,436,'atrasado'),(723,489,'atrasado'),(724,10,'atrasado'),(724,52,'atrasado'),(724,178,'atrasado'),(724,314,'atrasado'),(725,207,'atrasado'),(725,242,'atrasado'),(726,21,'atrasado'),(726,267,'atrasado'),(726,307,'atrasado'),(727,71,'atrasado'),(728,192,'atrasado'),(728,201,'atrasado'),(728,282,'atrasado'),(728,414,'atrasado'),(728,420,'atrasado'),(729,417,'atrasado'),(730,68,'atrasado'),(730,73,'atrasado'),(730,300,'atrasado'),(730,433,'atrasado'),(731,102,'atrasado'),(731,276,'atrasado'),(731,414,'atrasado'),(732,54,'atrasado'),(732,261,'atrasado'),(732,365,'atrasado'),(733,81,'atrasado'),(733,138,'atrasado'),(733,325,'atrasado'),(734,444,'atrasado'),(734,499,'atrasado'),(735,62,'atrasado'),(735,337,'atrasado'),(736,173,'atrasado'),(736,369,'atrasado'),(736,495,'atrasado'),(737,75,'atrasado'),(737,159,'atrasado'),(737,179,'atrasado'),(737,277,'atrasado'),(737,453,'atrasado'),(738,288,'atrasado'),(738,486,'atrasado'),(739,59,'atrasado'),(739,108,'atrasado'),(739,305,'atrasado'),(739,437,'atrasado'),(739,481,'atrasado'),(740,40,'atrasado'),(740,96,'atrasado'),(740,108,'atrasado'),(740,161,'atrasado'),(741,269,'atrasado'),(741,357,'atrasado'),(742,130,'atrasado'),(742,252,'atrasado'),(742,400,'atrasado'),(742,472,'atrasado'),(743,171,'atrasado'),(744,313,'atrasado'),(745,44,'atrasado'),(745,112,'atrasado'),(745,269,'atrasado'),(745,485,'atrasado'),(745,492,'atrasado'),(746,172,'atrasado'),(746,313,'atrasado'),(746,328,'atrasado'),(746,390,'atrasado'),(747,124,'atrasado'),(747,158,'atrasado'),(747,205,'atrasado'),(747,329,'atrasado'),(747,430,'atrasado'),(748,68,'atrasado'),(748,365,'atrasado'),(748,382,'atrasado'),(748,403,'atrasado'),(749,36,'atrasado'),(749,54,'atrasado'),(749,270,'atrasado'),(749,290,'atrasado'),(749,324,'atrasado'),(750,362,'atrasado'),(751,81,'atrasado'),(751,461,'atrasado'),(752,68,'atrasado'),(752,147,'atrasado'),(752,294,'atrasado'),(752,365,'atrasado'),(752,441,'atrasado'),(753,148,'atrasado'),(753,297,'atrasado'),(753,312,'atrasado'),(753,376,'atrasado'),(754,365,'atrasado'),(755,32,'atrasado'),(755,263,'atrasado'),(755,381,'atrasado'),(756,201,'atrasado'),(757,156,'atrasado'),(757,165,'atrasado'),(757,289,'atrasado'),(757,313,'atrasado'),(758,137,'atrasado'),(758,367,'atrasado'),(759,313,'atrasado'),(759,480,'atrasado'),(760,226,'atrasado'),(761,262,'atrasado'),(761,321,'atrasado'),(761,355,'atrasado'),(761,478,'atrasado'),(762,75,'atrasado'),(762,182,'atrasado'),(763,146,'atrasado'),(763,174,'atrasado'),(763,312,'atrasado'),(763,449,'atrasado'),(764,161,'atrasado'),(764,347,'atrasado'),(764,470,'atrasado'),(765,211,'atrasado'),(765,278,'atrasado'),(766,63,'atrasado'),(766,83,'atrasado'),(766,330,'atrasado'),(766,333,'atrasado'),(766,475,'atrasado'),(767,47,'atrasado'),(767,246,'atrasado'),(767,330,'atrasado'),(767,477,'atrasado'),(768,29,'atrasado'),(768,431,'atrasado'),(769,107,'atrasado'),(769,351,'atrasado'),(770,16,'atrasado'),(770,175,'atrasado'),(770,236,'atrasado'),(770,284,'atrasado'),(770,468,'atrasado'),(771,5,'atrasado'),(771,234,'atrasado'),(771,352,'atrasado'),(771,361,'atrasado'),(771,422,'atrasado'),(772,87,'atrasado'),(772,98,'atrasado'),(772,433,'atrasado'),(772,473,'atrasado'),(773,279,'atrasado'),(773,364,'atrasado'),(773,476,'atrasado'),(774,5,'atrasado'),(774,130,'atrasado'),(774,293,'atrasado'),(774,405,'atrasado'),(774,430,'atrasado'),(775,5,'atrasado'),(775,120,'atrasado'),(775,329,'atrasado'),(775,371,'atrasado'),(776,295,'atrasado'),(777,156,'atrasado'),(777,272,'atrasado'),(777,324,'atrasado'),(778,155,'atrasado'),(778,166,'atrasado'),(778,291,'atrasado'),(779,103,'atrasado'),(779,408,'atrasado'),(779,422,'atrasado'),(779,454,'atrasado'),(779,490,'atrasado'),(780,286,'atrasado'),(781,205,'atrasado'),(781,316,'atrasado'),(781,401,'atrasado'),(782,123,'atrasado'),(782,161,'atrasado'),(782,278,'atrasado'),(782,284,'atrasado'),(782,339,'atrasado'),(783,225,'atrasado'),(783,427,'atrasado'),(783,435,'atrasado'),(783,472,'atrasado'),(784,165,'atrasado'),(785,46,'atrasado'),(785,124,'atrasado'),(785,138,'atrasado'),(785,353,'atrasado'),(786,8,'atrasado'),(787,300,'atrasado'),(787,378,'atrasado'),(787,445,'atrasado'),(788,158,'atrasado'),(788,301,'atrasado'),(788,379,'atrasado'),(789,154,'atrasado'),(789,297,'atrasado'),(790,350,'atrasado'),(790,403,'atrasado'),(791,66,'atrasado'),(791,116,'atrasado'),(791,140,'atrasado'),(791,291,'atrasado'),(791,375,'atrasado'),(792,52,'atrasado'),(792,220,'atrasado'),(793,69,'atrasado'),(793,190,'atrasado'),(793,304,'atrasado'),(793,450,'atrasado'),(794,236,'atrasado'),(794,338,'atrasado'),(795,300,'atrasado'),(796,162,'atrasado'),(797,132,'atrasado'),(797,200,'atrasado'),(797,259,'atrasado'),(797,273,'atrasado'),(797,300,'atrasado'),(798,143,'atrasado'),(798,343,'atrasado'),(798,409,'atrasado'),(799,162,'atrasado'),(799,410,'atrasado'),(800,69,'atrasado'),(801,8,'atrasado'),(801,248,'atrasado'),(801,285,'atrasado'),(801,448,'atrasado'),(801,464,'atrasado'),(802,184,'atrasado'),(803,163,'atrasado'),(803,172,'atrasado'),(804,25,'atrasado'),(804,159,'atrasado'),(804,204,'atrasado'),(805,165,'atrasado'),(806,37,'atrasado'),(806,89,'atrasado'),(806,108,'atrasado'),(806,236,'atrasado'),(807,103,'atrasado'),(807,131,'atrasado'),(807,158,'atrasado'),(807,272,'atrasado'),(807,454,'atrasado'),(808,144,'atrasado'),(808,160,'atrasado'),(808,314,'atrasado'),(809,329,'atrasado'),(810,104,'atrasado'),(811,347,'atrasado'),(811,435,'atrasado'),(812,22,'atrasado'),(812,152,'atrasado'),(812,367,'atrasado'),(813,131,'atrasado'),(813,147,'atrasado'),(813,239,'atrasado'),(814,201,'atrasado'),(814,320,'atrasado'),(815,176,'atrasado'),(815,195,'atrasado'),(815,243,'atrasado'),(815,347,'atrasado'),(815,360,'atrasado'),(816,202,'atrasado'),(816,270,'atrasado'),(817,98,'atrasado'),(817,135,'atrasado'),(818,113,'atrasado'),(819,490,'atrasado'),(820,34,'atrasado'),(820,107,'atrasado'),(821,28,'atrasado'),(821,92,'atrasado'),(821,414,'atrasado'),(822,369,'atrasado'),(822,462,'atrasado'),(823,394,'atrasado'),(824,15,'atrasado'),(824,115,'atrasado'),(824,130,'atrasado'),(824,169,'atrasado'),(825,77,'atrasado'),(825,99,'atrasado'),(825,364,'atrasado'),(825,409,'atrasado'),(825,460,'atrasado'),(826,3,'atrasado'),(826,175,'atrasado'),(826,323,'atrasado'),(826,392,'atrasado'),(827,54,'atrasado'),(827,374,'atrasado'),(828,52,'atrasado'),(828,193,'atrasado'),(828,477,'atrasado'),(829,220,'atrasado'),(829,237,'atrasado'),(829,308,'atrasado'),(829,413,'atrasado'),(830,490,'atrasado'),(831,110,'atrasado'),(831,198,'atrasado'),(831,239,'atrasado'),(831,293,'atrasado'),(831,315,'atrasado'),(832,10,'atrasado'),(832,312,'atrasado'),(832,411,'atrasado'),(832,437,'atrasado'),(832,496,'atrasado'),(833,50,'atrasado'),(833,127,'atrasado'),(833,227,'atrasado'),(833,272,'atrasado'),(833,461,'atrasado'),(834,21,'atrasado'),(834,311,'atrasado'),(834,489,'atrasado'),(835,71,'atrasado'),(835,94,'atrasado'),(835,196,'atrasado'),(835,316,'atrasado'),(835,440,'atrasado'),(836,213,'atrasado'),(836,294,'atrasado'),(836,414,'atrasado'),(836,493,'atrasado'),(837,127,'atrasado'),(837,272,'atrasado'),(837,289,'atrasado'),(837,455,'atrasado'),(838,125,'atrasado'),(838,236,'atrasado'),(838,249,'atrasado'),(838,454,'atrasado'),(838,498,'atrasado'),(839,83,'atrasado'),(839,379,'atrasado'),(840,46,'atrasado'),(841,160,'atrasado'),(841,275,'atrasado'),(841,352,'atrasado'),(842,161,'atrasado'),(842,280,'atrasado'),(842,497,'atrasado'),(843,41,'atrasado'),(843,47,'atrasado'),(843,85,'atrasado'),(843,306,'atrasado'),(844,229,'atrasado'),(844,297,'atrasado'),(844,385,'atrasado'),(844,482,'atrasado'),(845,277,'atrasado'),(846,18,'atrasado'),(846,237,'atrasado'),(846,309,'atrasado'),(846,333,'atrasado'),(847,6,'atrasado'),(847,436,'atrasado'),(847,496,'atrasado'),(848,196,'atrasado'),(848,321,'atrasado'),(848,364,'atrasado'),(848,445,'atrasado'),(848,487,'atrasado'),(849,57,'atrasado'),(849,69,'atrasado'),(849,148,'atrasado'),(849,350,'atrasado'),(849,494,'atrasado'),(850,88,'atrasado'),(850,188,'atrasado'),(850,267,'atrasado'),(851,114,'atrasado'),(851,162,'atrasado'),(851,223,'atrasado'),(851,444,'atrasado'),(852,382,'atrasado'),(852,476,'atrasado'),(853,17,'atrasado'),(853,124,'atrasado'),(853,254,'atrasado'),(853,446,'atrasado'),(854,253,'atrasado'),(854,322,'atrasado'),(854,426,'atrasado'),(854,476,'atrasado'),(855,22,'atrasado'),(855,74,'atrasado'),(855,394,'atrasado'),(856,99,'atrasado'),(856,127,'atrasado'),(856,279,'atrasado'),(856,357,'atrasado'),(856,496,'atrasado'),(857,34,'atrasado'),(857,88,'atrasado'),(857,142,'atrasado'),(858,251,'atrasado'),(858,258,'atrasado'),(858,335,'atrasado'),(858,499,'atrasado'),(859,456,'atrasado'),(860,357,'atrasado'),(861,29,'atrasado'),(861,174,'atrasado'),(862,146,'atrasado'),(862,307,'atrasado'),(863,396,'atrasado'),(864,183,'atrasado'),(864,213,'atrasado'),(864,334,'atrasado'),(864,449,'atrasado'),(864,467,'atrasado'),(865,336,'atrasado'),(866,353,'atrasado'),(866,463,'atrasado'),(867,76,'atrasado'),(867,143,'atrasado'),(867,194,'atrasado'),(867,222,'atrasado'),(867,339,'atrasado'),(868,243,'atrasado'),(868,273,'atrasado'),(868,285,'atrasado'),(869,81,'atrasado'),(870,21,'atrasado'),(870,178,'atrasado'),(870,253,'atrasado'),(870,274,'atrasado'),(871,184,'atrasado'),(871,317,'atrasado'),(872,141,'atrasado'),(872,178,'atrasado'),(872,195,'atrasado'),(872,257,'atrasado'),(872,428,'atrasado'),(873,274,'atrasado'),(873,414,'atrasado'),(873,469,'atrasado'),(873,499,'atrasado'),(874,336,'atrasado'),(875,85,'atrasado'),(875,127,'atrasado'),(875,475,'atrasado'),(876,202,'atrasado'),(876,479,'atrasado'),(877,203,'atrasado'),(877,429,'atrasado'),(878,61,'atrasado'),(878,209,'atrasado'),(878,235,'atrasado'),(878,253,'atrasado'),(878,485,'atrasado'),(879,59,'atrasado'),(879,64,'atrasado'),(879,207,'atrasado'),(880,44,'atrasado'),(880,113,'atrasado'),(880,186,'atrasado'),(880,342,'atrasado'),(881,213,'atrasado'),(881,276,'atrasado'),(881,401,'atrasado'),(881,403,'atrasado'),(881,444,'atrasado'),(882,93,'atrasado'),(882,486,'atrasado'),(883,418,'atrasado'),(884,83,'atrasado'),(885,31,'atrasado'),(885,337,'atrasado'),(885,360,'atrasado'),(885,477,'atrasado'),(886,320,'atrasado'),(886,322,'atrasado'),(886,350,'atrasado'),(886,486,'atrasado'),(887,16,'atrasado'),(887,68,'atrasado'),(887,309,'atrasado'),(887,331,'atrasado'),(887,336,'atrasado'),(888,53,'atrasado'),(889,241,'atrasado'),(889,358,'atrasado'),(889,452,'atrasado'),(890,230,'atrasado'),(890,249,'atrasado'),(890,422,'atrasado'),(891,43,'atrasado'),(891,83,'atrasado'),(891,403,'atrasado'),(892,9,'atrasado'),(892,167,'atrasado'),(892,243,'atrasado'),(892,404,'atrasado'),(893,125,'atrasado'),(893,307,'atrasado'),(894,51,'atrasado'),(894,229,'atrasado'),(894,393,'atrasado'),(894,402,'atrasado'),(894,439,'atrasado'),(895,1,'atrasado'),(895,229,'atrasado'),(895,373,'atrasado'),(895,492,'atrasado'),(896,192,'atrasado'),(896,291,'atrasado'),(896,336,'atrasado'),(897,181,'atrasado'),(897,226,'atrasado'),(897,426,'atrasado'),(898,9,'atrasado'),(898,120,'atrasado'),(898,145,'atrasado'),(898,275,'atrasado'),(899,326,'atrasado'),(900,4,'atrasado'),(900,136,'atrasado'),(901,5,'atrasado'),(901,198,'atrasado'),(901,439,'atrasado'),(902,104,'atrasado'),(902,149,'atrasado'),(902,155,'atrasado'),(903,458,'atrasado'),(904,136,'atrasado'),(904,164,'atrasado'),(904,283,'atrasado'),(904,497,'atrasado'),(905,157,'atrasado'),(905,322,'atrasado'),(906,83,'atrasado'),(906,95,'atrasado'),(906,277,'atrasado'),(907,32,'atrasado'),(907,88,'atrasado'),(907,99,'atrasado'),(907,352,'atrasado'),(908,30,'atrasado'),(908,78,'atrasado'),(908,274,'atrasado'),(908,331,'atrasado'),(908,394,'atrasado'),(909,230,'atrasado'),(909,290,'atrasado'),(909,331,'atrasado'),(909,390,'atrasado'),(910,229,'atrasado'),(911,81,'atrasado'),(911,156,'atrasado'),(912,126,'atrasado'),(912,194,'atrasado'),(912,199,'atrasado'),(912,363,'atrasado'),(912,491,'atrasado'),(913,20,'atrasado'),(913,41,'atrasado'),(913,401,'atrasado'),(914,13,'atrasado'),(914,99,'atrasado'),(914,180,'atrasado'),(914,475,'atrasado'),(915,32,'atrasado'),(915,202,'atrasado'),(915,404,'atrasado'),(916,213,'atrasado'),(916,415,'atrasado'),(917,36,'atrasado'),(917,126,'atrasado'),(917,294,'atrasado'),(918,134,'atrasado'),(918,418,'atrasado'),(919,233,'atrasado'),(919,296,'atrasado'),(919,479,'atrasado'),(919,488,'atrasado'),(920,8,'atrasado'),(920,219,'atrasado'),(920,268,'atrasado'),(920,295,'atrasado'),(920,349,'atrasado'),(921,85,'atrasado'),(922,169,'atrasado'),(922,440,'atrasado'),(922,481,'atrasado'),(923,195,'atrasado'),(924,308,'atrasado'),(925,49,'atrasado'),(925,76,'atrasado'),(925,442,'atrasado'),(926,172,'atrasado'),(926,260,'atrasado'),(926,264,'atrasado'),(926,299,'atrasado'),(927,368,'atrasado'),(928,94,'atrasado'),(929,25,'atrasado'),(929,173,'atrasado'),(929,226,'atrasado'),(929,400,'atrasado'),(929,443,'atrasado'),(930,235,'atrasado'),(930,271,'atrasado'),(931,56,'atrasado'),(931,110,'atrasado'),(931,287,'atrasado'),(931,295,'atrasado'),(931,484,'atrasado'),(932,96,'atrasado'),(932,196,'atrasado'),(932,218,'atrasado'),(932,346,'atrasado'),(933,382,'atrasado'),(934,12,'atrasado'),(934,134,'atrasado'),(934,160,'atrasado'),(934,222,'atrasado'),(934,368,'atrasado'),(935,10,'atrasado'),(935,177,'atrasado'),(936,262,'atrasado'),(936,467,'atrasado'),(937,170,'atrasado'),(937,176,'atrasado'),(937,371,'atrasado'),(937,426,'atrasado'),(937,475,'atrasado'),(938,186,'atrasado'),(938,238,'atrasado'),(938,494,'atrasado'),(939,399,'atrasado'),(939,444,'atrasado'),(939,494,'atrasado'),(940,21,'atrasado'),(941,256,'atrasado'),(941,380,'atrasado'),(942,82,'atrasado'),(942,179,'atrasado'),(942,212,'atrasado'),(942,216,'atrasado'),(943,109,'atrasado'),(943,192,'atrasado'),(943,268,'atrasado'),(943,479,'atrasado'),(944,65,'atrasado'),(944,83,'atrasado'),(944,120,'atrasado'),(944,126,'atrasado'),(944,135,'atrasado'),(945,135,'atrasado'),(945,328,'atrasado'),(945,350,'atrasado'),(945,384,'atrasado'),(946,118,'atrasado'),(946,276,'atrasado'),(947,211,'atrasado'),(947,487,'atrasado'),(948,163,'atrasado'),(948,261,'atrasado'),(948,303,'atrasado'),(948,340,'atrasado'),(948,467,'atrasado'),(949,169,'atrasado'),(950,274,'atrasado'),(951,11,'atrasado'),(951,38,'atrasado'),(952,212,'atrasado'),(952,222,'atrasado'),(952,390,'atrasado'),(952,436,'atrasado'),(953,409,'atrasado'),(953,444,'atrasado'),(954,119,'atrasado'),(954,141,'atrasado'),(954,218,'atrasado'),(954,376,'atrasado'),(954,499,'atrasado'),(955,407,'atrasado'),(956,121,'atrasado'),(956,213,'atrasado'),(956,233,'atrasado'),(956,420,'atrasado'),(957,14,'atrasado'),(957,19,'atrasado'),(957,30,'atrasado'),(957,119,'atrasado'),(957,423,'atrasado'),(958,32,'atrasado'),(958,367,'atrasado'),(958,402,'atrasado'),(959,3,'atrasado'),(959,132,'atrasado'),(959,312,'atrasado'),(959,474,'atrasado'),(959,482,'atrasado'),(960,200,'atrasado'),(960,223,'atrasado'),(960,277,'atrasado'),(960,483,'atrasado'),(961,138,'atrasado'),(961,245,'atrasado'),(962,91,'atrasado'),(962,192,'atrasado'),(962,434,'atrasado'),(962,479,'atrasado'),(963,122,'atrasado'),(963,151,'atrasado'),(963,492,'atrasado'),(964,20,'atrasado'),(964,159,'atrasado'),(964,187,'atrasado'),(964,318,'atrasado'),(964,395,'atrasado'),(965,345,'atrasado'),(966,31,'atrasado'),(966,32,'atrasado'),(966,126,'atrasado'),(966,325,'atrasado'),(967,477,'atrasado'),(968,6,'atrasado'),(968,96,'atrasado'),(968,135,'atrasado'),(968,455,'atrasado'),(969,488,'atrasado'),(970,475,'atrasado'),(970,492,'atrasado'),(971,131,'atrasado'),(971,463,'atrasado'),(972,169,'atrasado'),(972,294,'atrasado'),(972,366,'atrasado'),(973,49,'atrasado'),(974,384,'atrasado'),(975,333,'atrasado'),(975,426,'atrasado'),(975,442,'atrasado'),(976,498,'atrasado'),(977,143,'atrasado'),(977,449,'atrasado'),(978,20,'atrasado'),(978,38,'atrasado'),(978,74,'atrasado'),(978,341,'atrasado'),(978,376,'atrasado'),(979,136,'atrasado'),(979,262,'atrasado'),(979,402,'atrasado'),(979,415,'atrasado'),(980,73,'atrasado'),(980,103,'atrasado'),(980,164,'atrasado'),(980,267,'atrasado'),(980,382,'atrasado'),(981,111,'atrasado'),(981,310,'atrasado'),(982,20,'atrasado'),(982,212,'atrasado'),(982,410,'atrasado'),(982,434,'atrasado'),(983,121,'atrasado'),(983,268,'atrasado'),(983,292,'atrasado'),(984,123,'atrasado'),(984,175,'atrasado'),(984,462,'atrasado'),(985,1,'atrasado'),(985,23,'atrasado'),(985,214,'atrasado'),(985,438,'atrasado'),(986,153,'atrasado'),(986,245,'atrasado'),(986,295,'atrasado'),(986,387,'atrasado'),(987,58,'atrasado'),(987,98,'atrasado'),(987,143,'atrasado'),(987,195,'atrasado'),(988,152,'atrasado'),(989,87,'atrasado'),(989,126,'atrasado'),(989,271,'atrasado'),(989,295,'atrasado'),(989,337,'atrasado'),(990,19,'atrasado'),(990,43,'atrasado'),(990,299,'atrasado'),(990,343,'atrasado'),(990,361,'atrasado'),(991,22,'atrasado'),(991,25,'atrasado'),(991,28,'atrasado'),(991,82,'atrasado'),(991,436,'atrasado'),(992,299,'atrasado'),(992,335,'atrasado'),(993,111,'atrasado'),(993,196,'atrasado'),(993,296,'atrasado'),(993,418,'atrasado'),(994,172,'atrasado'),(995,112,'atrasado'),(995,335,'atrasado'),(996,189,'atrasado'),(996,215,'atrasado'),(997,444,'atrasado'),(998,151,'atrasado'),(998,201,'atrasado'),(998,250,'atrasado'),(999,114,'atrasado'),(999,167,'atrasado'),(999,201,'atrasado'),(999,249,'atrasado'),(999,256,'atrasado'),(1000,82,'atrasado'),(1000,188,'atrasado'),(1000,201,'atrasado'),(1000,390,'atrasado'),(1000,456,'atrasado'),(1001,25,'atrasado'),(1001,101,'atrasado'),(1001,219,'atrasado'),(1001,300,'atrasado'),(1002,3,'atrasado'),(1002,250,'atrasado'),(1002,272,'atrasado'),(1002,362,'atrasado'),(1002,420,'atrasado'),(1003,198,'atrasado'),(1003,204,'atrasado'),(1003,367,'atrasado'),(1003,484,'atrasado'),(1004,329,'atrasado'),(1005,155,'atrasado'),(1006,46,'atrasado'),(1006,125,'atrasado'),(1006,164,'atrasado'),(1006,334,'atrasado'),(1007,78,'atrasado'),(1007,372,'atrasado'),(1007,434,'atrasado'),(1007,474,'atrasado'),(1008,108,'atrasado'),(1008,117,'atrasado'),(1008,391,'atrasado'),(1008,461,'atrasado'),(1009,315,'atrasado'),(1009,328,'atrasado'),(1009,341,'atrasado'),(1009,406,'atrasado'),(1009,413,'atrasado'),(1010,174,'atrasado'),(1010,352,'atrasado'),(1010,471,'atrasado'),(1010,485,'atrasado'),(1011,55,'atrasado'),(1011,300,'atrasado'),(1011,323,'atrasado'),(1011,382,'atrasado'),(1011,486,'atrasado'),(1012,1,'atrasado'),(1012,74,'atrasado'),(1012,134,'atrasado'),(1012,325,'atrasado'),(1012,388,'atrasado'),(1013,80,'atrasado'),(1013,293,'atrasado'),(1013,379,'atrasado'),(1014,8,'atrasado'),(1014,245,'atrasado'),(1014,272,'atrasado'),(1014,401,'atrasado'),(1015,94,'atrasado'),(1015,149,'atrasado'),(1016,15,'atrasado'),(1016,115,'atrasado'),(1017,152,'atrasado'),(1017,184,'atrasado'),(1017,311,'atrasado'),(1017,447,'atrasado'),(1018,277,'atrasado'),(1019,117,'atrasado'),(1019,165,'atrasado'),(1019,270,'atrasado'),(1020,92,'atrasado'),(1020,143,'atrasado'),(1020,243,'atrasado'),(1020,357,'atrasado'),(1021,53,'atrasado'),(1021,321,'atrasado'),(1021,397,'atrasado'),(1022,57,'atrasado'),(1022,161,'atrasado'),(1022,209,'atrasado'),(1022,424,'atrasado'),(1022,489,'atrasado'),(1023,277,'atrasado'),(1023,405,'atrasado'),(1023,457,'atrasado'),(1023,487,'atrasado'),(1024,58,'atrasado'),(1024,301,'atrasado'),(1024,418,'atrasado'),(1025,137,'atrasado'),(1025,149,'atrasado'),(1025,176,'atrasado'),(1025,321,'atrasado'),(1025,420,'atrasado'),(1026,18,'atrasado'),(1026,79,'atrasado'),(1026,137,'atrasado'),(1026,317,'atrasado'),(1026,328,'atrasado'),(1027,54,'atrasado'),(1028,90,'atrasado'),(1028,373,'atrasado'),(1029,167,'atrasado'),(1029,384,'atrasado'),(1029,386,'atrasado'),(1029,416,'atrasado'),(1030,8,'atrasado'),(1030,58,'atrasado'),(1030,266,'atrasado'),(1030,297,'atrasado'),(1031,114,'atrasado'),(1031,186,'atrasado'),(1031,321,'atrasado'),(1031,397,'atrasado'),(1032,8,'atrasado'),(1032,45,'atrasado'),(1032,55,'atrasado'),(1032,157,'atrasado'),(1032,429,'atrasado'),(1033,199,'atrasado'),(1033,364,'atrasado'),(1033,385,'atrasado'),(1034,250,'atrasado'),(1034,273,'atrasado'),(1035,102,'atrasado'),(1035,202,'atrasado'),(1035,325,'atrasado'),(1035,416,'atrasado'),(1035,446,'atrasado'),(1036,132,'atrasado'),(1037,90,'atrasado'),(1037,334,'atrasado'),(1038,72,'atrasado'),(1039,203,'atrasado'),(1039,238,'atrasado'),(1039,445,'atrasado'),(1040,13,'atrasado'),(1040,403,'atrasado'),(1040,485,'atrasado');
/*!40000 ALTER TABLE `volumes_rentals` ENABLE KEYS */;
UNLOCK TABLES;
/*!40103 SET TIME_ZONE=@OLD_TIME_ZONE */;

/*!40101 SET SQL_MODE=@OLD_SQL_MODE */;
/*!40014 SET FOREIGN_KEY_CHECKS=@OLD_FOREIGN_KEY_CHECKS */;
/*!40014 SET UNIQUE_CHECKS=@OLD_UNIQUE_CHECKS */;
/*!40101 SET CHARACTER_SET_CLIENT=@OLD_CHARACTER_SET_CLIENT */;
/*!40101 SET CHARACTER_SET_RESULTS=@OLD_CHARACTER_SET_RESULTS */;
/*!40101 SET COLLATION_CONNECTION=@OLD_COLLATION_CONNECTION */;
/*!40111 SET SQL_NOTES=@OLD_SQL_NOTES */;

-- Dump completed on 2025-06-11  1:22:11
