INSERT INTO `library_db`.`clients` (`name`, `cpf`, `email`, `phone`, `cep`, `street`, `number`, `complement`, `birthdate`, `status`, `created_at`, `updated_at`) VALUES
('Ana Souza', '12345678901', 'ana.souza@email.com', '11987654321', '12345678', 'Rua A', 101, 'Apto 101', '1985-05-10', 'ok', NOW(), NOW()),
('Carlos Silva', '23456789012', 'carlos.silva@email.com', '11976543210', '23456789', 'Rua B', 102, 'Apto 102', '1990-06-15', 'inadimplente', NOW(), NOW()),
('Fernanda Lima', '34567890123', 'fernanda.lima@email.com', '11965432109', '34567890', 'Rua C', 103, 'Apto 103', '1982-07-20', 'bloqueado', NOW(), NOW()),
('Gustavo Pereira', '45678901234', 'gustavo.pereira@email.com', '11954321098', '45678901', 'Rua D', 104, 'Apto 104', '1995-08-25', 'suspenso', NOW(), NOW()),
('Juliana Costa', '56789012345', 'juliana.costa@email.com', '11943210987', '56789012', 'Rua E', 105, 'Apto 105', '1988-09-30', 'ok', NOW(), NOW()),
('Lucas Oliveira', '67890123456', 'lucas.oliveira@email.com', '11932109876', '67890123', 'Rua F', 106, 'Apto 106', '1992-10-05', 'ok', NOW(), NOW()),
('Mariana Rocha', '78901234567', 'mariana.rocha@email.com', '11921098765', '78901234', 'Rua G', 107, 'Apto 107', '1994-11-10', 'bloqueado', NOW(), NOW()),
('Paulo Martins', '89012345678', 'paulo.martins@email.com', '11910987654', '89012345', 'Rua H', 108, 'Apto 108', '1980-12-15', 'suspenso', NOW(), NOW()),
('Roberta Almeida', '90123456789', 'roberta.almeida@email.com', '11909876543', '90123456', 'Rua I', 109, 'Apto 109', '1986-01-20', 'inadimplente', NOW(), NOW()),
('Tiago Santos', '01234567890', 'tiago.santos@email.com', '11998765432', '01234567', 'Rua J', 110, 'Apto 110', '1998-02-25', 'ok', NOW(), NOW()),
('Beatriz Almeida', '11223344556', 'beatriz.almeida@email.com', '11987651234', '11223344', 'Rua K', 111, 'Apto 111', '1987-03-12', 'ok', NOW(), NOW()),
('Diego Fernandes', '22334455667', 'diego.fernandes@email.com', '11976542345', '22334455', 'Rua L', 112, 'Apto 112', '1991-04-22', 'inadimplente', NOW(), NOW()),
('Elisa Moreira', '33445566778', 'elisa.moreira@email.com', '11965433456', '33445566', 'Rua M', 113, 'Apto 113', '1984-05-30', 'bloqueado', NOW(), NOW()),
('Felipe Barros', '44556677889', 'felipe.barros@email.com', '11954324567', '44556677', 'Rua N', 114, 'Apto 114', '1993-06-18', 'suspenso', NOW(), NOW()),
('Gabriela Mendes', '55667788990', 'gabriela.mendes@email.com', '11943215678', '55667788', 'Rua O', 115, 'Apto 115', '1989-07-25', 'ok', NOW(), NOW()),
('Henrique Dias', '66778899001', 'henrique.dias@email.com', '11932106789', '66778899', 'Rua P', 116, 'Apto 116', '1990-08-11', 'ok', NOW(), NOW()),
('Isabela Cardoso', '77889900112', 'isabela.cardoso@email.com', '11921097890', '77889900', 'Rua Q', 117, 'Apto 117', '1983-09-05', 'bloqueado', NOW(), NOW()),
('João Victor', '88990011223', 'joao.victor@email.com', '11910988901', '88990011', 'Rua R', 118, 'Apto 118', '1996-10-16', 'suspenso', NOW(), NOW()),
('Karla Nunes', '99001122334', 'karla.nunes@email.com', '11909879012', '99001122', 'Rua S', 119, 'Apto 119', '1985-11-29', 'inadimplente', NOW(), NOW()),
('Leonardo Tavares', '10112233445', 'leonardo.tavares@email.com', '11998760123', '10112233', 'Rua T', 120, 'Apto 120', '1992-12-07', 'ok', NOW(), NOW()),
('Marina Farias', '11223344557', 'marina.farias@email.com', '11987651235', '11223345', 'Rua U', 121, 'Apto 121', '1986-01-15', 'ok', NOW(), NOW()),
('Nicolas Souza', '22334455668', 'nicolas.souza@email.com', '11976542346', '22334456', 'Rua V', 122, 'Apto 122', '1994-02-20', 'inadimplente', NOW(), NOW()),
('Olivia Ramos', '33445566779', 'olivia.ramos@email.com', '11965433457', '33445567', 'Rua W', 123, 'Apto 123', '1987-03-28', 'bloqueado', NOW(), NOW()),
('Paulo Henrique', '44556677890', 'paulo.henrique@email.com', '11954324568', '44556678', 'Rua X', 124, 'Apto 124', '1990-04-17', 'suspenso', NOW(), NOW()),
('Queila Barbosa', '55667788901', 'queila.barbosa@email.com', '11943215679', '55667789', 'Rua Y', 125, 'Apto 125', '1988-05-22', 'ok', NOW(), NOW()),
('Rafael Gomes', '66778899012', 'rafael.gomes@email.com', '11932106780', '66778890', 'Rua Z', 126, 'Apto 126', '1991-06-13', 'ok', NOW(), NOW()),
('Sofia Pereira', '77889900123', 'sofia.pereira@email.com', '11921097891', '77889901', 'Rua AA', 127, 'Apto 127', '1983-07-04', 'bloqueado', NOW(), NOW()),
('Thiago Carvalho', '88990011234', 'thiago.carvalho@email.com', '11910988902', '88990012', 'Rua AB', 128, 'Apto 128', '1995-08-29', 'suspenso', NOW(), NOW()),
('Valéria Lima', '99001122345', 'valeria.lima@email.com', '11909879013', '99001123', 'Rua AC', 129, 'Apto 129', '1984-09-19', 'inadimplente', NOW(), NOW()),
('Wesley Santos', '10112233456', 'wesley.santos@email.com', '11998760124', '10112234', 'Rua AD', 130, 'Apto 130', '1993-10-23', 'ok', NOW(), NOW());

INSERT INTO `library_db`.`sessions` (`bookcase`, `starting_corridor`, `ending_corridor`, `created_at`, `updated_at`) VALUES
(1, 1, 10, NOW(), NOW()),
(2, 11, 20, NOW(), NOW()),
(3, 21, 30, NOW(), NOW()),
(4, 31, 40, NOW(), NOW()),
(5, 41, 50, NOW(), NOW()),
(6, 51, 60, NOW(), NOW()),
(7, 61, 70, NOW(), NOW()),
(8, 71, 80, NOW(), NOW()),
(9, 81, 90, NOW(), NOW()),
(10, 91, 100, NOW(), NOW());

INSERT INTO `library_db`.`publishers` (`name`, `description`, `fundation_year`, `created_at`, `updated_at`) VALUES
('Companhia das Letras', 'Uma das maiores editoras do Brasil, publica literatura nacional e estrangeira.', 1986, NOW(), NOW()),
('Record', 'Editora brasileira com catálogo diversificado incluindo ficção, não ficção e biografias.', 1942, NOW(), NOW()),
('Rocco', 'Famosa por publicar a saga Harry Potter no Brasil, atua em diversos gêneros.', 1975, NOW(), NOW()),
('Objetiva', 'Editora voltada para jornalismo, política e atualidades.', 1997, NOW(), NOW()),
('Intrínseca', 'Conhecida por livros de ficção contemporânea e best-sellers internacionais.', 2003, NOW(), NOW()),
('Saraiva', 'Tradicional editora e livraria com foco em obras acadêmicas e didáticas.', 1914, NOW(), NOW()),
('Nova Fronteira', 'Publica grandes nomes da literatura brasileira e clássicos internacionais.', 1965, NOW(), NOW()),
('Editora Globo', 'Braço editorial do Grupo Globo, com catálogo de não ficção e literatura.', 1883, NOW(), NOW()),
('Planeta do Brasil', 'Filial brasileira do Grupo Planeta, com títulos comerciais e religiosos.', 2003, NOW(), NOW()),
('L&PM Editores', 'Referência em livros de bolso, literatura clássica e contemporânea.', 1974, NOW(), NOW()),
('Martins Fontes', 'Forte em livros acadêmicos, técnicos e literatura universal.', 1960, NOW(), NOW()),
('Autêntica', 'Editora mineira que publica desde literatura até livros técnicos.', 1997, NOW(), NOW()),
('Editora 34', 'Editora independente conhecida por seu catálogo refinado e acadêmico.', 1992, NOW(), NOW()),
('Zahar', 'Editora de ciências humanas com títulos históricos e sociológicos.', 1956, NOW(), NOW()),
('Paz e Terra', 'Editora voltada para ciências sociais, política e filosofia.', 1964, NOW(), NOW()),
('FTD Educação', 'Tradicional editora de livros didáticos e paradidáticos.', 1902, NOW(), NOW()),
('Cia. Editora Nacional', 'Editora histórica com foco em educação e cultura.', 1925, NOW(), NOW()),
('Editora Ática', 'Conhecida por livros escolares e literatura infantojuvenil.', 1965, NOW(), NOW()),
('Editora Moderna', 'Especialista em materiais didáticos e paradidáticos.', 1968, NOW(), NOW()),
('Seguinte', 'Selo jovem da Companhia das Letras, foca em literatura juvenil.', 2012, NOW(), NOW());

INSERT INTO `library_db`.`employees` (`id`, `name`, `email`, `role`, `cpf`, `phone`, `residence_file_path`, `pis`, `created_at`, `updated_at`) VALUES
(1, 'Ana Souza', 'ana.souza@empresa.com', 'Gerente', '12345678901', '11987654321', '/caminho/arquivo1.pdf', '12345678901', NOW(), NOW()),
(2, 'Carlos Silva', 'carlos.silva@empresa.com', 'Supervisor', '23456789012', '11976543210', '/caminho/arquivo2.pdf', '23456789012', NOW(), NOW()),
(3, 'Fernanda Lima', 'fernanda.lima@empresa.com', 'Auxiliar', '34567890123', '11965432109', '/caminho/arquivo3.pdf', '34567890123', NOW(), NOW()),
(4, 'Gustavo Pereira', 'gustavo.pereira@empresa.com', 'Estagiário', '45678901234', '11954321098', '/caminho/arquivo4.pdf', '45678901234', NOW(), NOW()),
(5, 'Juliana Costa', 'juliana.costa@empresa.com', 'Gerente', '56789012345', '11943210987', '/caminho/arquivo5.pdf', '56789012345', NOW(), NOW()),
(6, 'Lucas Oliveira', 'lucas.oliveira@empresa.com', 'Supervisor', '67890123456', '11932109876', '/caminho/arquivo6.pdf', '67890123456', NOW(), NOW()),
(7, 'Mariana Rocha', 'mariana.rocha@empresa.com', 'Auxiliar', '78901234567', '11921098765', '/caminho/arquivo7.pdf', '78901234567', NOW(), NOW()),
(8, 'Paulo Martins', 'paulo.martins@empresa.com', 'Estagiário', '89012345678', '11910987654', '/caminho/arquivo8.pdf', '89012345678', NOW(), NOW()),
(9, 'Roberta Almeida', 'roberta.almeida@empresa.com', 'Gerente', '90123456789', '11909876543', '/caminho/arquivo9.pdf', '90123456789', NOW(), NOW()),
(10, 'Tiago Santos', 'tiago.santos@empresa.com', 'Supervisor', '01234567890', '11998765432', '/caminho/arquivo10.pdf', '01234567890', NOW(), NOW());

INSERT INTO `library_db`.`rentals` (`withdrawal_date`, `planned_date`, `returned_date`, `status`, `created_at`, `updated_at`, `client_id`, `employee_id`) VALUES
(NOW(), CURDATE() + INTERVAL 7 DAY, NULL, 'emprestado', NOW(), NOW(), 1, 1),
(NOW(), CURDATE() + INTERVAL 7 DAY, NOW(), 'devolvido', NOW(), NOW(), 2, 2),
(NOW(), CURDATE() + INTERVAL 7 DAY, NULL, 'atrasado', NOW(), NOW(), 3, 3),
(NOW(), CURDATE() + INTERVAL 7 DAY, NULL, 'perdido', NOW(), NOW(), 4, 4),
(NOW(), CURDATE() + INTERVAL 7 DAY, NOW(), 'devolvido', NOW(), NOW(), 5, 5),
(NOW(), CURDATE() + INTERVAL 7 DAY, NULL, 'emprestado', NOW(), NOW(), 6, 6),
(NOW(), CURDATE() + INTERVAL 7 DAY, NOW(), 'devolvido', NOW(), NOW(), 7, 7),
(NOW(), CURDATE() + INTERVAL 7 DAY, NULL, 'atrasado', NOW(), NOW(), 8, 8),
(NOW(), CURDATE() + INTERVAL 7 DAY, NULL, 'perdido', NOW(), NOW(), 9, 9),
(NOW(), CURDATE() + INTERVAL 7 DAY, NOW(), 'devolvido', NOW(), NOW(), 10, 10);

INSERT INTO `library_db`.`authors` (`name`, `birthdate`, `death_date`, `nationality`, `created_at`, `updated_at`) VALUES
('Machado de Assis', '1839-06-21', '1908-09-29', 'Brasileiro', NOW(), NOW()),
('Clarice Lispector', '1920-12-10', '1977-12-09', 'Brasileira', NOW(), NOW()),
('Jorge Amado', '1912-08-10', '2001-08-06', 'Brasileiro', NOW(), NOW()),
('Graciliano Ramos', '1892-10-27', '1953-03-20', 'Brasileiro', NOW(), NOW()),
('Monteiro Lobato', '1882-04-18', '1948-07-04', 'Brasileiro', NOW(), NOW()),
('Carlos Drummond', '1902-10-31', '1987-08-17', 'Brasileiro', NOW(), NOW()),
('Cecília Meireles', '1901-11-07', '1964-11-09', 'Brasileira', NOW(), NOW()),
('Manuel Bandeira', '1886-04-19', '1968-10-13', 'Brasileiro', NOW(), NOW()),
('Rachel de Queiroz', '1910-11-17', '2003-11-04', 'Brasileira', NOW(), NOW()),
('Paulo Coelho', '1947-08-24', NULL, 'Brasileiro', NOW(), NOW()),
('Lima Barreto', '1881-05-13', '1922-11-01', 'Brasileiro', NOW(), NOW()),
('Érico Veríssimo', '1905-12-17', '1975-11-28', 'Brasileiro', NOW(), NOW()),
('João Cabral de Melo Neto', '1920-01-06', '1999-10-09', 'Brasileiro', NOW(), NOW()),
('Hilda Hilst', '1930-04-21', '2004-02-04', 'Brasileira', NOW(), NOW()),
('Rubem Fonseca', '1925-05-11', '2020-04-15', 'Brasileiro', NOW(), NOW()),
('Lygia Fagundes Telles', '1923-04-19', '2022-04-03', 'Brasileira', NOW(), NOW()),
('Marina Colasanti', '1937-09-26', NULL, 'Brasileira', NOW(), NOW()),
('Nelson Rodrigues', '1912-08-23', '1980-12-21', 'Brasileiro', NOW(), NOW()),
('Autran Dourado', '1926-01-18', '2012-09-30', 'Brasileiro', NOW(), NOW()),
('Cristovão Tezza', '1952-08-21', NULL, 'Brasileiro', NOW(), NOW()),
('Moacyr Scliar', '1937-03-23', '2011-02-27', 'Brasileiro', NOW(), NOW()),
('Milton Hatoum', '1952-08-19', NULL, 'Brasileiro', NOW(), NOW()),
('Chico Buarque', '1944-06-19', NULL, 'Brasileiro', NOW(), NOW()),
('Fernando Sabino', '1923-10-12', '2004-10-11', 'Brasileiro', NOW(), NOW()),
('Luis Fernando Verissimo', '1936-09-26', NULL, 'Brasileiro', NOW(), NOW()),
('Raduan Nassar', '1935-11-27', NULL, 'Brasileiro', NOW(), NOW()),
('Conceição Evaristo', '1946-11-29', NULL, 'Brasileira', NOW(), NOW()),
('Bernardo Carvalho', '1960-07-03', NULL, 'Brasileiro', NOW(), NOW()),
('Tatiana Salem Levy', '1979-01-24', NULL, 'Brasileira', NOW(), NOW()),
('Marçal Aquino', '1958-03-15', NULL, 'Brasileiro', NOW(), NOW());

INSERT INTO `library_db`.`aliases` (`id`, `name`, `created_at`, `updated_at`, `author_id`) VALUES
(1, 'M. de Assis', NOW(), NOW(), 1),
(2, 'C. Lispector', NOW(), NOW(), 2),
(3, 'J. Amado', NOW(), NOW(), 3),
(4, 'G. Ramos', NOW(), NOW(), 4),
(5, 'M. Lobato', NOW(), NOW(), 5),
(6, 'C. Drummond', NOW(), NOW(), 6),
(7, 'C. Meireles', NOW(), NOW(), 7),
(8, 'M. Bandeira', NOW(), NOW(), 8),
(9, 'R. Queiroz', NOW(), NOW(), 9),
(10, 'P. Coelho', NOW(), NOW(), 10),
(11, 'L. Barreto', NOW(), NOW(), 11),
(12, 'É. Veríssimo', NOW(), NOW(), 12),
(13, 'J. C. Melo Neto', NOW(), NOW(), 13),
(14, 'H. Hilst', NOW(), NOW(), 14),
(15, 'R. Fonseca', NOW(), NOW(), 15),
(16, 'L. F. Telles', NOW(), NOW(), 16),
(17, 'M. Colasanti', NOW(), NOW(), 17),
(18, 'N. Rodrigues', NOW(), NOW(), 18),
(19, 'A. Dourado', NOW(), NOW(), 19),
(20, 'C. Tezza', NOW(), NOW(), 20),
(21, 'M. Scliar', NOW(), NOW(), 21),
(22, 'M. Hatoum', NOW(), NOW(), 22),
(23, 'C. Buarque', NOW(), NOW(), 23),
(24, 'F. Sabino', NOW(), NOW(), 24),
(25, 'L. F. Verissimo', NOW(), NOW(), 25),
(26, 'R. Nassar', NOW(), NOW(), 26),
(27, 'C. Evaristo', NOW(), NOW(), 27),
(28, 'B. Carvalho', NOW(), NOW(), 28),
(29, 'T. S. Levy', NOW(), NOW(), 29),
(30, 'M. Aquino', NOW(), NOW(), 30);

INSERT INTO `library_db`.`pieces` (`tittle`, `pages`, `published_year`, `category`, `is_scanned`, `edition`, `isbn`, `languege`, `cover`, `created_at`, `updated_at`, `publisher_id`, `aliase_id`) VALUES
('Dom Casmurro', 256, 1899, 'Romance', b'1', '1ª Edição', '9788535914849', 'pt-BR', 'Hardcover', NOW(), NOW(), 1, 1),
('A Hora da Estrela', 96, 1977, 'Drama', b'1', '2ª Edição', '9788535915242', 'pt-BR', 'Softcover', NOW(), NOW(), 2, 2),
('Capitães da Areia', 272, 1937, 'Ficção', b'0', '3ª Edição', '9788520926423', 'pt-BR', 'Dustjacket', NOW(), NOW(), 3, 3),
('Vidas Secas', 176, 1938, 'Romance', b'1', '4ª Edição', '9788535913491', 'pt-BR', 'wireo', NOW(), NOW(), 4, 4),
('O Saci', 140, 1921, 'Infantil', b'0', '1ª Edição', '9788579022874', 'pt-BR', 'Hardcover', NOW(), NOW(), 5, 5),
('Alguma Poesia', 120, 1930, 'Poesia', b'1', '1ª Edição', '9788535916881', 'pt-BR', 'Softcover', NOW(), NOW(), 6, 6),
('Romanceiro da Inconfidência', 210, 1953, 'Histórico', b'1', '2ª Edição', '9788572328560', 'pt-BR', 'Dustjacket', NOW(), NOW(), 7, 7),
('Estrela da Vida Inteira', 360, 1966, 'Poesia', b'0', '3ª Edição', '9788535912777', 'pt-BR', 'wireo', NOW(), NOW(), 8, 8),
('O Quinze', 200, 1930, 'Romance', b'1', '2ª Edição', '9788535902853', 'pt-BR', 'Hardcover', NOW(), NOW(), 9, 9),
('O Alquimista', 208, 1988, 'Autoajuda', b'1', '5ª Edição', '9780061122415', 'pt-BR', 'Softcover', NOW(), NOW(), 10, 10),
('Memórias Póstumas de Brás Cubas', 224, 1881, 'Romance', b'1', '2ª Edição', '9788535911237', 'pt-BR', 'Softcover', NOW(), NOW(), 1, 1),
('Quincas Borba', 320, 1891, 'Romance', b'0', '3ª Edição', '9788572327785', 'pt-BR', 'Hardcover', NOW(), NOW(), 1, 1),
('Perto do Coração Selvagem', 192, 1943, 'Romance', b'1', '1ª Edição', '9788535917659', 'pt-BR', 'Dustjacket', NOW(), NOW(), 2, 2),
('A Paixão Segundo G.H.', 176, 1964, 'Filosófico', b'0', '2ª Edição', '9788535914566', 'pt-BR', 'Softcover', NOW(), NOW(), 2, 2),
('Dona Flor e Seus Dois Maridos', 576, 1966, 'Romance', b'1', '4ª Edição', '9788520921008', 'pt-BR', 'Hardcover', NOW(), NOW(), 3, 3),
('Gabriela, Cravo e Canela', 368, 1958, 'Romance', b'0', '2ª Edição', '9788520922319', 'pt-BR', 'Softcover', NOW(), NOW(), 3, 3),
('Infância', 160, 1945, 'Autobiografia', b'1', '1ª Edição', '9788535907704', 'pt-BR', 'wireo', NOW(), NOW(), 4, 4),
('São Bernardo', 192, 1934, 'Romance', b'0', '3ª Edição', '9788535907919', 'pt-BR', 'Softcover', NOW(), NOW(), 4, 4),
('Reinações de Narizinho', 320, 1931, 'Infantil', b'1', '5ª Edição', '9788535911114', 'pt-BR', 'Hardcover', NOW(), NOW(), 5, 5),
('Caçadas de Pedrinho', 160, 1933, 'Infantil', b'1', '3ª Edição', '9788579021235', 'pt-BR', 'Softcover', NOW(), NOW(), 5, 5),
('Sentimento do Mundo', 128, 1940, 'Poesia', b'0', '1ª Edição', '9788535916782', 'pt-BR', 'Dustjacket', NOW(), NOW(), 6, 6),
('Claro Enigma', 200, 1951, 'Poesia', b'1', '2ª Edição', '9788535918892', 'pt-BR', 'Hardcover', NOW(), NOW(), 6, 6),
('Viagem', 144, 1939, 'Poesia', b'1', '1ª Edição', '9788535919127', 'pt-BR', 'Softcover', NOW(), NOW(), 7, 7),
('Ou Isto ou Aquilo', 96, 1964, 'Infantil', b'0', '2ª Edição', '9788535917680', 'pt-BR', 'Hardcover', NOW(), NOW(), 7, 7),
('Libertinagem', 136, 1930, 'Poesia', b'1', '1ª Edição', '9788579028470', 'pt-BR', 'wireo', NOW(), NOW(), 8, 8),
('Itinerário de Pasárgada', 200, 1954, 'Memórias', b'0', '3ª Edição', '9788579027220', 'pt-BR', 'Dustjacket', NOW(), NOW(), 8, 8),
('As Três Marias', 240, 1939, 'Romance', b'1', '2ª Edição', '9788579023505', 'pt-BR', 'Softcover', NOW(), NOW(), 9, 9),
('Memorial de Maria Moura', 360, 1992, 'Romance', b'1', '1ª Edição', '9788579023468', 'pt-BR', 'Hardcover', NOW(), NOW(), 9, 9),
('Triste Fim de Policarpo Quaresma', 256, 1915, 'Romance', b'1', '1ª Edição', '9788572328033', 'pt-BR', 'Hardcover', NOW(), NOW(), 1, 11),
('O Tempo e o Vento', 512, 1949, 'Saga', b'0', '2ª Edição', '9788572328040', 'pt-BR', 'Softcover', NOW(), NOW(), 2, 12),
('Morte e Vida Severina', 64, 1955, 'Poético', b'1', '3ª Edição', '9788572328057', 'pt-BR', 'wireo', NOW(), NOW(), 3, 13),
('A Obscena Senhora D', 144, 1982, 'Romance', b'1', '1ª Edição', '9788572328064', 'pt-BR', 'Dustjacket', NOW(), NOW(), 4, 14),
('Agosto', 360, 1990, 'Policial', b'1', '4ª Edição', '9788572328071', 'pt-BR', 'Hardcover', NOW(), NOW(), 5, 15),
('As Meninas', 304, 1973, 'Romance', b'1', '2ª Edição', '9788572328088', 'pt-BR', 'Softcover', NOW(), NOW(), 6, 16),
('A Moça Tecelã', 112, 1994, 'Contos', b'0', '1ª Edição', '9788572328095', 'pt-BR', 'Dustjacket', NOW(), NOW(), 7, 17),
('Vestido de Noiva', 128, 1943, 'Teatro', b'1', '3ª Edição', '9788572328101', 'pt-BR', 'wireo', NOW(), NOW(), 8, 18),
('Ópera dos Mortos', 384, 1967, 'Romance', b'0', '2ª Edição', '9788572328118', 'pt-BR', 'Hardcover', NOW(), NOW(), 9, 19),
('O Filho Eterno', 224, 2007, 'Romance', b'1', '1ª Edição', '9788572328125', 'pt-BR', 'Softcover', NOW(), NOW(), 10, 20),
('O Centauro no Jardim', 272, 1980, 'Ficção', b'1', '2ª Edição', '9788572328132', 'pt-BR', 'Dustjacket', NOW(), NOW(), 11, 21),
('Dois Irmãos', 384, 2000, 'Romance', b'0', '3ª Edição', '9788572328149', 'pt-BR', 'Hardcover', NOW(), NOW(), 12, 22),
('Leite Derramado', 200, 2009, 'Romance', b'1', '1ª Edição', '9788572328156', 'pt-BR', 'Softcover', NOW(), NOW(), 13, 23),
('O Encontro Marcado', 320, 1956, 'Romance', b'1', '2ª Edição', '9788572328163', 'pt-BR', 'Hardcover', NOW(), NOW(), 14, 24),
('Comédias da Vida Privada', 256, 1994, 'Crônicas', b'1', '1ª Edição', '9788572328170', 'pt-BR', 'Softcover', NOW(), NOW(), 15, 25),
('Lavoura Arcaica', 240, 1975, 'Romance', b'0', '2ª Edição', '9788572328187', 'pt-BR', 'Dustjacket', NOW(), NOW(), 16, 26),
('Ponciá Vicêncio', 176, 2003, 'Romance', b'1', '1ª Edição', '9788572328194', 'pt-BR', 'wireo', NOW(), NOW(), 17, 27),
('Nove Noites', 208, 2002, 'Ficção', b'1', '3ª Edição', '9788572328200', 'pt-BR', 'Softcover', NOW(), NOW(), 18, 28),
('A Chave de Casa', 224, 2007, 'Romance', b'0', '1ª Edição', '9788572328217', 'pt-BR', 'Hardcover', NOW(), NOW(), 19, 29),
('O Invasor', 192, 2001, 'Policial', b'1', '2ª Edição', '9788572328224', 'pt-BR', 'Softcover', NOW(), NOW(), 20, 30),
('Clara dos Anjos', 220, 1948, 'Romance', b'1', '1ª Edição', '9788572328231', 'pt-BR', 'Softcover', NOW(), NOW(), 1, 11),
('Incidente em Antares', 392, 1971, 'Ficção', b'1', '2ª Edição', '9788572328232', 'pt-BR', 'Hardcover', NOW(), NOW(), 2, 12),
('Auto do Frade', 180, 1984, 'Poético', b'0', '1ª Edição', '9788572328233', 'pt-BR', 'wireo', NOW(), NOW(), 3, 13),
('Rútilo Nada', 160, 1993, 'Filosófico', b'1', '1ª Edição', '9788572328234', 'pt-BR', 'Dustjacket', NOW(), NOW(), 4, 14),
('O Caso Morel', 192, 1973, 'Policial', b'1', '2ª Edição', '9788572328235', 'pt-BR', 'Softcover', NOW(), NOW(), 5, 15),
('Ciranda de Pedra', 288, 1954, 'Romance', b'1', '3ª Edição', '9788572328236', 'pt-BR', 'Hardcover', NOW(), NOW(), 6, 16),
('Eu Sei mas Não Devia', 128, 1996, 'Crônicas', b'0', '1ª Edição', '9788572328237', 'pt-BR', 'Dustjacket', NOW(), NOW(), 7, 17),
('A Vida Como Ela É', 384, 1951, 'Contos', b'1', '2ª Edição', '9788572328238', 'pt-BR', 'wireo', NOW(), NOW(), 8, 18),
('Uma Vida em Segredo', 208, 1964, 'Romance', b'1', '1ª Edição', '9788572328239', 'pt-BR', 'Softcover', NOW(), NOW(), 9, 19),
('Breve Espaço entre Cor e Sombra', 240, 1996, 'Romance', b'0', '2ª Edição', '9788572328240', 'pt-BR', 'Hardcover', NOW(), NOW(), 10, 20),
('A Mulher que Escreveu a Bíblia', 256, 1999, 'Ficção', b'1', '3ª Edição', '9788572328241', 'pt-BR', 'Dustjacket', NOW(), NOW(), 11, 21),
('Cinzas do Norte', 352, 2005, 'Romance', b'1', '1ª Edição', '9788572328242', 'pt-BR', 'Softcover', NOW(), NOW(), 12, 22),
('Budapeste', 192, 2003, 'Romance', b'0', '2ª Edição', '9788572328243', 'pt-BR', 'Hardcover', NOW(), NOW(), 13, 23),
('O Grande Mentecapto', 296, 1979, 'Romance', b'1', '3ª Edição', '9788572328244', 'pt-BR', 'wireo', NOW(), NOW(), 14, 24),
('Ed Mort', 160, 1985, 'Humor', b'1', '2ª Edição', '9788572328245', 'pt-BR', 'Dustjacket', NOW(), NOW(), 15, 25),
('Menina a Caminho', 200, 1997, 'Contos', b'0', '1ª Edição', '9788572328246', 'pt-BR', 'Softcover', NOW(), NOW(), 16, 26),
('Histórias de Leves Enganos e Parecenças', 176, 2003, 'Contos', b'1', '2ª Edição', '9788572328247', 'pt-BR', 'Hardcover', NOW(), NOW(), 17, 27),
('Simpatia pelo Demônio', 220, 2016, 'Ficção', b'1', '1ª Edição', '9788572328248', 'pt-BR', 'Dustjacket', NOW(), NOW(), 18, 28),
('Dois Rios', 240, 2011, 'Romance', b'0', '2ª Edição', '9788572328249', 'pt-BR', 'wireo', NOW(), NOW(), 19, 29),
('Cabeça a Prêmio', 192, 2003, 'Policial', b'1', '3ª Edição', '9788572328250', 'pt-BR', 'Softcover', NOW(), NOW(), 20, 30),
('Vida e Morte de M.J. Gonzaga de Sá', 180, 1919, 'Ficção', b'0', '1ª Edição', '9788572328251', 'pt-BR', 'Hardcover', NOW(), NOW(), 1, 11),
('Solo de Clarineta', 320, 1973, 'Memórias', b'1', '2ª Edição', '9788572328252', 'pt-BR', 'Softcover', NOW(), NOW(), 2, 12),
('A Educação pela Pedra', 200, 1966, 'Poesia', b'1', '3ª Edição', '9788572328253', 'pt-BR', 'Dustjacket', NOW(), NOW(), 3, 13),
('Cantares de Perda e Predileção', 176, 1983, 'Poemas', b'1', '1ª Edição', '9788572328254', 'pt-BR', 'wireo', NOW(), NOW(), 4, 14),
('Mandrake: A Bíblia e o Cajado', 288, 2005, 'Policial', b'1', '2ª Edição', '9788572328255', 'pt-BR', 'Softcover', NOW(), NOW(), 5, 15),
('Verão no Aquário', 224, 1964, 'Romance', b'0', '3ª Edição', '9788572328256', 'pt-BR', 'Hardcover', NOW(), NOW(), 6, 16),
('Minha Ilha Maravilha', 208, 2003, 'Infantil', b'1', '1ª Edição', '9788572328257', 'pt-BR', 'Dustjacket', NOW(), NOW(), 7, 17),
('O Beijo no Asfalto', 144, 1960, 'Teatro', b'1', '2ª Edição', '9788572328258', 'pt-BR', 'wireo', NOW(), NOW(), 8, 18),
('A Barca dos Homens', 272, 1961, 'Romance', b'0', '1ª Edição', '9788572328259', 'pt-BR', 'Softcover', NOW(), NOW(), 9, 19),
('Trapo', 200, 1998, 'Romance', b'1', '2ª Edição', '9788572328260', 'pt-BR', 'Hardcover', NOW(), NOW(), 10, 20);

INSERT INTO `library_db`.`volumes` (`bought_date`, `status`, `printing_year`, `condition`, `created_at`, `updated_at`, `piece_id`, `session_id`) VALUES
('2021-05-10','alocado',2020,'Novo',NOW(),NOW(),1,1),
('2022-07-18','guardados',2021,'Boas condições',NOW(),NOW(),1,1),
('2023-09-05','não alocavel',2022,'Parcialmente danificado',NOW(),NOW(),1,1),
('2020-03-12','alocado',2019,'Novo',NOW(),NOW(),2,2),
('2021-08-22','guardados',2020,'Boas condições',NOW(),NOW(),2,2),
('2022-11-14','perdido',2021,'Danificado',NOW(),NOW(),2,2),
('2019-02-28','alocado',2018,'Novo',NOW(),NOW(),3,3),
('2020-06-30','guardados',2019,'Boas condições',NOW(),NOW(),3,3),
('2021-10-09','não alocavel',2020,'Parcialmente danificado',NOW(),NOW(),3,3),
('2022-01-15','alocado',2021,'Novo',NOW(),NOW(),4,4),
('2023-04-20','guardados',2022,'Boas condições',NOW(),NOW(),4,4),
('2024-07-12','perdido',2023,'Danificado',NOW(),NOW(),4,4),
('2020-09-01','alocado',2019,'Novo',NOW(),NOW(),5,5),
('2021-12-11','guardados',2020,'Boas condições',NOW(),NOW(),5,5),
('2022-03-25','não alocavel',2021,'Parcialmente danificado',NOW(),NOW(),5,5),
('2021-07-08','alocado',2020,'Novo',NOW(),NOW(),6,6),
('2022-11-19','guardados',2021,'Boas condições',NOW(),NOW(),6,6),
('2023-02-14','perdido',2022,'Danificado',NOW(),NOW(),6,6),
('2019-05-20','alocado',2018,'Novo',NOW(),NOW(),7,7),
('2020-08-30','guardados',2019,'Boas condições',NOW(),NOW(),7,7),
('2021-12-05','não alocavel',2020,'Parcialmente danificado',NOW(),NOW(),7,7),
('2022-03-17','alocado',2021,'Novo',NOW(),NOW(),8,8),
('2023-06-28','guardados',2022,'Boas condições',NOW(),NOW(),8,8),
('2024-10-02','perdido',2023,'Danificado',NOW(),NOW(),8,8),
('2020-11-11','alocado',2019,'Novo',NOW(),NOW(),9,9),
('2022-02-23','guardados',2021,'Boas condições',NOW(),NOW(),9,9),
('2023-05-09','não alocavel',2022,'Parcialmente danificado',NOW(),NOW(),9,9),
('2021-01-05','alocado',2020,'Novo',NOW(),NOW(),10,10),
('2022-04-16','guardados',2021,'Boas condições',NOW(),NOW(),10,10),
('2023-08-21','perdido',2022,'Danificado',NOW(),NOW(),10,10),
('2019-10-14','alocado',2018,'Novo',NOW(),NOW(),11,1),
('2021-01-25','guardados',2019,'Boas condições',NOW(),NOW(),11,1),
('2022-05-10','não alocavel',2020,'Parcialmente danificado',NOW(),NOW(),11,1),
('2020-06-07','alocado',2019,'Novo',NOW(),NOW(),12,2),
('2021-09-18','guardados',2020,'Boas condições',NOW(),NOW(),12,2),
('2022-12-29','perdido',2021,'Danificado',NOW(),NOW(),12,2),
('2021-02-13','alocado',2020,'Novo',NOW(),NOW(),13,3),
('2022-05-24','guardados',2021,'Boas condições',NOW(),NOW(),13,3),
('2023-09-06','não alocavel',2022,'Parcialmente danificado',NOW(),NOW(),13,3),
('2022-04-01','alocado',2021,'Novo',NOW(),NOW(),14,4),
('2023-07-12','guardados',2022,'Boas condições',NOW(),NOW(),14,4),
('2024-10-23','perdido',2023,'Danificado',NOW(),NOW(),14,4),
('2020-08-19','alocado',2019,'Novo',NOW(),NOW(),15,5),
('2021-11-30','guardados',2020,'Boas condições',NOW(),NOW(),15,5),
('2023-03-15','não alocavel',2021,'Parcialmente danificado',NOW(),NOW(),15,5),
('2021-05-03','alocado',2020,'Novo',NOW(),NOW(),16,6),
('2022-08-14','guardados',2021,'Boas condições',NOW(),NOW(),16,6),
('2023-11-29','perdido',2022,'Danificado',NOW(),NOW(),16,6),
('2019-03-22','alocado',2018,'Novo',NOW(),NOW(),17,7),
('2020-06-03','guardados',2019,'Boas condições',NOW(),NOW(),17,7),
('2021-09-16','não alocavel',2020,'Parcialmente danificado',NOW(),NOW(),17,7),
('2022-02-27','alocado',2021,'Novo',NOW(),NOW(),18,8),
('2023-06-08','guardados',2022,'Boas condições',NOW(),NOW(),18,8),
('2024-09-19','perdido',2023,'Danificado',NOW(),NOW(),18,8),
('2020-12-11','alocado',2019,'Novo',NOW(),NOW(),19,9),
('2022-03-24','guardados',2021,'Boas condições',NOW(),NOW(),19,9),
('2023-07-05','não alocavel',2022,'Parcialmente danificado',NOW(),NOW(),19,9),
('2021-01-29','alocado',2020,'Novo',NOW(),NOW(),20,10),
('2022-05-10','guardados',2021,'Boas condições',NOW(),NOW(),20,10),
('2023-08-22','perdido',2022,'Danificado',NOW(),NOW(),20,10),
('2019-06-15','alocado',2018,'Novo',NOW(),NOW(),21,1),
('2020-09-25','guardados',2019,'Boas condições',NOW(),NOW(),21,1),
('2022-01-07','não alocavel',2020,'Parcialmente danificado',NOW(),NOW(),21,1),
('2020-07-18','alocado',2019,'Novo',NOW(),NOW(),22,2),
('2021-10-29','guardados',2020,'Boas condições',NOW(),NOW(),22,2),
('2023-02-10','perdido',2021,'Danificado',NOW(),NOW(),22,2),
('2021-03-05','alocado',2020,'Novo',NOW(),NOW(),23,3),
('2022-06-16','guardados',2021,'Boas condições',NOW(),NOW(),23,3),
('2023-09-27','não alocavel',2022,'Parcialmente danificado',NOW(),NOW(),23,3),
('2022-05-12','alocado',2021,'Novo',NOW(),NOW(),24,4),
('2023-08-23','guardados',2022,'Boas condições',NOW(),NOW(),24,4),
('2024-11-03','perdido',2023,'Danificado',NOW(),NOW(),24,4),
('2020-09-20','alocado',2019,'Novo',NOW(),NOW(),25,5),
('2022-01-01','guardados',2020,'Boas condições',NOW(),NOW(),25,5),
('2023-04-12','não alocavel',2021,'Parcialmente danificado',NOW(),NOW(),25,5),
('2021-06-11','alocado',2020,'Novo',NOW(),NOW(),26,6),
('2022-09-22','guardados',2021,'Boas condições',NOW(),NOW(),26,6),
('2023-12-05','perdido',2022,'Danificado',NOW(),NOW(),26,6),
('2019-07-01','alocado',2018,'Novo',NOW(),NOW(),27,7),
('2020-10-12','guardados',2019,'Boas condições',NOW(),NOW(),27,7),
('2022-02-23','não alocavel',2020,'Parcialmente danificado',NOW(),NOW(),27,7),
('2022-03-13','alocado',2021,'Novo',NOW(),NOW(),28,8),
('2023-06-24','guardados',2022,'Boas condições',NOW(),NOW(),28,8),
('2024-10-05','perdido',2023,'Danificado',NOW(),NOW(),28,8),
('2020-11-02','alocado',2019,'Novo',NOW(),NOW(),29,9),
('2022-02-13','guardados',2021,'Boas condições',NOW(),NOW(),29,9),
('2023-05-26','não alocavel',2022,'Parcialmente danificado',NOW(),NOW(),29,9),
('2021-01-17','alocado',2020,'Novo',NOW(),NOW(),30,10),
('2022-04-28','guardados',2021,'Boas condições',NOW(),NOW(),30,10),
('2023-08-09','perdido',2022,'Danificado',NOW(),NOW(),30,10),
('2025-09-01','perdido',1991,'Danificado',NOW(),NOW(),1,8),
('2021-07-21','guardados',1991,'Parcialmente danificado',NOW(),NOW(),1,3),
('2010-09-23','alocado',1991,'Danificado',NOW(),NOW(),1,8),
('2019-04-28','guardados',1991,'Parcialmente danificado',NOW(),NOW(),1,1),
('2006-10-15','alocado',1991,'Parcialmente danificado',NOW(),NOW(),1,8),
('2008-11-04','alocado',2008,'Parcialmente danificado',NOW(),NOW(),2,5),
('2009-09-20','alocado',2008,'Danificado',NOW(),NOW(),2,8),
('2021-01-06','alocado',2008,'Danificado',NOW(),NOW(),2,4),
('2015-03-18','perdido',2008,'Boas condições',NOW(),NOW(),2,1),
('2018-02-07','alocado',2008,'Parcialmente danificado',NOW(),NOW(),2,2),
('2015-11-14','alocado',2012,'Boas condições',NOW(),NOW(),3,8),
('2021-11-08','não alocavel',2012,'Parcialmente danificado',NOW(),NOW(),3,6),
('2018-05-06','perdido',2012,'Danificado',NOW(),NOW(),3,6),
('2025-05-29','alocado',2012,'Parcialmente danificado',NOW(),NOW(),3,2),
('2019-05-24','alocado',2012,'Danificado',NOW(),NOW(),3,5),
('2025-06-14','não alocavel',1996,'Parcialmente danificado',NOW(),NOW(),4,2),
('2022-02-20','não alocavel',1996,'Parcialmente danificado',NOW(),NOW(),4,5),
('2025-06-05','perdido',1996,'Boas condições',NOW(),NOW(),4,2),
('2009-11-20','perdido',1996,'Parcialmente danificado',NOW(),NOW(),4,3),
('2019-08-12','alocado',1996,'Danificado',NOW(),NOW(),4,9),
('2003-10-26','guardados',2003,'Parcialmente danificado',NOW(),NOW(),5,3),
('2012-08-10','guardados',2003,'Danificado',NOW(),NOW(),5,4),
('2013-02-28','não alocavel',2003,'Boas condições',NOW(),NOW(),5,2),
('2016-04-08','alocado',2003,'Novo',NOW(),NOW(),5,6),
('2008-11-17','perdido',2003,'Boas condições',NOW(),NOW(),5,3),
('2022-01-29','não alocavel',1991,'Danificado',NOW(),NOW(),6,1),
('2009-06-06','guardados',1991,'Boas condições',NOW(),NOW(),6,8),
('2018-05-22','guardados',1991,'Danificado',NOW(),NOW(),6,4),
('2014-12-15','não alocavel',1991,'Parcialmente danificado',NOW(),NOW(),6,8),
('1999-09-14','guardados',1991,'Danificado',NOW(),NOW(),6,8),
('2015-02-17','perdido',1998,'Boas condições',NOW(),NOW(),7,4),
('2025-02-14','não alocavel',1998,'Parcialmente danificado',NOW(),NOW(),7,1),
('2019-07-23','guardados',1998,'Novo',NOW(),NOW(),7,9),
('2003-08-05','guardados',1998,'Novo',NOW(),NOW(),7,3),
('2010-03-28','perdido',1998,'Boas condições',NOW(),NOW(),7,7),
('2025-11-04','não alocavel',1985,'Danificado',NOW(),NOW(),8,6),
('1986-03-13','perdido',1985,'Novo',NOW(),NOW(),8,7),
('2007-07-09','guardados',1985,'Boas condições',NOW(),NOW(),8,7),
('1988-08-30','guardados',1985,'Boas condições',NOW(),NOW(),8,1),
('1999-04-19','alocado',1985,'Parcialmente danificado',NOW(),NOW(),8,3),
('1989-09-19','guardados',1988,'Danificado',NOW(),NOW(),9,3),
('2022-01-14','perdido',1988,'Danificado',NOW(),NOW(),9,1),
('1991-07-22','alocado',1988,'Parcialmente danificado',NOW(),NOW(),9,4),
('2025-06-15','não alocavel',1988,'Danificado',NOW(),NOW(),9,2),
('2022-10-25','guardados',1988,'Boas condições',NOW(),NOW(),9,5),
('1989-02-21','não alocavel',1987,'Danificado',NOW(),NOW(),10,8),
('1989-10-26','alocado',1987,'Danificado',NOW(),NOW(),10,9),
('1987-09-27','não alocavel',1987,'Boas condições',NOW(),NOW(),10,5),
('2006-04-03','alocado',1987,'Parcialmente danificado',NOW(),NOW(),10,4),
('2012-08-06','perdido',1987,'Boas condições',NOW(),NOW(),10,2),
('2021-02-02','alocado',2013,'Novo',NOW(),NOW(),11,7),
('2023-07-19','alocado',2013,'Danificado',NOW(),NOW(),11,6),
('2018-09-09','alocado',2013,'Parcialmente danificado',NOW(),NOW(),11,2),
('2020-09-25','não alocavel',2013,'Novo',NOW(),NOW(),11,6),
('2015-12-29','alocado',2013,'Parcialmente danificado',NOW(),NOW(),11,9),
('2008-11-08','perdido',2001,'Danificado',NOW(),NOW(),12,3),
('2007-01-19','alocado',2001,'Danificado',NOW(),NOW(),12,1),
('2014-03-01','não alocavel',2001,'Novo',NOW(),NOW(),12,4),
('2002-11-18','guardados',2001,'Parcialmente danificado',NOW(),NOW(),12,9),
('2018-11-12','perdido',2001,'Parcialmente danificado',NOW(),NOW(),12,1),
('2022-01-27','guardados',2021,'Parcialmente danificado',NOW(),NOW(),13,1),
('2025-11-09','guardados',2021,'Parcialmente danificado',NOW(),NOW(),13,2),
('2025-06-26','guardados',2021,'Danificado',NOW(),NOW(),13,7),
('2025-03-03','perdido',2021,'Danificado',NOW(),NOW(),13,6),
('2022-01-18','perdido',2021,'Danificado',NOW(),NOW(),13,6),
('2018-12-25','alocado',2013,'Danificado',NOW(),NOW(),14,2),
('2022-08-29','não alocavel',2013,'Parcialmente danificado',NOW(),NOW(),14,6),
('2015-04-21','alocado',2013,'Parcialmente danificado',NOW(),NOW(),14,5),
('2019-11-16','perdido',2013,'Danificado',NOW(),NOW(),14,3),
('2022-12-16','guardados',2013,'Danificado',NOW(),NOW(),14,1),
('2021-07-06','guardados',2002,'Novo',NOW(),NOW(),15,2),
('2020-03-22','guardados',2002,'Boas condições',NOW(),NOW(),15,1),
('2008-05-28','perdido',2002,'Novo',NOW(),NOW(),15,3),
('2005-01-06','não alocavel',2002,'Parcialmente danificado',NOW(),NOW(),15,6),
('2019-03-05','alocado',2002,'Boas condições',NOW(),NOW(),15,8),
('2019-09-09','perdido',2003,'Novo',NOW(),NOW(),16,3),
('2019-06-18','perdido',2003,'Parcialmente danificado',NOW(),NOW(),16,5),
('2014-03-13','alocado',2003,'Novo',NOW(),NOW(),16,3),
('2025-05-21','perdido',2003,'Novo',NOW(),NOW(),16,5),
('2014-09-04','perdido',2003,'Boas condições',NOW(),NOW(),16,5),
('2025-05-17','não alocavel',2024,'Novo',NOW(),NOW(),17,3),
('2024-03-16','perdido',2024,'Boas condições',NOW(),NOW(),17,8),
('2024-03-30','guardados',2024,'Parcialmente danificado',NOW(),NOW(),17,2),
('2025-07-17','guardados',2024,'Parcialmente danificado',NOW(),NOW(),17,3),
('2025-12-29','não alocavel',2024,'Parcialmente danificado',NOW(),NOW(),17,9),
('1999-06-12','não alocavel',1994,'Boas condições',NOW(),NOW(),18,4),
('2016-02-29','alocado',1994,'Parcialmente danificado',NOW(),NOW(),18,9),
('2019-09-03','guardados',1994,'Danificado',NOW(),NOW(),18,9),
('1999-10-28','alocado',1994,'Novo',NOW(),NOW(),18,5),
('2011-11-11','perdido',1994,'Danificado',NOW(),NOW(),18,7),
('2016-10-29','não alocavel',2016,'Parcialmente danificado',NOW(),NOW(),19,2),
('2021-01-17','perdido',2016,'Parcialmente danificado',NOW(),NOW(),19,3),
('2025-11-05','não alocavel',2016,'Boas condições',NOW(),NOW(),19,7),
('2021-08-21','alocado',2016,'Novo',NOW(),NOW(),19,9),
('2017-09-18','guardados',2016,'Boas condições',NOW(),NOW(),19,3),
('2010-02-11','guardados',2000,'Parcialmente danificado',NOW(),NOW(),20,2),
('2011-03-29','não alocavel',2000,'Parcialmente danificado',NOW(),NOW(),20,3),
('2013-08-01','alocado',2000,'Boas condições',NOW(),NOW(),20,3),
('2007-09-05','guardados',2000,'Novo',NOW(),NOW(),20,1),
('2003-08-23','alocado',2000,'Parcialmente danificado',NOW(),NOW(),20,4),
('2020-09-02','alocado',2016,'Danificado',NOW(),NOW(),21,9),
('2019-04-01','guardados',2016,'Danificado',NOW(),NOW(),21,4),
('2025-01-09','perdido',2016,'Parcialmente danificado',NOW(),NOW(),21,8),
('2016-10-25','alocado',2016,'Boas condições',NOW(),NOW(),21,8),
('2020-08-29','perdido',2016,'Danificado',NOW(),NOW(),21,4),
('2007-06-12','guardados',2001,'Parcialmente danificado',NOW(),NOW(),22,6),
('2018-11-20','não alocavel',2001,'Parcialmente danificado',NOW(),NOW(),22,9),
('2005-10-06','guardados',2001,'Boas condições',NOW(),NOW(),22,8),
('2006-07-01','guardados',2001,'Danificado',NOW(),NOW(),22,4),
('2007-04-28','alocado',2001,'Novo',NOW(),NOW(),22,5),
('2023-05-20','perdido',2004,'Boas condições',NOW(),NOW(),23,3),
('2022-03-31','guardados',2004,'Parcialmente danificado',NOW(),NOW(),23,4),
('2021-02-11','não alocavel',2004,'Danificado',NOW(),NOW(),23,9),
('2014-06-21','perdido',2004,'Parcialmente danificado',NOW(),NOW(),23,8),
('2004-07-08','alocado',2004,'Danificado',NOW(),NOW(),23,9),
('2014-05-27','não alocavel',2009,'Parcialmente danificado',NOW(),NOW(),24,1),
('2010-02-19','guardados',2009,'Danificado',NOW(),NOW(),24,8),
('2015-05-30','alocado',2009,'Novo',NOW(),NOW(),24,7),
('2012-01-03','guardados',2009,'Parcialmente danificado',NOW(),NOW(),24,7),
('2017-03-17','alocado',2009,'Danificado',NOW(),NOW(),24,1),
('2022-04-20','não alocavel',2016,'Parcialmente danificado',NOW(),NOW(),25,9),
('2019-03-28','alocado',2016,'Danificado',NOW(),NOW(),25,9),
('2021-01-18','guardados',2016,'Novo',NOW(),NOW(),25,3),
('2017-01-31','perdido',2016,'Parcialmente danificado',NOW(),NOW(),25,6),
('2022-04-03','guardados',2016,'Boas condições',NOW(),NOW(),25,4),
('2023-09-17','perdido',2018,'Novo',NOW(),NOW(),26,1),
('2018-06-09','não alocavel',2018,'Parcialmente danificado',NOW(),NOW(),26,8),
('2023-10-29','perdido',2018,'Boas condições',NOW(),NOW(),26,9),
('2019-07-27','guardados',2018,'Parcialmente danificado',NOW(),NOW(),26,3),
('2022-05-29','guardados',2018,'Parcialmente danificado',NOW(),NOW(),26,9),
('2023-12-09','perdido',2012,'Parcialmente danificado',NOW(),NOW(),27,8),
('2012-05-16','guardados',2012,'Parcialmente danificado',NOW(),NOW(),27,2),
('2021-05-05','guardados',2012,'Novo',NOW(),NOW(),27,8),
('2017-12-15','não alocavel',2012,'Novo',NOW(),NOW(),27,8),
('2015-10-28','perdido',2012,'Boas condições',NOW(),NOW(),27,4),
('2007-09-07','alocado',1982,'Boas condições',NOW(),NOW(),28,1),
('2001-10-13','guardados',1982,'Danificado',NOW(),NOW(),28,3),
('2000-07-10','não alocavel',1982,'Danificado',NOW(),NOW(),28,9),
('2016-10-06','perdido',1982,'Novo',NOW(),NOW(),28,3),
('2005-04-08','não alocavel',1982,'Parcialmente danificado',NOW(),NOW(),28,8),
('2021-06-14','guardados',2013,'Boas condições',NOW(),NOW(),29,8),
('2024-12-16','guardados',2013,'Parcialmente danificado',NOW(),NOW(),29,5),
('2023-11-11','não alocavel',2013,'Boas condições',NOW(),NOW(),29,5),
('2025-07-08','guardados',2013,'Boas condições',NOW(),NOW(),29,5),
('2019-06-26','não alocavel',2013,'Danificado',NOW(),NOW(),29,6),
('2017-10-28','guardados',2010,'Parcialmente danificado',NOW(),NOW(),30,2),
('2022-11-11','perdido',2010,'Danificado',NOW(),NOW(),30,6),
('2013-04-14','guardados',2010,'Novo',NOW(),NOW(),30,5),
('2011-10-10','guardados',2010,'Danificado',NOW(),NOW(),30,5),
('2020-09-29','não alocavel',2010,'Boas condições',NOW(),NOW(),30,9),
('2022-03-19','guardados',1997,'Boas condições',NOW(),NOW(),31,2),
('2024-08-14','não alocavel',1997,'Boas condições',NOW(),NOW(),31,1),
('2020-10-27','não alocavel',1997,'Boas condições',NOW(),NOW(),31,1),
('2001-06-30','perdido',1997,'Parcialmente danificado',NOW(),NOW(),31,8),
('2001-07-06','não alocavel',1997,'Novo',NOW(),NOW(),31,9),
('2008-04-02','perdido',1990,'Danificado',NOW(),NOW(),32,4),
('2023-11-28','guardados',1990,'Parcialmente danificado',NOW(),NOW(),32,5),
('2018-12-22','alocado',1990,'Novo',NOW(),NOW(),32,4),
('2014-01-02','alocado',1990,'Boas condições',NOW(),NOW(),32,7),
('1997-11-20','alocado',1990,'Danificado',NOW(),NOW(),32,8),
('2024-08-06','guardados',1991,'Novo',NOW(),NOW(),33,1),
('2004-05-20','alocado',1991,'Parcialmente danificado',NOW(),NOW(),33,5),
('2011-05-20','perdido',1991,'Boas condições',NOW(),NOW(),33,9),
('2011-12-30','guardados',1991,'Boas condições',NOW(),NOW(),33,2),
('2005-10-31','não alocavel',1991,'Danificado',NOW(),NOW(),33,5),
('2025-04-06','alocado',2025,'Parcialmente danificado',NOW(),NOW(),34,5),
('2025-10-18','não alocavel',2025,'Boas condições',NOW(),NOW(),34,7),
('2025-08-07','guardados',2025,'Novo',NOW(),NOW(),34,7),
('2025-12-09','alocado',2025,'Boas condições',NOW(),NOW(),34,3),
('2025-09-02','guardados',2025,'Boas condições',NOW(),NOW(),34,1),
('2013-03-16','não alocavel',1996,'Danificado',NOW(),NOW(),35,5),
('2010-10-14','guardados',1996,'Novo',NOW(),NOW(),35,5),
('2025-04-27','guardados',1996,'Boas condições',NOW(),NOW(),35,1),
('2025-12-15','alocado',1996,'Danificado',NOW(),NOW(),35,5),
('2003-03-01','perdido',1996,'Parcialmente danificado',NOW(),NOW(),35,2),
('2023-04-23','guardados',2020,'Boas condições',NOW(),NOW(),36,4),
('2021-07-01','perdido',2020,'Boas condições',NOW(),NOW(),36,8),
('2024-03-10','perdido',2020,'Danificado',NOW(),NOW(),36,9),
('2022-06-13','não alocavel',2020,'Novo',NOW(),NOW(),36,9),
('2025-01-03','guardados',2020,'Novo',NOW(),NOW(),36,2),
('2020-03-05','não alocavel',1983,'Boas condições',NOW(),NOW(),37,3),
('1997-09-19','perdido',1983,'Novo',NOW(),NOW(),37,4),
('2015-02-27','perdido',1983,'Novo',NOW(),NOW(),37,9),
('2002-12-25','alocado',1983,'Danificado',NOW(),NOW(),37,3),
('2006-01-09','perdido',1983,'Danificado',NOW(),NOW(),37,1),
('2020-03-08','guardados',2015,'Novo',NOW(),NOW(),38,7),
('2017-11-08','alocado',2015,'Boas condições',NOW(),NOW(),38,2),
('2015-07-05','perdido',2015,'Parcialmente danificado',NOW(),NOW(),38,2),
('2021-01-25','alocado',2015,'Novo',NOW(),NOW(),38,8),
('2015-05-10','guardados',2015,'Danificado',NOW(),NOW(),38,3),
('2022-05-09','perdido',1988,'Parcialmente danificado',NOW(),NOW(),39,7),
('2008-02-13','perdido',1988,'Danificado',NOW(),NOW(),39,2),
('2018-08-16','não alocavel',1988,'Parcialmente danificado',NOW(),NOW(),39,2),
('1996-01-03','perdido',1988,'Boas condições',NOW(),NOW(),39,4),
('2025-06-12','alocado',1988,'Novo',NOW(),NOW(),39,5),
('2024-02-09','perdido',2009,'Danificado',NOW(),NOW(),40,4),
('2014-07-21','perdido',2009,'Parcialmente danificado',NOW(),NOW(),40,3),
('2015-03-09','não alocavel',2009,'Novo',NOW(),NOW(),40,1),
('2023-10-23','perdido',2009,'Novo',NOW(),NOW(),40,4),
('2013-08-16','alocado',2009,'Novo',NOW(),NOW(),40,1),
('2021-05-29','alocado',2008,'Boas condições',NOW(),NOW(),41,1),
('2017-01-08','perdido',2008,'Boas condições',NOW(),NOW(),41,9),
('2012-11-14','alocado',2008,'Boas condições',NOW(),NOW(),41,9),
('2014-06-27','não alocavel',2008,'Parcialmente danificado',NOW(),NOW(),41,6),
('2013-04-24','guardados',2008,'Boas condições',NOW(),NOW(),41,9),
('2012-07-20','guardados',1994,'Parcialmente danificado',NOW(),NOW(),42,1),
('2018-12-22','não alocavel',1994,'Danificado',NOW(),NOW(),42,9),
('2016-03-26','alocado',1994,'Parcialmente danificado',NOW(),NOW(),42,7),
('2017-07-11','guardados',1994,'Danificado',NOW(),NOW(),42,7),
('2000-09-10','guardados',1994,'Danificado',NOW(),NOW(),42,3),
('2024-08-15','não alocavel',2014,'Boas condições',NOW(),NOW(),43,5),
('2017-03-28','perdido',2014,'Novo',NOW(),NOW(),43,9),
('2023-04-04','perdido',2014,'Boas condições',NOW(),NOW(),43,7),
('2019-06-13','guardados',2014,'Boas condições',NOW(),NOW(),43,6),
('2015-10-10','perdido',2014,'Parcialmente danificado',NOW(),NOW(),43,2),
('2018-04-10','alocado',2014,'Parcialmente danificado',NOW(),NOW(),44,7),
('2014-11-20','alocado',2014,'Boas condições',NOW(),NOW(),44,9),
('2018-11-13','perdido',2014,'Boas condições',NOW(),NOW(),44,6),
('2020-10-19','alocado',2014,'Boas condições',NOW(),NOW(),44,4),
('2016-08-19','perdido',2014,'Boas condições',NOW(),NOW(),44,4),
('2025-07-11','não alocavel',2005,'Parcialmente danificado',NOW(),NOW(),45,5),
('2013-07-16','perdido',2005,'Parcialmente danificado',NOW(),NOW(),45,5),
('2010-11-13','guardados',2005,'Danificado',NOW(),NOW(),45,8),
('2007-03-19','perdido',2005,'Parcialmente danificado',NOW(),NOW(),45,4),
('2013-04-25','guardados',2005,'Danificado',NOW(),NOW(),45,1),
('2025-09-09','não alocavel',2016,'Boas condições',NOW(),NOW(),46,1),
('2018-12-04','perdido',2016,'Parcialmente danificado',NOW(),NOW(),46,3),
('2018-03-14','guardados',2016,'Boas condições',NOW(),NOW(),46,7),
('2022-05-22','não alocavel',2016,'Danificado',NOW(),NOW(),46,9),
('2023-05-05','guardados',2016,'Parcialmente danificado',NOW(),NOW(),46,8),
('2025-02-23','perdido',2021,'Danificado',NOW(),NOW(),47,3),
('2025-02-09','guardados',2021,'Boas condições',NOW(),NOW(),47,3),
('2025-01-15','perdido',2021,'Boas condições',NOW(),NOW(),47,9),
('2024-08-07','alocado',2021,'Novo',NOW(),NOW(),47,2),
('2025-08-03','alocado',2021,'Novo',NOW(),NOW(),47,7),
('2025-10-17','não alocavel',1988,'Novo',NOW(),NOW(),48,3),
('1988-05-29','não alocavel',1988,'Danificado',NOW(),NOW(),48,6),
('1990-09-17','perdido',1988,'Danificado',NOW(),NOW(),48,1),
('1988-04-18','perdido',1988,'Novo',NOW(),NOW(),48,1),
('2011-09-30','guardados',1988,'Parcialmente danificado',NOW(),NOW(),48,1),
('2021-08-28','não alocavel',2012,'Novo',NOW(),NOW(),49,2),
('2023-10-05','não alocavel',2012,'Boas condições',NOW(),NOW(),49,4),
('2025-11-25','guardados',2012,'Parcialmente danificado',NOW(),NOW(),49,5),
('2020-11-25','alocado',2012,'Parcialmente danificado',NOW(),NOW(),49,7),
('2022-04-18','não alocavel',2012,'Boas condições',NOW(),NOW(),49,5),
('2023-06-15','alocado',2023,'Novo',NOW(),NOW(),50,7),
('2025-02-15','perdido',2023,'Danificado',NOW(),NOW(),50,1),
('2023-01-20','não alocavel',2023,'Novo',NOW(),NOW(),50,8),
('2025-06-07','guardados',2023,'Novo',NOW(),NOW(),50,9),
('2023-03-29','não alocavel',2023,'Boas condições',NOW(),NOW(),50,8),
('2018-03-10', 'guardados', 2015, 'Boas condições', NOW(), NOW(), 51, 1),
('2019-04-15', 'guardados', 2016, 'Boas condições', NOW(), NOW(), 51, 2),
('2020-05-20', 'alocado', 2017, 'Parcialmente danificado', NOW(), NOW(), 51, 3),
('2021-06-25', 'guardados', 2018, 'Boas condições', NOW(), NOW(), 51, 1),
('2022-07-30', 'guardados', 2019, 'Novo', NOW(), NOW(), 51, 2),
('2017-08-05', 'alocado', 2014, 'Parcialmente danificado', NOW(), NOW(), 52, 3),
('2018-09-10', 'guardados', 2015, 'Boas condições', NOW(), NOW(), 52, 1),
('2019-10-15', 'guardados', 2016, 'Boas condições', NOW(), NOW(), 52, 2),
('2020-11-20', 'guardados', 2017, 'Boas condições', NOW(), NOW(), 52, 3),
('2021-12-25', 'guardados', 2018, 'Novo', NOW(), NOW(), 52, 1),
('2019-01-10', 'guardados', 2017, 'Boas condições', NOW(), NOW(), 53, 2),
('2020-02-14', 'alocado', 2018, 'Parcialmente danificado', NOW(), NOW(), 53, 3),
('2021-03-18', 'guardados', 2019, 'Boas condições', NOW(), NOW(), 53, 1),
('2022-04-22', 'guardados', 2020, 'Novo', NOW(), NOW(), 53, 2),
('2023-05-26', 'guardados', 2021, 'Novo', NOW(), NOW(), 53, 3),
('2018-06-30', 'guardados', 2015, 'Boas condições', NOW(), NOW(), 54, 1),
('2019-07-04', 'guardados', 2016, 'Boas condições', NOW(), NOW(), 54, 2),
('2020-08-08', 'alocado', 2017, 'Parcialmente danificado', NOW(), NOW(), 54, 3),
('2021-09-12', 'guardados', 2018, 'Boas condições', NOW(), NOW(), 54, 1),
('2022-10-16', 'guardados', 2019, 'Novo', NOW(), NOW(), 54, 2),
('2017-11-20', 'alocado', 2014, 'Parcialmente danificado', NOW(), NOW(), 55, 3),
('2018-12-24', 'guardados', 2015, 'Boas condições', NOW(), NOW(), 55, 1),
('2019-01-28', 'guardados', 2016, 'Boas condições', NOW(), NOW(), 55, 2),
('2020-02-01', 'guardados', 2017, 'Boas condições', NOW(), NOW(), 55, 3),
('2021-03-07', 'guardados', 2018, 'Novo', NOW(), NOW(), 55, 1),
('2022-04-11', 'guardados', 2019, 'Novo', NOW(), NOW(), 55, 2),
('2023-05-15', 'guardados', 2020, 'Novo', NOW(), NOW(), 56, 3),
('2018-06-19', 'guardados', 2015, 'Boas condições', NOW(), NOW(), 56, 1),
('2019-07-23', 'guardados', 2016, 'Boas condições', NOW(), NOW(), 56, 2),
('2020-08-27', 'alocado', 2017, 'Parcialmente danificado', NOW(), NOW(), 56, 3),
('2021-09-30', 'guardados', 2018, 'Boas condições', NOW(), NOW(), 56, 1),
('2022-10-04', 'guardados', 2019, 'Novo', NOW(), NOW(), 56, 2),
('2017-11-08', 'alocado', 2014, 'Parcialmente danificado', NOW(), NOW(), 57, 3),
('2018-12-12', 'guardados', 2015, 'Boas condições', NOW(), NOW(), 57, 1),
('2019-01-16', 'guardados', 2016, 'Boas condições', NOW(), NOW(), 57, 2),
('2020-02-20', 'guardados', 2017, 'Boas condições', NOW(), NOW(), 57, 3),
('2021-03-24', 'guardados', 2018, 'Novo', NOW(), NOW(), 57, 1),
('2022-04-28', 'guardados', 2019, 'Novo', NOW(), NOW(), 57, 2),
('2023-05-02', 'guardados', 2020, 'Novo', NOW(), NOW(), 58, 3),
('2018-06-06', 'guardados', 2015, 'Boas condições', NOW(), NOW(), 58, 1),
('2019-07-10', 'guardados', 2016, 'Boas condições', NOW(), NOW(), 58, 2),
('2020-08-14', 'alocado', 2017, 'Parcialmente danificado', NOW(), NOW(), 58, 3),
('2021-09-18', 'guardados', 2018, 'Boas condições', NOW(), NOW(), 58, 1),
('2022-10-22', 'guardados', 2019, 'Novo', NOW(), NOW(), 58, 2),
('2017-11-26', 'alocado', 2014, 'Parcialmente danificado', NOW(), NOW(), 59, 3),
('2018-12-30', 'guardados', 2015, 'Boas condições', NOW(), NOW(), 59, 1),
('2019-01-03', 'guardados', 2016, 'Boas condições', NOW(), NOW(), 59, 2),
('2020-02-07', 'guardados', 2017, 'Boas condições', NOW(), NOW(), 59, 3),
('2021-03-11', 'guardados', 2018, 'Novo', NOW(), NOW(), 59, 1),
('2022-04-15', 'guardados', 2019, 'Novo', NOW(), NOW(), 59, 2),
('2023-05-19', 'guardados', 2020, 'Novo', NOW(), NOW(), 60, 3),
('2018-06-23', 'guardados', 2015, 'Boas condições', NOW(), NOW(), 60, 1),
('2019-07-27', 'guardados', 2016, 'Boas condições', NOW(), NOW(), 60, 2),
('2020-08-31', 'alocado', 2017, 'Parcialmente danificado', NOW(), NOW(), 60, 3),
('2021-09-04', 'guardados', 2018, 'Boas condições', NOW(), NOW(), 60, 1),
('2022-10-08', 'guardados', 2019, 'Novo', NOW(), NOW(), 60, 2),
('2017-11-12', 'alocado', 2014, 'Parcialmente danificado', NOW(), NOW(), 61, 3),
('2018-12-16', 'guardados', 2015, 'Boas condições', NOW(), NOW(), 61, 1),
('2019-01-20', 'guardados', 2016, 'Boas condições', NOW(), NOW(), 61, 2),
('2020-02-24', 'guardados', 2017, 'Boas condições', NOW(), NOW(), 61, 3),
('2021-03-30', 'guardados', 2018, 'Novo', NOW(), NOW(), 61, 1),
('2022-04-03', 'guardados', 2019, 'Novo', NOW(), NOW(), 61, 2),
('2023-05-07', 'guardados', 2020, 'Novo', NOW(), NOW(), 62, 3),
('2018-06-11', 'guardados', 2015, 'Boas condições', NOW(), NOW(), 62, 1),
('2019-07-15', 'guardados', 2016, 'Boas condições', NOW(), NOW(), 62, 2),
('2020-08-19', 'alocado', 2017, 'Parcialmente danificado', NOW(), NOW(), 62, 3),
('2021-09-23', 'guardados', 2018, 'Boas condições', NOW(), NOW(), 62, 1),
('2022-10-27', 'guardados', 2019, 'Novo', NOW(), NOW(), 62, 2),
('2017-11-01', 'alocado', 2014, 'Parcialmente danificado', NOW(), NOW(), 63, 3),
('2018-12-05', 'guardados', 2015, 'Boas condições', NOW(), NOW(), 63, 1),
('2019-01-09', 'guardados', 2016, 'Boas condições', NOW(), NOW(), 63, 2),
('2020-02-13', 'guardados', 2017, 'Boas condições', NOW(), NOW(), 63, 3),
('2021-03-17', 'guardados', 2018, 'Novo', NOW(), NOW(), 63, 1),
('2022-04-21', 'guardados', 2019, 'Novo', NOW(), NOW(), 63, 2),
('2023-05-25', 'guardados', 2020, 'Novo', NOW(), NOW(), 64, 3),
('2018-06-29', 'guardados', 2015, 'Boas condições', NOW(), NOW(), 64, 1),
('2019-07-03', 'guardados', 2016, 'Boas condições', NOW(), NOW(), 64, 2),
('2020-08-07', 'alocado', 2017, 'Parcialmente danificado', NOW(), NOW(), 64, 3),
('2021-09-11', 'guardados', 2018, 'Boas condições', NOW(), NOW(), 64, 1),
('2022-10-15', 'guardados', 2019, 'Novo', NOW(), NOW(), 64, 2),
('2017-11-19', 'alocado', 2014, 'Parcialmente danificado', NOW(), NOW(), 65, 3),
('2018-12-23', 'guardados', 2015, 'Boas condições', NOW(), NOW(), 65, 1),
('2019-01-27', 'guardados', 2016, 'Boas condições', NOW(), NOW(), 65, 2),
('2020-02-01', 'guardados', 2017, 'Boas condições', NOW(), NOW(), 65, 3),
('2021-03-07', 'guardados', 2018, 'Novo', NOW(), NOW(), 65, 1),
('2022-04-11', 'guardados', 2019, 'Novo', NOW(), NOW(), 65, 2),
('2023-05-15', 'guardados', 2020, 'Novo', NOW(), NOW(), 66, 3),
('2018-06-19', 'guardados', 2015, 'Boas condições', NOW(), NOW(), 66, 1),
('2019-07-23', 'guardados', 2016, 'Boas condições', NOW(), NOW(), 66, 2),
('2020-08-27', 'alocado', 2017, 'Parcialmente danificado', NOW(), NOW(), 66, 3),
('2021-09-30', 'guardados', 2018, 'Boas condições', NOW(), NOW(), 66, 1),
('2022-10-04', 'guardados', 2019, 'Novo', NOW(), NOW(), 66, 2),
('2017-11-08', 'alocado', 2014, 'Parcialmente danificado', NOW(), NOW(), 67, 3),
('2018-12-12', 'guardados', 2015, 'Boas condições', NOW(), NOW(), 67, 1),
('2019-01-16', 'guardados', 2016, 'Boas condições', NOW(), NOW(), 67, 2),
('2020-02-20', 'guardados', 2017, 'Boas condições', NOW(), NOW(), 67, 3),
('2021-03-24', 'guardados', 2018, 'Novo', NOW(), NOW(), 67, 1),
('2022-04-28', 'guardados', 2019, 'Novo', NOW(), NOW(), 67, 2),
('2023-05-02', 'guardados', 2020, 'Novo', NOW(), NOW(), 68, 3),
('2018-06-06', 'guardados', 2015, 'Boas condições', NOW(), NOW(), 68, 1),
('2019-07-10', 'guardados', 2016, 'Boas condições', NOW(), NOW(), 68, 2),
('2020-08-14', 'alocado', 2017, 'Parcialmente danificado', NOW(), NOW(), 68, 3),
('2021-09-18', 'guardados', 2018, 'Boas condições', NOW(), NOW(), 68, 1),
('2022-10-22', 'guardados', 2019, 'Novo', NOW(), NOW(), 68, 2),
('2017-11-26', 'alocado', 2014, 'Parcialmente danificado', NOW(), NOW(), 69, 3),
('2018-12-30', 'guardados', 2015, 'Boas condições', NOW(), NOW(), 69, 1),
('2019-01-03', 'guardados', 2016, 'Boas condições', NOW(), NOW(), 69, 2),
('2020-02-07', 'guardados', 2017, 'Boas condições', NOW(), NOW(), 69, 3),
('2021-03-11', 'guardados', 2018, 'Novo', NOW(), NOW(), 69, 1),
('2022-04-15', 'guardados', 2019, 'Novo', NOW(), NOW(), 69, 2),
('2023-05-19', 'guardados', 2020, 'Novo', NOW(), NOW(), 70, 3),
('2018-06-23', 'guardados', 2015, 'Boas condições', NOW(), NOW(), 70, 1),
('2019-07-27', 'guardados', 2016, 'Boas condições', NOW(), NOW(), 70, 2),
('2020-08-31', 'alocado', 2017, 'Parcialmente danificado', NOW(), NOW(), 70, 3),
('2021-09-04', 'guardados', 2018, 'Boas condições', NOW(), NOW(), 70, 1),
('2022-10-08', 'guardados', 2019, 'Novo', NOW(), NOW(), 70, 2),
('2017-11-12', 'alocado', 2014, 'Parcialmente danificado', NOW(), NOW(), 71, 3),
('2018-12-16', 'guardados', 2015, 'Boas condições', NOW(), NOW(), 71, 1),
('2019-01-20', 'guardados', 2016, 'Boas condições', NOW(), NOW(), 71, 2),
('2020-02-24', 'guardados', 2017, 'Boas condições', NOW(), NOW(), 71, 3),
('2021-03-30', 'guardados', 2018, 'Novo', NOW(), NOW(), 71, 1),
('2022-04-03', 'guardados', 2019, 'Novo', NOW(), NOW(), 71, 2),
('2023-05-07', 'guardados', 2020, 'Novo', NOW(), NOW(), 72, 3),
('2018-06-11', 'guardados', 2015, 'Boas condições', NOW(), NOW(), 72, 1),
('2019-07-15', 'guardados', 2016, 'Boas condições', NOW(), NOW(), 72, 2),
('2020-08-19', 'alocado', 2017, 'Parcialmente danificado', NOW(), NOW(), 72, 3),
('2021-09-23', 'guardados', 2018, 'Boas condições', NOW(), NOW(), 72, 1),
('2022-10-27', 'guardados', 2019, 'Novo', NOW(), NOW(), 72, 2),
('2017-11-01', 'alocado', 2014, 'Parcialmente danificado', NOW(), NOW(), 73, 3),
('2018-12-05', 'guardados', 2015, 'Boas condições', NOW(), NOW(), 73, 1),
('2019-01-09', 'guardados', 2016, 'Boas condições', NOW(), NOW(), 73, 2),
('2020-02-13', 'guardados', 2017, 'Boas condições', NOW(), NOW(), 73, 3),
('2021-03-17', 'guardados', 2018, 'Novo', NOW(), NOW(), 73, 1),
('2022-04-21', 'guardados', 2019, 'Novo', NOW(), NOW(), 73, 2),
('2023-05-25', 'guardados', 2020, 'Novo', NOW(), NOW(), 74, 3),
('2018-06-29', 'guardados', 2015, 'Boas condições', NOW(), NOW(), 74, 1),
('2019-07-03', 'guardados', 2016, 'Boas condições', NOW(), NOW(), 74, 2),
('2020-08-07', 'alocado', 2017, 'Parcialmente danificado', NOW(), NOW(), 74, 3),
('2021-09-11', 'guardados', 2018, 'Boas condições', NOW(), NOW(), 74, 1),
('2022-10-15', 'guardados', 2019, 'Novo', NOW(), NOW(), 74, 2),
('2017-11-19', 'alocado', 2014, 'Parcialmente danificado', NOW(), NOW(), 75, 3),
('2018-12-23', 'guardados', 2015, 'Boas condições', NOW(), NOW(), 75, 1),
('2019-01-27', 'guardados', 2016, 'Boas condições', NOW(), NOW(), 75, 2),
('2020-02-01', 'guardados', 2017, 'Boas condições', NOW(), NOW(), 75, 3),
('2021-03-07', 'guardados', 2018, 'Novo', NOW(), NOW(), 75, 1),
('2022-04-11', 'guardados', 2019, 'Novo', NOW(), NOW(), 75, 2),
('2023-05-15', 'guardados', 2020, 'Novo', NOW(), NOW(), 76, 3),
('2018-06-19', 'guardados', 2015, 'Boas condições', NOW(), NOW(), 76, 1),
('2019-07-23', 'guardados', 2016, 'Boas condições', NOW(), NOW(), 76, 2),
('2020-08-27', 'alocado', 2017, 'Parcialmente danificado', NOW(), NOW(), 76, 3),
('2021-09-30', 'guardados', 2018, 'Boas condições', NOW(), NOW(), 76, 1),
('2022-10-04', 'guardados', 2019, 'Novo', NOW(), NOW(), 76, 2),
('2017-11-08', 'alocado', 2014, 'Parcialmente danificado', NOW(), NOW(), 77, 3),
('2018-12-12', 'guardados', 2015, 'Boas condições', NOW(), NOW(), 77, 1),
('2019-01-16', 'guardados', 2016, 'Boas condições', NOW(), NOW(), 77, 2),
('2020-02-20', 'guardados', 2017, 'Boas condições', NOW(), NOW(), 77, 3),
('2021-03-24', 'guardados', 2018, 'Novo', NOW(), NOW(), 77, 1),
('2022-04-28', 'guardados', 2019, 'Novo', NOW(), NOW(), 77, 2),
('2023-05-02', 'guardados', 2020, 'Novo', NOW(), NOW(), 78, 3);

INSERT INTO `library_db`.`volumes_rentals` (`volume_id`, `rental_id`) VALUES
(1, 1),
(2, 2),
(3, 3),
(4, 4),
(5, 5),
(6, 6),
(7, 7),
(8, 8),
(9, 9),
(10, 10);
